gene,name,position,wt_aa,mut_aa,label,variant_id,frob_dist,trace_ratio,sps_log,ll_proper,ll_rank_norm,frob_rank_norm,pair_rank_fixed_055,esm1v_ll_mean_norm,augmented_pair_fixed_055,reference_pair_norm,clinical_rescue_margin,covariance_only_gain,pair_repair,frob_repair,ll_repair,context_signature,validation_role,structure_support,site_plddt,window_plddt_mean,site_contact_count,site_long_range_contact_count,gallery_source,focus_role,delta_pair_vs_ll,delta_augmented_vs_esm1v,best_available_cross_model_delta,uniprot_accession,resolved_residue_number,resolved_wt_aa,exact_residue_found,window_size_resolved,window_contact_mean,window_contact_max,window_confident_fraction,cohort,prott5_pair_fixed_055,prott5_frob_dist,prott5_mut_token_shift,prott5_control_pair_fixed_055,prott5_control_frob_dist,prott5_pair_advantage,prott5_frob_advantage,alpha_positive_fraction,alpha_margin_median,alpha_margin_max,alpha_margin_min,alpha_stability_interval,clinical_margin_signal,pair_repair_signal,structure_signal,prott5_signal,gene_generality_signal,alpha_signal,reviewer_grip_score,has_strong_structure,has_prott5_support,has_alpha_stability,has_repair_signal,positive_focus_gene,counterexample_gene
GRIN2A,NM_001134407.3(GRIN2A):c.236C>G (p.Pro79Arg),78,P,R,1,GRIN2A:P78R,612.7330341445819,0.0236986255929732,0.178577725030344,8.99511742964387,,,0.6780966743421782,,,,,,0.2280966743421782,1.0,-0.7153407236840486,,candidate_positive_reference_extension,,88.62,82.35634146341464,3.0,1.0,block2_repair_exemplar,,,,,Q12879,79.0,P,1.0,41.0,5.902439024390244,10.0,0.8780487804878049,repair_exemplar,0.1141692621407302,96969.14722804575,3.958754062652588,0.0102796864144322,57176.61116911054,0.103889575726298,39792.53605893521,,,,,,,0.5268885982304174,0.5121951219512195,1.0,,,1.7324644249907295,False,True,False,True,False,False
COL2A1,NM_001844.5(COL2A1):c.4171T>C (p.Tyr1391His),1390,Y,H,1,COL2A1:Y1390H,3009.529902697118,0.1405374218781961,3.332989516497967,4.602539241313934,,,0.601139863812965,,,,,,0.151139863812965,0.9255365966618682,-0.7953450318912502,,candidate_positive_reference_extension,,97.62,94.55780487804878,9.0,8.0,block2_repair_exemplar,,,,,P02458,1391.0,Y,1.0,41.0,6.487804878048781,12.0,1.0,repair_exemplar,0.0638448526469629,82361.89554788808,3.65061354637146,0.2397129701635569,101747.98019329851,-0.17586811751659398,-19386.084645410432,,,,,,,0.2592619313876312,0.8260869565217391,0.404071508561279,,,-0.30101527984230225,True,False,False,True,False,False
BRCA1,NM_007294.4(BRCA1):c.5212G>A (p.Gly1738Arg),1737,G,R,1,BRCA1:G1737R,516.0867053720903,0.0118155907103101,0.1042926313976472,11.296874707448296,,,0.7252937265059436,0.2676191469680016,0.6208834878596271,,0.3532643408916255,,0.3641412058334302,0.8835960699972717,-0.2707480725890431,,candidate_positive_existing_aug,,94.69,93.81073170731707,12.0,4.0,block2_repair_exemplar,counterexample,-0.0244520129246353,0.00857567024714,0.00857567024714,P38398,1738.0,G,1.0,41.0,7.268292682926829,12.0,1.0,repair_exemplar,0.0619023045046129,54971.05501659316,3.903031587600708,0.0414777680931477,66831.51307310753,0.020424536411465195,-11860.45805651437,,,,,,0.7930301483340481,1.0,0.9565217391304348,0.8222061585145501,0.0,,3.8331688107335338,True,True,False,True,False,True
KMT2A,NM_001197104.2(KMT2A):c.3472T>C (p.Cys1158Arg),1157,C,R,1,KMT2A:C1157R,1584.8742004719263,0.0748066594366863,0.4461327362762672,10.600097742659273,,,0.5636094743442898,,,,,,0.1136094743442897,0.8180940269384371,-0.7474272010485571,,candidate_positive_reference_extension,,,,,,block2_repair_exemplar,,,,,Q03164,,,,,,,,,0.5690693226578596,169048.27250977757,7.334908962249756,0.5631460323379748,158130.5936568059,0.005923290319884811,10917.678852971672,,,,,,,0.1287454381787505,0.0,0.7913161922470837,,,-1.8309893887622066,False,False,False,True,False,False
BRCA2,NM_000059.4(BRCA2):c.9374T>A (p.Leu3125His),3124,L,H,1,BRCA2:L3124H,1156.6963474780152,0.0230345098275432,0.1124431838964213,10.54687455110252,,,0.8014474918344139,0.5453865158012261,0.7656569843258763,,0.2202704685246501,,0.2606414738578729,0.7807764258886974,-0.3750790230686904,,candidate_positive_existing_aug,,,,,,block2_repair_exemplar,positive_focus,0.0507168458781361,0.056594982078853,0.056594982078853,P51587,,,,,,,,,0.1832745791194447,100950.54385689089,4.540292263031006,0.5488334309511019,328858.1497151842,-0.36555885183165726,-227907.6058582933,,,,,,0.13394111644620701,0.6400670961119764,0.0,0.0,0.2596793628548723,,-5.202713849066301,False,False,False,True,True,False
BRCA1,NM_007294.4(BRCA1):c.5509T>C (p.Trp1837Arg),1836,W,R,1,BRCA1:W1836R,1449.8479979712413,0.0612653885618416,0.2224709202454012,12.07275390648283,,,0.7638800884489226,0.175495001576826,0.4943783930653956,,0.3188833914885696,,0.2842496311042579,0.5791829971598886,-0.076224482963735,,candidate_positive_existing_aug,,96.69,89.23756097560977,7.0,0.0,block2_repair_exemplar,counterexample,-0.0244520129246353,0.00857567024714,0.00857567024714,P38398,1837.0,W,1.0,41.0,7.365853658536586,11.0,0.951219512195122,repair_exemplar,0.4024543116670009,163985.8595588012,5.888103485107422,0.5371613981981519,236191.8996480708,-0.134707086531151,-72206.0400892696,,,,,,0.6226455565167799,0.7221673337738787,0.7179215270413575,0.4917510673140059,0.0,,0.34939956519055837,True,False,False,True,False,True
TSC2,NM_000548.5(TSC2):c.4645T>C (p.Tyr1549His),1548,Y,H,1,TSC2:Y1548H,3137.222454574795,0.1073496293590334,1.6854834351810737,4.191406190395355,,,0.682994305699628,,,,,,0.0765883567953316,0.5675285657517837,-0.5234496763736656,,candidate_positive_reference_extension,,94.56,87.80243902439025,10.0,6.0,block2_repair_exemplar,positive_focus,0.132729736388273,,0.132729736388273,P49815,1549.0,Y,1.0,41.0,6.048780487804878,13.0,1.0,repair_exemplar,0.0400960413878597,70586.63493876897,3.5532963275909424,0.1523897777369261,117979.37268610648,-0.1122937363490664,-47392.73774733751,,,,,,,0.0,0.8695652173913043,0.5394950768076101,0.6714017248801749,,-0.2712769009890177,True,False,False,False,True,False
TSC2,NM_000548.5(TSC2):c.4692T>G (p.Asn1564Lys),1563,N,K,1,TSC2:N1563K,979.586311814272,0.0807993694663985,1.2271950544901329,3.3146971464157104,0.2790055248618784,0.9972375690607734,0.6740331491712708,,,,0.3950276243093923,0.3950276243093923,,,,unannotated,,not_available_or_weak,89.38,88.99073170731708,10.0,2.0,block5_clinical_shortlist,positive_focus,0.132729736388273,,0.132729736388273,P49815,1564.0,N,1.0,41.0,6.487804878048781,13.0,1.0,,0.1263305706143254,65866.98086850559,4.374431133270264,0.1523897777369261,117979.37268610648,-0.026059207122600708,-52112.39181760089,1.0,0.35911602209944754,0.6464088397790055,0.07182320441988949,0.10-0.90,1.0,,0.8695652173913043,0.7231883733749306,0.6714017248801749,1.0,4.397047097891604,True,False,True,False,True,False
TSC2,NM_000548.5(TSC2):c.4787G>T (p.Gly1596Val),1595,G,V,1,TSC2:G1595V,740.504470082738,0.1074593523425349,1.395250428989136,3.284423917531967,0.2651933701657458,0.9723756906077348,0.6541436464088398,,,,0.388950276243094,0.388950276243094,,,,unannotated,,not_available_or_weak,80.12,81.38073170731707,5.0,1.0,block5_clinical_shortlist,positive_focus,0.132729736388273,,0.132729736388273,P49815,1596.0,G,1.0,41.0,7.170731707317073,13.0,0.8780487804878049,,,,,,,,,1.0,0.3535911602209945,0.6364640883977901,0.07071823204419891,0.10-0.90,0.96988196988197,,0.59915164369035,,0.6714017248801749,1.0,3.0542264180863814,True,False,True,False,True,False
TSC2,NM_000548.5(TSC2):c.880G>A (p.Gly294Arg),293,G,R,1,TSC2:G293R,651.8836502200214,0.2169288132681327,7.515663724465544,3.454833894968033,0.3232044198895027,0.9558011049723756,0.671132596685083,,,,0.3479281767955802,0.3479281767955802,,,,unannotated,,not_available_or_weak,90.88,85.86951219512196,13.0,5.0,block5_clinical_shortlist,positive_focus,0.132729736388273,,0.132729736388273,P49815,294.0,G,1.0,41.0,7.560975609756097,12.0,1.0,,,,,,,,,1.0,0.31629834254143646,0.5693370165745855,0.06325966850828729,0.10-0.90,0.7665852665852668,,1.0,,0.6714017248801749,1.0,3.392249824680384,True,False,True,False,True,False
ANKRD11,NM_013275.6(ANKRD11):c.7688T>A (p.Val2563Asp),2562,V,D,1,ANKRD11:V2562D,526.4993642845113,0.2153320021359243,14.52333899823974,3.6010740995407104,0.3598484848484848,0.9848484848484848,0.703598484848485,,,,0.3437500000000001,0.3437500000000001,,,,unannotated,,not_available_or_weak,62.25,59.26317073170732,4.0,0.0,block5_clinical_shortlist,positive_focus,0.193493375311557,,0.193493375311557,Q6UB99,2563.0,V,1.0,41.0,5.7073170731707314,8.0,0.2926829268292683,likelihood_reference,,,,,,,,1.0,0.31249999999999994,0.5625,0.06250000000000006,0.10-0.90,0.7458791208791213,,0.30116648992576883,,1.0,1.0,1.9679079185768722,False,False,True,False,True,False
ANKRD11,NM_013275.6(ANKRD11):c.7684G>A (p.Glu2562Lys),2561,E,K,1,ANKRD11:E2561K,870.9126359228657,0.5294490920252932,13.225977848431883,3.71728515625,0.3901515151515151,0.9962121212121212,0.7234848484848485,,,,0.3333333333333333,0.3333333333333333,,,,unannotated,,not_available_or_weak,61.72,59.20975609756096,3.0,0.0,block5_clinical_shortlist,positive_focus,0.193493375311557,,0.193493375311557,Q6UB99,2562.0,E,1.0,41.0,5.7073170731707314,8.0,0.2926829268292683,likelihood_reference,0.1211782913860919,58024.71622992773,4.405414581298828,0.1844870762953948,61346.31817001045,-0.06330878490930289,-3321.6019400827136,1.0,0.30303030303030304,0.5454545454545454,0.06060606060606061,0.10-0.90,0.6942563609230273,,0.2576882290562036,0.6438408335813212,1.0,1.0,1.7712663567979174,False,False,True,False,True,False
BRCA2,NM_000059.4(BRCA2):c.9371A>T (p.Asn3124Ile),3123,N,I,1,BRCA2:N3123I,997.4131583395392,0.1068167239877103,4.435909886075564,5.366699263453484,0.917933130699088,0.9954407294832828,0.9605623100303952,0.3407927300769344,0.6558017720286113,0.664612970462111,0.3150090419516769,0.0426291793313071,,,,unannotated,,not_available_or_weak,,,,,block5_clinical_shortlist,positive_focus,0.0507168458781361,0.056594982078853,0.056594982078853,P51587,,,,,,,,,,,,,,,,0.35294117647058826,0.03875379939209733,0.06975683890577533,0.007750759878419555,0.65-0.90,0.6034451133683946,,0.0,,0.2596793628548723,0.35294117647058826,-2.4918117250108613,False,False,False,False,True,False
ANKRD11,NM_013275.6(ANKRD11):c.2006A>C (p.Asp669Ala),668,D,A,1,ANKRD11:D668A,233.79409581919992,0.0240760430945823,0.3348878230679011,3.609863519668579,0.3636363636363636,0.9242424242424242,0.6719696969696969,,,,0.3083333333333332,0.3083333333333332,,,,unannotated,,not_available_or_weak,31.31,28.532439024390246,4.0,0.0,block5_clinical_shortlist,positive_focus,0.193493375311557,,0.193493375311557,Q6UB99,669.0,D,1.0,41.0,3.8536585365853657,4.0,0.0,,,,,,,,,1.0,0.28030303030303033,0.5045454545454546,0.05606060606060603,0.10-0.90,0.5703617370284029,,0.17391304347826086,,1.0,1.0,0.8643649655026358,False,False,True,False,True,False
BRCA2,NM_000059.4(BRCA2):c.9364G>C (p.Ala3122Pro),3121,A,P,1,BRCA2:A3121P,978.440681839352,0.0841672376135014,2.348028118025746,6.300781071186066,0.9483282674772036,0.993920972644377,0.9734042553191492,0.4089972308343877,0.6755649728892537,0.6874839565007711,0.2665677420548659,0.0250759878419454,,,,unannotated,,not_available_or_weak,,,,,block5_clinical_shortlist,positive_focus,0.0507168458781361,0.056594982078853,0.056594982078853,P51587,,,,,,,,,,,,,,,,0.0,0.0227963525835867,0.04103343465045606,0.004559270516717451,,0.36338044810111136,,0.0,,0.2596793628548723,0.0,-4.2269966230595735,False,False,False,False,True,False
CREBBP,NM_004380.3(CREBBP):c.4022G>C (p.Arg1341Pro),1340,R,P,1,CREBBP:R1340P,304.97338209640765,0.0734796082986313,0.4234772699371468,4.111328214406967,0.5202702702702703,0.9695945945945946,0.7673986486486487,,,,0.2471283783783784,0.2471283783783784,,,,unannotated,,not_available_or_weak,98.5,95.84536585365854,11.0,3.0,block5_clinical_shortlist,positive_focus,0.1050703682282629,,0.1050703682282629,Q92793,1341.0,R,1.0,41.0,7.170731707317073,11.0,1.0,,,,,,,,,0.9411764705882353,0.22466216216216217,0.40439189189189184,0.0449324324324325,0.15-0.90,0.26704314204314217,,0.9130434782608695,,0.5218250894229328,0.9411764705882353,0.611103884791707,True,False,True,False,True,False
CREBBP,NM_004380.3(CREBBP):c.5060C>T (p.Ser1687Phe),1686,S,F,1,CREBBP:S1686F,248.60667064220016,0.0350497707096311,0.8322493869033765,3.996093839406967,0.4966216216216216,0.918918918918919,0.7288851351351352,,,,0.2322635135135136,0.2322635135135136,,,,unannotated,,not_available_or_weak,98.19,84.45365853658537,12.0,0.0,block5_clinical_shortlist,positive_focus,0.1050703682282629,,0.1050703682282629,Q92793,1687.0,S,1.0,41.0,7.219512195121951,12.0,0.7804878048780488,,,,,,,,,0.9411764705882353,0.21114864864864868,0.38006756756756765,0.042229729729729715,0.15-0.90,0.19337606837606888,,0.8610816542948038,,0.5218250894229328,0.9411764705882353,0.15220097786264603,True,False,True,False,True,False
CREBBP,NM_004380.3(CREBBP):c.4133G>C (p.Arg1378Pro),1377,R,P,1,CREBBP:R1377P,221.45379208242647,0.0297652152668756,0.1722769866499705,4.129882961511612,0.5236486486486487,0.875,0.716891891891892,,,,0.1932432432432432,0.1932432432432432,,,,unannotated,,not_available_or_weak,89.38,95.62756097560975,8.0,0.0,block5_clinical_shortlist,positive_focus,0.1050703682282629,,0.1050703682282629,Q92793,1378.0,R,1.0,41.0,7.853658536585366,12.0,1.0,,,,,,,,,0.9411764705882353,0.17567567567567566,0.3162162162162161,0.03513513513513511,0.15-0.90,0.0,,0.782608695652174,,0.5218250894229328,0.9411764705882353,-0.8816501374076793,True,False,True,False,True,False
,,244,G,S,1,TP53:G244S,52.911483979987295,0.0056222097223377,0.0562254381179585,8.987060750485398,1.0,0.0909090909090909,,,,,,,,,,unassigned,,experimental_state_matched,,,,,block10_tp53_mechanistic_anchor,,,,,,,,,,,,,,,,,,,,,0.0,-0.4545454545454546,-0.09090909090909094,-0.8181818181818182,,,,0.0,,,0.0,-2.839976341186661,False,False,False,False,False,False
,,248,R,S,1,TP53:R248S,127.9388014844375,0.0199019095855452,0.0811392446587224,7.494949812069535,0.6363636363636364,0.8181818181818182,,,,,,,,,,unassigned,,experimental_state_matched,,,,,block10_tp53_mechanistic_anchor,,,,,,,,,,,,,,,,,,,,,0.7647058823529411,0.09090909090909094,0.1636363636363637,0.018181818181818188,0.30-0.90,,,0.0,,,0.7647058823529411,-1.2389936585937125,False,False,True,False,False,False
,,271,V,M,1,TP53:V271M,80.91491625488885,0.0169608769407705,0.0769578947092376,6.209169249981642,0.4545454545454545,0.3636363636363636,,,,,,,,,,group_a_high_geometry_low_likelihood,,experimental_state_matched,,,,,block10_tp53_mechanistic_anchor,,,,,,,,,,,,,,,,,,,,,0.0,-0.045454545454545414,-0.009090909090909038,-0.08181818181818185,,,,0.0,,,0.0,-2.839976341186661,False,False,False,False,False,False
