gene,name,position,wt_aa,mut_aa,label,frob_dist,trace_ratio,sps_log,ll_proper,model_name
DMD,NM_004006.3(DMD):c.1A>T (p.Met1Leu),0,M,L,1,199.2142663922958,0.027305235105159996,0.2900211297048522,7.730224520899355,facebook/esm2_t30_150M_UR50D
DMD,NM_004006.3(DMD):c.38G>A (p.Arg13Lys),12,R,K,0,76.38328106610562,0.01080708909942433,0.05509318544354369,3.3422850370407104,facebook/esm2_t30_150M_UR50D
DMD,NM_004006.3(DMD):c.143G>A (p.Arg48Lys),47,R,K,0,45.99631431013895,0.0022267038679043448,0.029176579149478722,3.6696778535842896,facebook/esm2_t30_150M_UR50D
DMD,NM_004006.3(DMD):c.161T>G (p.Leu54Arg),53,L,R,1,198.04324647409933,0.042360230799573274,0.1982548966810733,10.878906518220901,facebook/esm2_t30_150M_UR50D
DMD,NM_004006.3(DMD):c.311A>T (p.His104Leu),103,H,L,0,249.9352554217417,0.1208033218837453,2.1430226227003613,1.4648438692092896,facebook/esm2_t30_150M_UR50D
DMD,NM_004006.3(DMD):c.323T>C (p.Leu108Pro),107,L,P,1,219.0036364684459,0.05876735585030244,0.8876427503024812,4.4418944120407104,facebook/esm2_t30_150M_UR50D
DMD,NM_004006.3(DMD):c.326G>C (p.Gly109Ala),108,G,A,0,359.78767959319777,0.17453613622534334,3.379497330397673,3.1811522245407104,facebook/esm2_t30_150M_UR50D
DMD,NM_004006.3(DMD):c.335G>T (p.Trp112Leu),111,W,L,1,257.7599335168996,0.07529527152707101,0.5670629484380758,0.68701171875,facebook/esm2_t30_150M_UR50D
DMD,NM_004006.3(DMD):c.338A>G (p.Asn113Ser),112,N,S,0,398.78659932488495,0.14348958864677203,3.778681292747737,3.203308016061783,facebook/esm2_t30_150M_UR50D
DMD,NM_004006.3(DMD):c.418C>G (p.Leu140Val),139,L,V,0,53.22049653728017,0.003828843205331763,0.06767706024935509,7.708007749635726,facebook/esm2_t30_150M_UR50D
DMD,NM_004006.3(DMD):c.434G>C (p.Arg145Pro),144,R,P,1,189.61650140023224,0.031904828661271374,0.18092333146244702,9.394531279802322,facebook/esm2_t30_150M_UR50D
DMD,NM_004006.3(DMD):c.511G>C (p.Ala171Pro),170,A,P,1,111.8520038617757,0.009501156769941392,0.08952003006259358,10.771484757307917,facebook/esm2_t30_150M_UR50D
DMD,NM_004006.3(DMD):c.662C>A (p.Thr221Asn),220,T,N,0,148.22081896452,0.03904831490086781,0.15748857565558633,3.4760741591453552,facebook/esm2_t30_150M_UR50D
DMD,NM_004006.3(DMD):c.680C>G (p.Ser227Cys),226,S,C,0,118.86530956516627,0.011127753235007113,0.09606422260368445,5.400390714406967,facebook/esm2_t30_150M_UR50D
DMD,NM_004006.3(DMD):c.691T>A (p.Tyr231Asn),230,Y,N,1,621.2223640251949,0.173968825430935,5.187826824599093,2.5792846083641052,facebook/esm2_t30_150M_UR50D
DMD,NM_004006.3(DMD):c.696C>G (p.Ile232Met),231,I,M,0,150.4686294840205,0.013357418826526739,0.0518586483633156,4.254883050918579,facebook/esm2_t30_150M_UR50D
DMD,NM_004006.3(DMD):c.724C>G (p.Gln242Glu),241,Q,E,0,85.23089115431323,0.00453726460185155,0.055406728958851986,2.8444823622703552,facebook/esm2_t30_150M_UR50D
DMD,NM_004006.3(DMD):c.769C>T (p.Pro257Ser),256,P,S,0,139.98537674757972,0.020600773666697277,0.08834067892786503,2.8064574003219604,facebook/esm2_t30_150M_UR50D
DMD,NM_004006.3(DMD):c.805C>G (p.His269Asp),268,H,D,0,160.48117376756733,0.028079055629895253,0.43167721010317783,4.103515833616257,facebook/esm2_t30_150M_UR50D
DMD,NM_004006.3(DMD):c.831G>C (p.Gln277His),276,Q,H,1,84.67434143399161,0.01305093312543737,0.11032977967008252,3.9306639432907104,facebook/esm2_t30_150M_UR50D
DMD,NM_004006.3(DMD):c.860A>C (p.Glu287Ala),286,E,A,0,91.95815892796438,0.007996935096715544,0.07635205848312124,2.81396484375,facebook/esm2_t30_150M_UR50D
DMD,NM_004006.3(DMD):c.877A>G (p.Lys293Glu),292,K,E,0,173.97082937494483,0.03042906006066103,0.3640779095505703,3.591308355331421,facebook/esm2_t30_150M_UR50D
DMD,NM_004006.3(DMD):c.923C>T (p.Thr308Ile),307,T,I,0,159.41999853569283,0.04375605596683845,0.21982377647083995,4.301269352436066,facebook/esm2_t30_150M_UR50D
DMD,NM_004006.3(DMD):c.938C>T (p.Thr313Ile),312,T,I,0,74.28546442491051,0.006891931295614136,0.06622427599436875,3.6972657442092896,facebook/esm2_t30_150M_UR50D
DMD,NM_004006.3(DMD):c.971C>A (p.Ala324Asp),323,A,D,0,94.24676810644772,0.01720844410707848,0.09579358662857913,3.3264159560203552,facebook/esm2_t30_150M_UR50D
DMD,NM_004006.3(DMD):c.970G>T (p.Ala324Ser),323,A,S,0,111.55232665661397,0.030887366010964448,0.12057533912121185,2.7458495497703552,facebook/esm2_t30_150M_UR50D
DMD,NM_004006.3(DMD):c.1004T>C (p.Met335Thr),334,M,T,0,92.72478295890643,0.0175283095179811,0.18611161449144387,2.066650390625,facebook/esm2_t30_150M_UR50D
DMD,NM_004006.3(DMD):c.1006G>A (p.Glu336Lys),335,E,K,0,96.02813650586236,0.02830831286506078,0.10027590377430907,4.043945342302322,facebook/esm2_t30_150M_UR50D
DMD,NM_004006.3(DMD):c.1022T>A (p.Leu341Gln),340,L,Q,0,160.22493968421256,0.03052543847790075,0.2548018851294762,4.368652507662773,facebook/esm2_t30_150M_UR50D
DMD,NM_004006.3(DMD):c.1028G>A (p.Arg343His),342,R,H,0,453.3749655819966,0.10737835054061749,1.3864430544158024,4.653320387005806,facebook/esm2_t30_150M_UR50D
DMD,NM_004006.3(DMD):c.1066C>T (p.Leu356Phe),355,L,F,0,175.07633477403317,0.0093742933937906,0.10822023959250583,5.478515788912773,facebook/esm2_t30_150M_UR50D
DMD,NM_004006.3(DMD):c.1097G>T (p.Gly366Val),365,G,V,0,114.3170847065842,0.008491761808627086,0.06605394233046728,6.1274413131177425,facebook/esm2_t30_150M_UR50D
DMD,NM_004006.3(DMD):c.1131C>G (p.Asp377Glu),376,D,E,0,54.60069913273921,0.00824360037187805,0.026560889141067225,2.1611328125,facebook/esm2_t30_150M_UR50D
DMD,NM_004006.3(DMD):c.1184G>A (p.Arg395Gln),394,R,Q,0,65.09606851849419,0.007952964746060531,0.06914607768633743,4.261474683880806,facebook/esm2_t30_150M_UR50D
DMD,NM_004006.3(DMD):c.1214A>C (p.Lys405Thr),404,K,T,0,66.3298020720961,0.006034466145125446,0.03712972476767913,4.0223386734724045,facebook/esm2_t30_150M_UR50D
DMD,NM_004006.3(DMD):c.1225A>T (p.Thr409Ser),408,T,S,0,40.747835962981625,0.0032655469230096473,0.024384686205681787,1.6660157442092896,facebook/esm2_t30_150M_UR50D
DMD,NM_004006.3(DMD):c.1243G>A (p.Asp415Asn),414,D,N,0,53.41229723756422,0.010298895647899002,0.0617148068036418,4.386962980031967,facebook/esm2_t30_150M_UR50D
DMD,NM_004006.3(DMD):c.1252A>T (p.Thr418Ser),417,T,S,0,45.09569394535911,0.004323255094727966,0.025345435969832426,3.1945191621780396,facebook/esm2_t30_150M_UR50D
DMD,NM_004006.3(DMD):c.1261C>G (p.Gln421Glu),420,Q,E,0,58.632232881863544,0.004152233614055008,0.043709894125770525,3.8359375,facebook/esm2_t30_150M_UR50D
DMD,NM_004006.3(DMD):c.1310C>G (p.Ala437Gly),436,A,G,1,84.11504919075524,0.015871126743153392,0.16291225398993375,5.884765833616257,facebook/esm2_t30_150M_UR50D
DMD,NM_004006.3(DMD):c.1339A>G (p.Arg447Gly),446,R,G,0,68.57337939143052,0.005992751759039102,0.0493204375462862,3.54541015625,facebook/esm2_t30_150M_UR50D
DMD,NM_004006.3(DMD):c.1351G>T (p.Asp451Tyr),450,D,Y,1,103.53457846816748,0.021813059201906182,0.30070324449426866,6.4550780057907104,facebook/esm2_t30_150M_UR50D
DMD,NM_004006.3(DMD):c.1363C>G (p.Gln455Glu),454,Q,E,0,48.43759017932777,0.00684147417641963,0.04162497233954273,3.512207016348839,facebook/esm2_t30_150M_UR50D
DMD,NM_004006.3(DMD):c.1411A>G (p.Thr471Ala),470,T,A,0,58.59262301548131,0.004994792164699772,0.04419000762315553,2.6558839082717896,facebook/esm2_t30_150M_UR50D
DMD,NM_004006.3(DMD):c.1412C>T (p.Thr471Ile),470,T,I,0,104.24450088267442,0.015434467838910105,0.15990680974593297,1.8105469942092896,facebook/esm2_t30_150M_UR50D
DMD,NM_004006.3(DMD):c.1423G>A (p.Glu475Lys),474,E,K,0,80.24979193446663,0.011778722354303257,0.07236829571508153,5.3632810562849045,facebook/esm2_t30_150M_UR50D
DMD,NM_004006.3(DMD):c.1462C>T (p.Arg488Cys),487,R,C,0,78.67744337692399,0.007787048835348642,0.2034956967991644,6.4375001192092896,facebook/esm2_t30_150M_UR50D
DMD,NM_004006.3(DMD):c.1472A>G (p.Gln491Arg),490,Q,R,0,55.43318920038955,0.0077198688002266145,0.05343741047249369,3.9143068492412567,facebook/esm2_t30_150M_UR50D
DMD,NM_004006.3(DMD):c.1477C>T (p.His493Tyr),492,H,Y,0,203.1640565047187,0.030259225719788237,0.3705815586238948,6.085449438542128,facebook/esm2_t30_150M_UR50D
DMD,NM_004006.3(DMD):c.1513G>C (p.Val505Leu),504,V,L,0,42.93999967020755,0.002959523670536875,0.03184381380707837,3.7495115995407104,facebook/esm2_t30_150M_UR50D
DMD,NM_004006.3(DMD):c.1546G>A (p.Val516Ile),515,V,I,0,34.24606583753363,0.003524986335579687,0.12042450135578749,5.03515625,facebook/esm2_t30_150M_UR50D
DMD,NM_004006.3(DMD):c.1554T>A (p.Asp518Glu),517,D,E,0,77.04813884184576,0.017859652810097857,0.1005146049589733,1.1215819120407104,facebook/esm2_t30_150M_UR50D
DMD,NM_004006.3(DMD):c.1557A>C (p.Glu519Asp),518,E,D,0,53.923002038242785,0.005353988330778181,0.05640300824571665,3.620849758386612,facebook/esm2_t30_150M_UR50D
DMD,NM_004006.3(DMD):c.1564G>A (p.Gly522Arg),521,G,R,0,105.1275553353489,0.008956285648640538,0.08980005557118084,4.261962816119194,facebook/esm2_t30_150M_UR50D
DMD,NM_004006.3(DMD):c.1568A>T (p.Asp523Val),522,D,V,0,80.99977595849167,0.010031777859162568,0.06409427388847257,3.8742673993110657,facebook/esm2_t30_150M_UR50D
DMD,NM_004006.3(DMD):c.1572C>A (p.His524Gln),523,H,Q,0,50.91856228408869,0.004194894550309291,0.04657408333292025,2.2342835664749146,facebook/esm2_t30_150M_UR50D
DMD,NM_004006.3(DMD):c.1602G>T (p.Lys534Asn),533,K,N,1,63.06829275665226,0.010362870708349665,0.046909070854351816,4.013183414936066,facebook/esm2_t30_150M_UR50D
DMD,NM_004006.3(DMD):c.1612G>A (p.Asp538Asn),537,D,N,0,65.57143350740958,0.010465369917514573,0.053454438152509096,4.897461116313934,facebook/esm2_t30_150M_UR50D
DMD,NM_004006.3(DMD):c.1647C>A (p.Asp549Glu),548,D,E,0,64.27550614250745,0.018816256088099077,0.08986576114274504,2.1660155802965164,facebook/esm2_t30_150M_UR50D
DMD,NM_004006.3(DMD):c.1666G>A (p.Asp556Asn),555,D,N,0,54.99841546326237,0.004409253665479577,0.03910878140395358,4.888672091066837,facebook/esm2_t30_150M_UR50D
DMD,NM_004006.3(DMD):c.1694C>T (p.Thr565Ile),564,T,I,0,89.82169932245189,0.010378517442968867,0.06794392986549726,4.8769530057907104,facebook/esm2_t30_150M_UR50D
DMD,NM_004006.3(DMD):c.1713T>A (p.Phe571Leu),570,F,L,0,113.72160291524014,0.009346937178461053,0.12831348678246593,3.2539063096046448,facebook/esm2_t30_150M_UR50D
DMD,NM_004006.3(DMD):c.1718C>T (p.Ala573Val),572,A,V,0,76.61486309592732,0.0043390834439735754,0.04564157271746203,3.6650390923023224,facebook/esm2_t30_150M_UR50D
DMD,NM_004006.3(DMD):c.1742C>T (p.Ala581Val),580,A,V,0,119.21668885939718,0.006177734404452581,0.06083113433530236,3.941162347793579,facebook/esm2_t30_150M_UR50D
DMD,NM_004006.3(DMD):c.1744G>T (p.Val582Leu),581,V,L,0,89.14002619985604,0.02210665928977266,0.08627666902212709,2.3457031697034836,facebook/esm2_t30_150M_UR50D
DMD,NM_004006.3(DMD):c.1776T>G (p.Asp592Glu),591,D,E,0,254.26618999530902,0.03731212463452028,0.723566888358956,4.860351771116257,facebook/esm2_t30_150M_UR50D
DMD,NM_004006.3(DMD):c.1792T>C (p.Ser598Pro),597,S,P,0,144.2359336548022,0.014119016278722422,0.26217878894709445,6.425781458616257,facebook/esm2_t30_150M_UR50D
DMD,NM_004006.3(DMD):c.1804A>G (p.Lys602Glu),601,K,E,0,145.12286089899442,0.026671741833818683,0.1228867748116214,1.8378906548023224,facebook/esm2_t30_150M_UR50D
DMD,NM_004006.3(DMD):c.1813G>A (p.Val605Ile),604,V,I,0,86.4919664748391,0.027186558985531087,0.09648256441314024,4.084960699081421,facebook/esm2_t30_150M_UR50D
DMD,NM_004006.3(DMD):c.1813G>C (p.Val605Leu),604,V,L,0,133.41803666760615,0.044275383100766834,0.3242693052390077,3.3670654296875,facebook/esm2_t30_150M_UR50D
DMD,NM_004006.3(DMD):c.1819A>C (p.Lys607Gln),606,K,Q,0,88.56551840309287,0.014358033920589238,0.11347273769320634,4.1132811307907104,facebook/esm2_t30_150M_UR50D
DMD,NM_004006.3(DMD):c.1847C>T (p.Ser616Phe),615,S,F,0,156.0360835699166,0.03273966691738551,0.23515668145720076,4.3427735567092896,facebook/esm2_t30_150M_UR50D
DMD,NM_004006.3(DMD):c.1888A>G (p.Thr630Ala),629,T,A,0,145.92661215635724,0.043495724200853264,0.46358071537911716,3.061767578125,facebook/esm2_t30_150M_UR50D
DMD,NM_004006.3(DMD):c.1897A>G (p.Asn633Asp),632,N,D,0,89.94981667825458,0.01221086428635757,0.06523208878208041,3.11962890625,facebook/esm2_t30_150M_UR50D
DMD,NM_004006.3(DMD):c.1906G>T (p.Val636Leu),635,V,L,0,99.02932455514056,0.01841740808205208,0.1344717883174161,2.4284666776657104,facebook/esm2_t30_150M_UR50D
DMD,NM_004006.3(DMD):c.1910C>T (p.Thr637Ile),636,T,I,0,328.21052471521415,0.03815389396408874,0.3789674846152507,3.548339992761612,facebook/esm2_t30_150M_UR50D
DMD,NM_004006.3(DMD):c.1946G>A (p.Arg649Gln),648,R,Q,0,273.6948516064352,0.04288625802912684,0.5211888462530969,2.3647460341453552,facebook/esm2_t30_150M_UR50D
DMD,NM_004006.3(DMD):c.1945C>T (p.Arg649Trp),648,R,W,0,430.65790925500295,0.08367968236222618,1.2281162660200768,6.869140565395355,facebook/esm2_t30_150M_UR50D
DMD,NM_004006.3(DMD):c.1949G>A (p.Cys650Tyr),649,C,Y,0,386.1697437866898,0.03133681520095898,0.39936738146189715,1.76953125,facebook/esm2_t30_150M_UR50D
DMD,NM_004006.3(DMD):c.1975G>A (p.Glu659Lys),658,E,K,0,223.94991837135245,0.01734994293426017,0.20682160314325668,3.9614256471395493,facebook/esm2_t30_150M_UR50D
DMD,NM_004006.3(DMD):c.2003C>T (p.Ala668Val),667,A,V,0,197.34591761459177,0.027317213739654334,0.1105418730605927,3.397827059030533,facebook/esm2_t30_150M_UR50D
DMD,NM_004006.3(DMD):c.2008A>T (p.Thr670Ser),669,T,S,0,133.02916497460893,0.016495264721922386,0.10068365771137931,4.275390610098839,facebook/esm2_t30_150M_UR50D
DMD,NM_004006.3(DMD):c.2060C>T (p.Thr687Met),686,T,M,0,184.8904682161529,0.015751211494180885,0.21199596288870565,6.258789017796516,facebook/esm2_t30_150M_UR50D
DMD,NM_004006.3(DMD):c.2080A>T (p.Ile694Phe),693,I,F,0,111.12344341631368,0.007281454930034496,0.36869186404803694,4.876953303813934,facebook/esm2_t30_150M_UR50D
DMD,NM_004006.3(DMD):c.2098C>G (p.Gln700Glu),699,Q,E,0,130.86863870127146,0.011678588903371348,0.08171035460027312,2.6030274033546448,facebook/esm2_t30_150M_UR50D
DMD,NM_004006.3(DMD):c.2119C>G (p.Pro707Ala),706,P,A,0,181.11144455575126,0.03484748985139571,0.22153993870015706,5.096679508686066,facebook/esm2_t30_150M_UR50D
DMD,NM_004006.3(DMD):c.2143A>T (p.Thr715Ser),714,T,S,0,140.3115574755231,0.03526211332032044,0.18901061524266408,3.2338867485523224,facebook/esm2_t30_150M_UR50D
DMD,NM_004006.3(DMD):c.2157A>T (p.Glu719Asp),718,E,D,0,68.99124154995226,0.010101853840431545,0.0634256371970073,3.784240871667862,facebook/esm2_t30_150M_UR50D
DMD,NM_004006.3(DMD):c.2155G>C (p.Glu719Gln),718,E,Q,0,147.63687930414335,0.008924470082330249,0.10651778575527185,4.500488430261612,facebook/esm2_t30_150M_UR50D
DMD,NM_004006.3(DMD):c.2173G>T (p.Asp725Tyr),724,D,Y,0,385.50390130696167,0.06868031935645888,0.778617656758089,4.3261719942092896,facebook/esm2_t30_150M_UR50D
DMD,NM_004006.3(DMD):c.2213C>T (p.Ser738Leu),737,S,L,0,852.4375984349228,0.13161841450780093,5.126047083412148,0.9599608778953552,facebook/esm2_t30_150M_UR50D
DMD,NM_004006.3(DMD):c.2217A>T (p.Glu739Asp),738,E,D,0,97.86231838093917,0.005020286140104269,0.0548986108160593,3.5312499701976776,facebook/esm2_t30_150M_UR50D
DMD,NM_004006.3(DMD):c.2261G>T (p.Gly754Val),753,G,V,0,119.38527273047384,0.01893202758493688,0.29986435302141196,3.1169434189796448,facebook/esm2_t30_150M_UR50D
DMD,NM_004006.3(DMD):c.2317A>G (p.Lys773Glu),772,K,E,1,103.0573207154432,0.01640706895616107,0.1245769573519218,2.8829346299171448,facebook/esm2_t30_150M_UR50D
DMD,NM_004006.3(DMD):c.2368C>G (p.Gln790Glu),789,Q,E,0,67.4160871527252,0.006833240145014778,0.06310984484498713,3.4863281846046448,facebook/esm2_t30_150M_UR50D
DMD,NM_004006.3(DMD):c.2384G>T (p.Gly795Val),794,G,V,0,185.54844567228653,0.012753390219010315,0.31408128476519015,7.186523370444775,facebook/esm2_t30_150M_UR50D
DMD,NM_004006.3(DMD):c.2386G>A (p.Val796Ile),795,V,I,0,46.7194928973785,0.008629540269151404,0.023982838949027255,4.2094725370407104,facebook/esm2_t30_150M_UR50D
DMD,NM_004006.3(DMD):c.2391T>G (p.Asn797Lys),796,N,K,0,82.43893833451594,0.00924704478236494,0.0638588308668009,4.411132901906967,facebook/esm2_t30_150M_UR50D
DMD,NM_004006.3(DMD):c.2392G>T (p.Ala798Ser),797,A,S,0,56.523860173212334,0.00555610385403148,0.03486542396375723,4.1503907442092896,facebook/esm2_t30_150M_UR50D
DMD,NM_004006.3(DMD):c.2404A>C (p.Lys802Gln),801,K,Q,0,51.42108230143091,0.003911590971393352,0.05702545651442969,3.6396484375,facebook/esm2_t30_150M_UR50D
DMD,NM_004006.3(DMD):c.2458A>C (p.Ser820Arg),819,S,R,0,66.36139831715096,0.010160906274347802,0.05106498218395022,3.8142089247703552,facebook/esm2_t30_150M_UR50D
DMD,NM_004006.3(DMD):c.2462A>G (p.Glu821Gly),820,E,G,0,104.15587698502054,0.02336863332732352,0.0976125332821177,5.8691407442092896,facebook/esm2_t30_150M_UR50D
DMD,NM_004006.3(DMD):c.2467C>T (p.Leu823Phe),822,L,F,0,76.49763151331967,0.014417933418596636,0.05643840424827646,5.271484375,facebook/esm2_t30_150M_UR50D
DMD,NM_004006.3(DMD):c.2476C>G (p.Leu826Val),825,L,V,0,65.78500031792082,0.008137915042759073,0.057428328377800854,6.149169726297259,facebook/esm2_t30_150M_UR50D
DMD,NM_004006.3(DMD):c.2500G>A (p.Ala834Thr),833,A,T,0,49.861535755066555,0.009621425391664626,0.04741456590630315,2.9263916313648224,facebook/esm2_t30_150M_UR50D
DMD,NM_004006.3(DMD):c.2503T>C (p.Phe835Leu),834,F,L,0,94.33758151909595,0.012108128146492585,0.09284678307673375,4.9814451690763235,facebook/esm2_t30_150M_UR50D
DMD,NM_004006.3(DMD):c.2528A>T (p.Glu843Val),842,E,V,0,86.20675099862088,0.011547119565578768,0.07614335253547506,3.986938327550888,facebook/esm2_t30_150M_UR50D
DMD,NM_004006.3(DMD):c.2530C>A (p.Gln844Lys),843,Q,K,0,51.4486345700835,0.004852417560543928,0.04295966746828072,3.8842775225639343,facebook/esm2_t30_150M_UR50D
DMD,NM_004006.3(DMD):c.2537C>G (p.Thr846Arg),845,T,R,0,105.59933168321486,0.00866394825104136,0.1234968919833684,5.865234375,facebook/esm2_t30_150M_UR50D
DMD,NM_004006.3(DMD):c.2540C>G (p.Thr847Ser),846,T,S,0,39.48845982923103,0.005576842258935855,0.06136477474725894,3.6613768488168716,facebook/esm2_t30_150M_UR50D
DMD,NM_004006.3(DMD):c.2546C>G (p.Ala849Gly),848,A,G,0,83.77729098395497,0.006368388200214185,0.14492537990999405,5.862304702401161,facebook/esm2_t30_150M_UR50D
DMD,NM_004006.3(DMD):c.2569C>T (p.Pro857Ser),856,P,S,0,160.22066281634426,0.037513808197274685,0.48425538038953986,3.2817383110523224,facebook/esm2_t30_150M_UR50D
DMD,NM_004006.3(DMD):c.2575A>T (p.Thr859Ser),858,T,S,0,89.84344144579883,0.015976124321454673,0.12636662960589287,3.431396573781967,facebook/esm2_t30_150M_UR50D
DMD,NM_004006.3(DMD):c.2579C>T (p.Pro860Leu),859,P,L,0,191.6683553345201,0.051826241114683876,0.4652495947976084,2.75634765625,facebook/esm2_t30_150M_UR50D
DMD,NM_004006.3(DMD):c.2607G>C (p.Gln869His),868,Q,H,0,121.70725078023477,0.014452458952863385,0.18718210006285638,4.621093541383743,facebook/esm2_t30_150M_UR50D
DMD,NM_004006.3(DMD):c.2622G>C (p.Lys874Asn),873,K,N,1,85.79511179426409,0.013299962530738415,0.08131548832086552,4.666992053389549,facebook/esm2_t30_150M_UR50D
DMD,NM_004006.3(DMD):c.2630T>G (p.Val877Gly),876,V,G,0,147.17056488312744,0.012162858700899266,0.10480934320524092,6.128906488418579,facebook/esm2_t30_150M_UR50D
DMD,NM_004006.3(DMD):c.2645A>G (p.Asp882Gly),881,D,G,0,132.36601777921234,0.03852314609441442,0.2228704308326561,3.866211026906967,facebook/esm2_t30_150M_UR50D
DMD,NM_004006.3(DMD):c.2694A>C (p.Lys898Asn),897,K,N,0,101.31120931207776,0.012727030550249175,0.0773015433642987,4.304199397563934,facebook/esm2_t30_150M_UR50D
DMD,NM_004006.3(DMD):c.2710C>A (p.Pro904Thr),903,P,T,0,134.97709016091858,0.03479496105376589,0.17731391658488238,2.9267577528953552,facebook/esm2_t30_150M_UR50D
DMD,NM_004006.3(DMD):c.2724T>G (p.Asp908Glu),907,D,E,0,98.58623207632087,0.0164218361598231,0.07995059862433186,3.2861328423023224,facebook/esm2_t30_150M_UR50D
DMD,NM_004006.3(DMD):c.2723A>T (p.Asp908Val),907,D,V,0,518.4675499092727,0.0921982471375192,3.1191002878048035,4.355956822633743,facebook/esm2_t30_150M_UR50D
DMD,NM_004006.3(DMD):c.2730C>G (p.Asp910Glu),909,D,E,0,66.24254080639223,0.005836170029537358,0.034385151748048036,3.2265623807907104,facebook/esm2_t30_150M_UR50D
DMD,NM_004006.3(DMD):c.2734G>C (p.Val912Leu),911,V,L,0,47.61465780914026,0.0067654461067396775,0.04999006261470187,3.3912353813648224,facebook/esm2_t30_150M_UR50D
DMD,NM_004006.3(DMD):c.2744C>A (p.Thr915Lys),914,T,K,0,86.60919830459402,0.014037214227385346,0.09895061135323396,3.04931640625,facebook/esm2_t30_150M_UR50D
DMD,NM_004006.3(DMD):c.2804T>G (p.Ile935Ser),934,I,S,0,562.0716943056301,0.11374263272242773,4.27481261801615,4.3627928495407104,facebook/esm2_t30_150M_UR50D
DMD,NM_004006.3(DMD):c.2812A>C (p.Thr938Pro),937,T,P,0,566.6192228308859,0.1562456021672811,4.640189246182379,5.193359524011612,facebook/esm2_t30_150M_UR50D
DMD,NM_004006.3(DMD):c.2826G>A (p.Met942Ile),941,M,I,0,60.93984064249953,0.007784636761752114,0.05787061453505252,2.439453363418579,facebook/esm2_t30_150M_UR50D
DMD,NM_004006.3(DMD):c.2842A>G (p.Met948Val),947,M,V,0,86.88982814946134,0.010475530758969849,0.07032721997726185,2.2329100966453552,facebook/esm2_t30_150M_UR50D
DMD,NM_004006.3(DMD):c.2870A>C (p.Gln957Pro),956,Q,P,1,246.11718277479483,0.029229861429486463,0.5514523578215762,6.5371092557907104,facebook/esm2_t30_150M_UR50D
DMD,NM_004006.3(DMD):c.2884C>G (p.Leu962Val),961,L,V,0,194.4935634467382,0.019051857983712468,0.3716883670809382,5.5800782814621925,facebook/esm2_t30_150M_UR50D
DMD,NM_004006.3(DMD):c.2888C>G (p.Ser963Cys),962,S,C,0,197.22178820969384,0.07352421662683094,1.0522054429582568,6.442382857203484,facebook/esm2_t30_150M_UR50D
DMD,NM_004006.3(DMD):c.2893C>T (p.Pro965Ser),964,P,S,0,216.14993054455445,0.018038019870013224,0.21486221899596986,3.0515441596508026,facebook/esm2_t30_150M_UR50D
DMD,NM_004006.3(DMD):c.2971G>C (p.Glu991Gln),990,E,Q,0,97.97357036345865,0.019959286003901646,0.11250043163560076,3.7204590886831284,facebook/esm2_t30_150M_UR50D
DMD,NM_004006.3(DMD):c.2990A>G (p.Tyr997Cys),996,Y,C,0,408.38283404479444,0.10089283257056342,1.5787856422808868,5.027343988418579,facebook/esm2_t30_150M_UR50D
DMD,NM_004006.3(DMD):c.3020C>T (p.Ser1007Leu),1006,S,L,0,122.28783082172863,0.01528309615236064,0.09046921107362724,3.20166015625,facebook/esm2_t30_150M_UR50D
DMD,NM_004006.3(DMD):c.3078G>C (p.Glu1026Asp),1025,E,D,0,77.41602775193701,0.009623914607577212,0.17526185740970376,4.175048768520355,facebook/esm2_t30_150M_UR50D
DMD,NM_004006.3(DMD):c.3077A>G (p.Glu1026Gly),1025,E,G,0,149.03402544899376,0.019039529755378752,0.12639736065083745,4.831054627895355,facebook/esm2_t30_150M_UR50D
DMD,NM_004006.3(DMD):c.3083G>A (p.Arg1028His),1027,R,H,0,92.01002221804168,0.006351776113900694,0.05616539236934683,5.734374992549419,facebook/esm2_t30_150M_UR50D
DMD,NM_004006.3(DMD):c.3095T>C (p.Leu1032Pro),1031,L,P,0,161.6433544167825,0.026866161849085454,0.13645808324118452,10.453125294297934,facebook/esm2_t30_150M_UR50D
DMD,NM_004006.3(DMD):c.3152G>A (p.Arg1051Gln),1050,R,Q,0,51.563597407177795,0.006322139649787854,0.059566872853677434,2.4658202528953552,facebook/esm2_t30_150M_UR50D
DMD,NM_004006.3(DMD):c.3173A>G (p.Gln1058Arg),1057,Q,R,0,52.875432920856255,0.006370465383853537,0.03890725747945573,4.676269471645355,facebook/esm2_t30_150M_UR50D
DMD,NM_004006.3(DMD):c.3182A>G (p.Lys1061Arg),1060,K,R,0,41.34319217753507,0.0026321982559477006,0.041365398876212364,3.9299316108226776,facebook/esm2_t30_150M_UR50D
DMD,NM_004006.3(DMD):c.3198A>C (p.Glu1066Asp),1065,E,D,0,50.47988107653644,0.0034788627525542794,0.03551060321312152,3.7060545906424522,facebook/esm2_t30_150M_UR50D
DMD,NM_004006.3(DMD):c.3356C>G (p.Ala1119Gly),1118,A,G,0,94.09562276292557,0.00987479173454773,0.06433738060256117,4.693115249276161,facebook/esm2_t30_150M_UR50D
DMD,NM_004006.3(DMD):c.3361C>A (p.Pro1121Thr),1120,P,T,0,135.28380916692402,0.009659791377557328,0.10235564520120838,5.1629640236496925,facebook/esm2_t30_150M_UR50D
DMD,NM_004006.3(DMD):c.3406A>T (p.Thr1136Ser),1135,T,S,0,35.59593140304589,0.004536594738491765,0.022199874365113195,2.972167879343033,facebook/esm2_t30_150M_UR50D
DMD,NM_004006.3(DMD):c.3419A>T (p.His1140Leu),1139,H,L,0,58.119055193809636,0.007156561208475576,0.05274488228943649,3.2197265028953552,facebook/esm2_t30_150M_UR50D
DMD,NM_004006.3(DMD):c.3432G>C (p.Gln1144His),1143,Q,H,1,66.5590230138645,0.008026995975085542,0.049476561386151426,5.823241949081421,facebook/esm2_t30_150M_UR50D
DMD,NM_004006.3(DMD):c.3433G>C (p.Val1145Leu),1144,V,L,0,67.22289221540986,0.011224447131108562,0.05463737980263707,3.183593675494194,facebook/esm2_t30_150M_UR50D
DMD,NM_004006.3(DMD):c.3464G>T (p.Gly1155Val),1154,G,V,0,95.43787148991488,0.018302390191352165,0.08483825476988312,2.3449707627296448,facebook/esm2_t30_150M_UR50D
DMD,NM_004006.3(DMD):c.3472A>G (p.Lys1158Glu),1157,K,E,0,61.41545383397307,0.003434020046588615,0.09639852717562096,3.9077146351337433,facebook/esm2_t30_150M_UR50D
DMD,NM_004006.3(DMD):c.3489G>C (p.Gln1163His),1162,Q,H,0,76.60336587852524,0.01379822203654062,0.08131046587289564,4.281738206744194,facebook/esm2_t30_150M_UR50D
DMD,NM_004006.3(DMD):c.3496C>G (p.Leu1166Val),1165,L,V,0,65.62149334481629,0.0035913826248565243,0.038902958008537644,4.0820313058793545,facebook/esm2_t30_150M_UR50D
DMD,NM_004006.3(DMD):c.3537G>T (p.Glu1179Asp),1178,E,D,0,92.4905301927744,0.013467169790821968,0.07075633833069335,4.0002440214157104,facebook/esm2_t30_150M_UR50D
DMD,NM_004006.3(DMD):c.3552T>A (p.Asp1184Glu),1183,D,E,0,189.70631358068937,0.0164863839611585,0.1577928516038766,3.30224609375,facebook/esm2_t30_150M_UR50D
DMD,NM_004006.3(DMD):c.3560A>G (p.Tyr1187Cys),1186,Y,C,0,128.7114015896681,0.017393202538965376,0.21011732232622202,2.87109375,facebook/esm2_t30_150M_UR50D
DMD,NM_004006.3(DMD):c.3572A>G (p.Asp1191Gly),1190,D,G,0,74.63991657042449,0.016108047048290344,0.06713663097664223,4.923095941543579,facebook/esm2_t30_150M_UR50D
DMD,NM_004006.3(DMD):c.3580C>A (p.Gln1194Lys),1193,Q,K,0,251.93571204421156,0.040070269378568384,0.21838735634718234,3.0302733778953552,facebook/esm2_t30_150M_UR50D
DMD,NM_004006.3(DMD):c.3590T>C (p.Val1197Ala),1196,V,A,0,165.00239838359985,0.012684798611624004,0.12659467332232893,3.8473817110061646,facebook/esm2_t30_150M_UR50D
DMD,NM_004006.3(DMD):c.3618G>C (p.Glu1206Asp),1205,E,D,0,148.3971345363988,0.024568832450552757,0.18905138174312827,5.460937291383743,facebook/esm2_t30_150M_UR50D
DMD,NM_004006.3(DMD):c.3635C>T (p.Ala1212Val),1211,A,V,0,74.44184231429652,0.01649254270863928,0.07532057388317974,5.110839828848839,facebook/esm2_t30_150M_UR50D
DMD,NM_004006.3(DMD):c.3646C>G (p.Leu1216Val),1215,L,V,0,61.7602680922339,0.007541487964501466,0.06126921947771015,3.0935059785842896,facebook/esm2_t30_150M_UR50D
DMD,NM_004006.3(DMD):c.3656A>C (p.Glu1219Ala),1218,E,A,0,87.71195959708457,0.007636097085950515,0.06731002993422834,4.437499813735485,facebook/esm2_t30_150M_UR50D
DMD,NM_004006.3(DMD):c.3734C>T (p.Thr1245Ile),1244,T,I,0,107.77352048771796,0.017322312024274537,0.0746731294466074,5.413085728883743,facebook/esm2_t30_150M_UR50D
DMD,NM_004006.3(DMD):c.3789A>T (p.Glu1263Asp),1262,E,D,0,72.35971417403042,0.007966728316683025,0.17719042215556405,3.8583984673023224,facebook/esm2_t30_150M_UR50D
DMD,NM_004006.3(DMD):c.3796G>A (p.Ala1266Thr),1265,A,T,0,45.60729587208514,0.005945833944979825,0.03495463378770342,3.0696410834789276,facebook/esm2_t30_150M_UR50D
DMD,NM_004006.3(DMD):c.3857A>T (p.Glu1286Val),1285,E,V,0,339.245311457364,0.08840938105079924,1.114683107448189,6.466796901077032,facebook/esm2_t30_150M_UR50D
DMD,NM_004006.3(DMD):c.3883A>G (p.Ile1295Val),1294,I,V,0,47.32131463370745,0.0030520407316369145,0.028815073085611185,3.918212652206421,facebook/esm2_t30_150M_UR50D
DMD,NM_004006.3(DMD):c.3889G>T (p.Gly1297Cys),1296,G,C,0,92.54846358752734,0.008985833440195594,0.1143225722464796,5.1005860567092896,facebook/esm2_t30_150M_UR50D
DMD,NM_004006.3(DMD):c.3941G>A (p.Arg1314Gln),1313,R,Q,0,52.43704173816727,0.004869510466734506,0.042283150289668295,3.1480712890625,facebook/esm2_t30_150M_UR50D
DMD,NM_004006.3(DMD):c.3967A>T (p.Ile1323Phe),1322,I,F,0,117.79136634617616,0.03511781473523794,0.11623796315264974,4.572509780526161,facebook/esm2_t30_150M_UR50D
DMD,NM_004006.3(DMD):c.3970C>T (p.Arg1324Cys),1323,R,C,0,133.5147790758489,0.019358193336193586,0.2914251166559804,4.461914122104645,facebook/esm2_t30_150M_UR50D
DMD,NM_004006.3(DMD):c.4003G>C (p.Val1335Leu),1334,V,L,1,56.414869798873525,0.009401721004795067,0.04079815284114601,3.728515774011612,facebook/esm2_t30_150M_UR50D
DMD,NM_004006.3(DMD):c.4020C>G (p.Ile1340Met),1339,I,M,0,73.72328477662835,0.009541746601844366,0.05615944935298935,4.8908690214157104,facebook/esm2_t30_150M_UR50D
DMD,NM_004006.3(DMD):c.4037C>A (p.Thr1346Lys),1345,T,K,0,71.3872920663096,0.00789539275350094,0.046679157301308116,3.4686279892921448,facebook/esm2_t30_150M_UR50D
DMD,NM_004006.3(DMD):c.4049G>T (p.Arg1350Leu),1349,R,L,0,133.1509377560997,0.02875681519113637,0.1229168547079016,4.475585728883743,facebook/esm2_t30_150M_UR50D
DMD,NM_004006.3(DMD):c.4082G>T (p.Arg1361Met),1360,R,M,0,668.4253118544087,0.1261908672796253,4.900902537708477,7.763671992346644,facebook/esm2_t30_150M_UR50D
DMD,NM_004006.3(DMD):c.4091T>C (p.Leu1364Ser),1363,L,S,0,97.64203836148812,0.01627163269822988,0.09745068666677481,5.120361357927322,facebook/esm2_t30_150M_UR50D
DMD,NM_004006.3(DMD):c.4105A>G (p.Ile1369Val),1368,I,V,0,54.90444878890457,0.00493820439351853,0.03298075630706521,3.019775390625,facebook/esm2_t30_150M_UR50D
DMD,NM_004006.3(DMD):c.4115C>T (p.Ala1372Val),1371,A,V,0,100.82348069128012,0.014018762834412557,0.10748567862008929,3.4426267743110657,facebook/esm2_t30_150M_UR50D
DMD,NM_004006.3(DMD):c.4162T>G (p.Phe1388Val),1387,F,V,0,85.78069057081923,0.008608302918432046,0.17401048841713213,1.78662109375,facebook/esm2_t30_150M_UR50D
DMD,NM_004006.3(DMD):c.4198A>G (p.Lys1400Glu),1399,K,E,0,211.3739754997344,0.04166969689514473,0.22183737333606607,3.9135740995407104,facebook/esm2_t30_150M_UR50D
DMD,NM_004006.3(DMD):c.4206C>A (p.Asp1402Glu),1401,D,E,0,124.53902056706787,0.0192569511953057,0.11677548004415778,2.8203431367874146,facebook/esm2_t30_150M_UR50D
DMD,NM_004006.3(DMD):c.4310C>T (p.Ala1437Val),1436,A,V,0,95.30780784784103,0.015477906015302708,0.08313448293468143,3.5063476264476776,facebook/esm2_t30_150M_UR50D
DMD,NM_004006.3(DMD):c.4337T>C (p.Val1446Ala),1445,V,A,0,70.5771138914168,0.007259077181765139,0.04823576013082933,2.3583984971046448,facebook/esm2_t30_150M_UR50D
DMD,NM_004006.3(DMD):c.4373T>A (p.Phe1458Tyr),1457,F,Y,0,102.14212041926183,0.024317244511878448,0.354951051013946,3.4736326932907104,facebook/esm2_t30_150M_UR50D
DMD,NM_004006.3(DMD):c.4418A>C (p.Glu1473Ala),1472,E,A,0,104.44935902890457,0.020073179446654453,0.17097494540338978,4.99185187369585,facebook/esm2_t30_150M_UR50D
DMD,NM_004006.3(DMD):c.4456C>T (p.Pro1486Ser),1485,P,S,0,100.37466488865822,0.011498285371820304,0.1700249829138201,1.0922852754592896,facebook/esm2_t30_150M_UR50D
DMD,NM_004006.3(DMD):c.4489G>A (p.Val1497Ile),1496,V,I,0,77.89454035016652,0.013437572349951122,0.0806481390968208,3.2670899033546448,facebook/esm2_t30_150M_UR50D
DMD,NM_004006.3(DMD):c.4529A>G (p.Lys1510Arg),1509,K,R,0,49.60466531075916,0.007735021775160111,0.03556518706912491,4.4581297636032104,facebook/esm2_t30_150M_UR50D
DMD,NM_004006.3(DMD):c.4562T>C (p.Met1521Thr),1520,M,T,0,57.46443556164647,0.005379646626979928,0.055490466182951774,1.794677734375,facebook/esm2_t30_150M_UR50D
DMD,NM_004006.3(DMD):c.4588G>A (p.Val1530Ile),1529,V,I,0,50.55218451889462,0.0044924276902417295,0.035991441727028804,3.409179672598839,facebook/esm2_t30_150M_UR50D
DMD,NM_004006.3(DMD):c.4684A>G (p.Arg1562Gly),1561,R,G,0,188.09541178535534,0.02176914378763812,0.15614720881928515,8.384765814989805,facebook/esm2_t30_150M_UR50D
DMD,NM_004006.3(DMD):c.4700A>C (p.Glu1567Ala),1566,E,A,0,108.59881403494303,0.009396163776310274,0.08290667009569176,6.390869125723839,facebook/esm2_t30_150M_UR50D
DMD,NM_004006.3(DMD):c.4730G>A (p.Arg1577Gln),1576,R,Q,0,72.9073258911424,0.00588587550193261,0.05103613176154346,2.73583984375,facebook/esm2_t30_150M_UR50D
DMD,NM_004006.3(DMD):c.4743T>A (p.Asn1581Lys),1580,N,K,0,73.5666187503221,0.014645505890625717,0.08785695834051141,2.703125,facebook/esm2_t30_150M_UR50D
DMD,NM_004006.3(DMD):c.4762G>T (p.Ala1588Ser),1587,A,S,0,69.83432405121526,0.004633184610094502,0.0408969166570468,3.5693359375,facebook/esm2_t30_150M_UR50D
DMD,NM_004006.3(DMD):c.4798G>C (p.Val1600Leu),1599,V,L,0,139.67425101341647,0.02185532931006685,0.14721373666830168,3.2692872285842896,facebook/esm2_t30_150M_UR50D
DMD,NM_004006.3(DMD):c.4847C>G (p.Ala1616Gly),1615,A,G,0,97.72492512949533,0.02281655478610652,0.18759060557207363,4.874023586511612,facebook/esm2_t30_150M_UR50D
DMD,NM_004006.3(DMD):c.4868A>G (p.Lys1623Arg),1622,K,R,0,63.98209416204877,0.008967904783343594,0.06381376903368084,3.9082033038139343,facebook/esm2_t30_150M_UR50D
DMD,NM_004006.3(DMD):c.4877T>A (p.Val1626Glu),1625,V,E,0,92.61918537609003,0.017135981713305746,0.09621406387078667,2.375976651906967,facebook/esm2_t30_150M_UR50D
DMD,NM_004006.3(DMD):c.4876G>A (p.Val1626Met),1625,V,M,0,61.22737711896782,0.0067620777935016385,0.048110838318656604,4.833984464406967,facebook/esm2_t30_150M_UR50D
DMD,NM_004006.3(DMD):c.4927G>C (p.Gly1643Arg),1642,G,R,0,107.55875624033936,0.007364400328383191,0.056367128392771686,4.938476711511612,facebook/esm2_t30_150M_UR50D
DMD,NM_004006.3(DMD):c.4940C>T (p.Thr1647Met),1646,T,M,0,71.77516692408095,0.007820077707240065,0.06990454440860928,5.4140626192092896,facebook/esm2_t30_150M_UR50D
DMD,NM_004006.3(DMD):c.4945G>T (p.Val1649Leu),1648,V,L,0,101.83811545944246,0.01765779486595194,0.10942876916011149,3.1943359822034836,facebook/esm2_t30_150M_UR50D
DMD,NM_004006.3(DMD):c.5016T>A (p.Asn1672Lys),1671,N,K,0,48.17817209779097,0.0017509904811163805,0.03902978762400551,2.7832030951976776,facebook/esm2_t30_150M_UR50D
DMD,NM_004006.3(DMD):c.5048C>G (p.Thr1683Ser),1682,T,S,0,37.06360801247646,0.0027217409437242193,0.024018727687229506,3.8735350966453552,facebook/esm2_t30_150M_UR50D
DMD,NM_004006.3(DMD):c.5058G>T (p.Gln1686His),1685,Q,H,0,55.806925373996805,0.009564833249332657,0.04578679041374432,4.2946778535842896,facebook/esm2_t30_150M_UR50D
DMD,NM_004006.3(DMD):c.5091G>T (p.Gln1697His),1696,Q,H,0,69.13393471405011,0.012761055813745073,0.05714375161665338,4.5751954317092896,facebook/esm2_t30_150M_UR50D
DMD,NM_004006.3(DMD):c.5159T>C (p.Leu1720Ser),1719,L,S,0,135.28780366808616,0.020338826286415243,0.12991670293663568,7.037109438329935,facebook/esm2_t30_150M_UR50D
DMD,NM_004006.3(DMD):c.5163G>C (p.Lys1721Asn),1720,K,N,0,79.51932441477912,0.006783293107183552,0.051637595628841314,4.524170085787773,facebook/esm2_t30_150M_UR50D
DMD,NM_004006.3(DMD):c.5177A>G (p.Asp1726Gly),1725,D,G,0,187.38892474763986,0.03027274266585077,0.1558032867955091,4.4775391817092896,facebook/esm2_t30_150M_UR50D
DMD,NM_004006.3(DMD):c.5183G>A (p.Arg1728His),1727,R,H,0,151.3590359065764,0.02301716860858897,0.09567769361659008,5.461914151906967,facebook/esm2_t30_150M_UR50D
DMD,NM_004006.3(DMD):c.5234G>A (p.Arg1745His),1744,R,H,0,99.12221691287624,0.009364493376635589,0.05951512574688797,3.467773199081421,facebook/esm2_t30_150M_UR50D
DMD,NM_004006.3(DMD):c.5285A>T (p.His1762Leu),1761,H,L,0,81.2731456637404,0.014823147766828219,0.07939257688964577,3.5126953721046448,facebook/esm2_t30_150M_UR50D
DMD,NM_004006.3(DMD):c.5307C>G (p.His1769Gln),1768,H,Q,0,99.45117177646179,0.01516901807458743,0.11099850439968306,2.4687501192092896,facebook/esm2_t30_150M_UR50D
DMD,NM_004006.3(DMD):c.5305C>T (p.His1769Tyr),1768,H,Y,0,98.261212476552,0.011151650672733816,0.22507588839211654,4.1777344942092896,facebook/esm2_t30_150M_UR50D
DMD,NM_004006.3(DMD):c.5313T>G (p.Ile1771Met),1770,I,M,0,63.885936984655174,0.008693685796833472,0.05167772630728063,4.735534608364105,facebook/esm2_t30_150M_UR50D
DMD,NM_004006.3(DMD):c.5369T>C (p.Ile1790Thr),1789,I,T,0,97.9335286436545,0.016809558029348817,0.07731489702066127,5.319336116313934,facebook/esm2_t30_150M_UR50D
DMD,NM_004006.3(DMD):c.5386C>T (p.Pro1796Ser),1795,P,S,0,106.53151037956737,0.025075408543131967,0.11743404403177456,1.2111817598342896,facebook/esm2_t30_150M_UR50D
DMD,NM_004006.3(DMD):c.5393A>T (p.Glu1798Val),1797,E,V,0,338.8000205360248,0.0985697769563807,2.2316627814046255,4.238769590854645,facebook/esm2_t30_150M_UR50D
DMD,NM_004006.3(DMD):c.5410G>A (p.Gly1804Arg),1803,G,R,0,580.2652330400907,0.1502031084990971,2.686160605390317,2.7326660752296448,facebook/esm2_t30_150M_UR50D
DMD,NM_004006.3(DMD):c.5413G>A (p.Val1805Met),1804,V,M,0,115.04657826499603,0.02412127011287396,0.15969745515298495,4.057617127895355,facebook/esm2_t30_150M_UR50D
DMD,NM_004006.3(DMD):c.5438A>G (p.Asn1813Ser),1812,N,S,0,73.53390329968893,0.0068684357847338725,0.05768856424366968,3.240966796875,facebook/esm2_t30_150M_UR50D
DMD,NM_004006.3(DMD):c.5444A>G (p.Asp1815Gly),1814,D,G,1,126.85853974809075,0.0256170791015109,0.21942691597364916,3.564453125,facebook/esm2_t30_150M_UR50D
DMD,NM_004006.3(DMD):c.5459A>G (p.Asn1820Ser),1819,N,S,0,83.19193494058321,0.00748030347357828,0.05723320853516945,3.1816405057907104,facebook/esm2_t30_150M_UR50D
DMD,NM_004006.3(DMD):c.5464G>T (p.Gly1822Cys),1821,G,C,0,143.48583564863745,0.023289866868465983,0.31329063009936015,5.0468751192092896,facebook/esm2_t30_150M_UR50D
DMD,NM_004006.3(DMD):c.5468C>G (p.Thr1823Ser),1822,T,S,0,61.91840380866247,0.004042957240583467,0.04740323398864707,3.4997556805610657,facebook/esm2_t30_150M_UR50D
DMD,NM_004006.3(DMD):c.5477A>C (p.Glu1826Ala),1825,E,A,0,84.10744687723609,0.008224563389373848,0.07513074059815117,4.150390669703484,facebook/esm2_t30_150M_UR50D
DMD,NM_004006.3(DMD):c.5510G>C (p.Arg1837Thr),1836,R,T,0,190.00663185086927,0.03199836902158264,0.6926676423155614,3.9487305879592896,facebook/esm2_t30_150M_UR50D
DMD,NM_004006.3(DMD):c.5540T>C (p.Ile1847Thr),1846,I,T,0,126.43277837631891,0.025204831170781185,0.1346025542758612,3.7099609971046448,facebook/esm2_t30_150M_UR50D
DMD,NM_004006.3(DMD):c.5565G>T (p.Gln1855His),1854,Q,H,0,69.6664525988641,0.01209749432534567,0.05656827055958303,5.0556641817092896,facebook/esm2_t30_150M_UR50D
DMD,NM_004006.3(DMD):c.5570A>G (p.Lys1857Arg),1856,K,R,0,92.58240735791011,0.014757427215387234,0.05848862273395816,3.513915926218033,facebook/esm2_t30_150M_UR50D
DMD,NM_004006.3(DMD):c.5572C>A (p.His1858Asn),1857,H,N,0,112.07517245626312,0.010518445849895593,0.11178636319475355,2.2036134004592896,facebook/esm2_t30_150M_UR50D
DMD,NM_004006.3(DMD):c.5615C>A (p.Ala1872Asp),1871,A,D,0,177.48026945980453,0.024757676187635056,0.3401426449170549,3.2883300483226776,facebook/esm2_t30_150M_UR50D
DMD,NM_004006.3(DMD):c.5617C>G (p.Leu1873Val),1872,L,V,0,74.68069361493465,0.00725758905151741,0.17431639768337542,3.82421875,facebook/esm2_t30_150M_UR50D
DMD,NM_004006.3(DMD):c.5620G>A (p.Glu1874Lys),1873,E,K,0,139.84158863830254,0.02550849249347518,0.165577165392718,4.8674924820661545,facebook/esm2_t30_150M_UR50D
DMD,NM_004006.3(DMD):c.5672A>T (p.Lys1891Ile),1890,K,I,0,93.91216067463566,0.02034648797510581,0.0755949004786871,5.797851376235485,facebook/esm2_t30_150M_UR50D
DMD,NM_004006.3(DMD):c.5747A>T (p.Asp1916Val),1915,D,V,0,267.4731315660924,0.02580814577087446,0.231698646437331,3.4721677899360657,facebook/esm2_t30_150M_UR50D
DMD,NM_004006.3(DMD):c.5783C>T (p.Ala1928Val),1927,A,V,0,72.31628764823914,0.00868379888809231,0.05136217170636377,4.659179776906967,facebook/esm2_t30_150M_UR50D
DMD,NM_004006.3(DMD):c.5840C>A (p.Pro1947Gln),1946,P,Q,0,223.68813630155398,0.01952390938607338,0.4204669295072538,1.7652589082717896,facebook/esm2_t30_150M_UR50D
DMD,NM_004006.3(DMD):c.5843C>G (p.Thr1948Ser),1947,T,S,0,54.53695387059945,0.004349493547129779,0.03970412199465614,3.144287109375,facebook/esm2_t30_150M_UR50D
DMD,NM_004006.3(DMD):c.5870G>A (p.Arg1957Gln),1956,R,Q,0,159.61338059092466,0.010782999371525593,0.11778343216794476,3.4732362031936646,facebook/esm2_t30_150M_UR50D
DMD,NM_004006.3(DMD):c.5900G>A (p.Arg1967Gln),1966,R,Q,0,71.80488233014663,0.012860585477253753,0.06685071979881968,3.8491212725639343,facebook/esm2_t30_150M_UR50D
DMD,NM_004006.3(DMD):c.5949G>A (p.Met1983Ile),1982,M,I,0,111.90313140811365,0.008215058259509973,0.07692435810879453,2.6953123807907104,facebook/esm2_t30_150M_UR50D
DMD,NM_004006.3(DMD):c.5953A>G (p.Met1985Val),1984,M,V,0,383.64914268372576,0.1109967516740745,1.6181904223282408,2.484375,facebook/esm2_t30_150M_UR50D
DMD,NM_004006.3(DMD):c.5976A>C (p.Glu1992Asp),1991,E,D,0,64.76218437758602,0.008004366124188396,0.0458549514522891,3.2723999619483948,facebook/esm2_t30_150M_UR50D
DMD,NM_004006.3(DMD):c.5983T>G (p.Tyr1995Asp),1994,Y,D,0,208.03192917301072,0.05357854415430971,0.9144074460927505,2.1757813096046448,facebook/esm2_t30_150M_UR50D
DMD,NM_004006.3(DMD):c.6014C>G (p.Thr2005Ser),2004,T,S,0,70.38113981336004,0.015724243838485388,0.0964581440554815,2.7986449003219604,facebook/esm2_t30_150M_UR50D
DMD,NM_004006.3(DMD):c.6058G>C (p.Ala2020Pro),2019,A,P,0,326.9775612785424,0.07655458882649958,1.2180464983914978,5.5097657442092896,facebook/esm2_t30_150M_UR50D
DMD,NM_004006.3(DMD):c.6091C>G (p.Leu2031Val),2030,L,V,0,207.45817387556488,0.04060896853358969,0.323169508638049,6.191650414839387,facebook/esm2_t30_150M_UR50D
DMD,NM_004006.3(DMD):c.6140A>G (p.Gln2047Arg),2046,Q,R,0,52.07029501934432,0.00654863959612398,0.06111465257016065,3.9609376788139343,facebook/esm2_t30_150M_UR50D
DMD,NM_004006.3(DMD):c.6143G>A (p.Ser2048Asn),2047,S,N,0,67.8972158437565,0.0065535951458274766,0.04776571382049382,2.7390136122703552,facebook/esm2_t30_150M_UR50D
DMD,NM_004006.3(DMD):c.6200C>T (p.Thr2067Met),2066,T,M,0,131.04930399934935,0.019334139463599402,0.14009507122658196,6.060546666383743,facebook/esm2_t30_150M_UR50D
DMD,NM_004006.3(DMD):c.6202C>T (p.Pro2068Ser),2067,P,S,0,130.73744583131995,0.01792446732856803,0.26196385976475506,3.7045898735523224,facebook/esm2_t30_150M_UR50D
DMD,NM_004006.3(DMD):c.6290G>T (p.Gly2097Val),2096,G,V,1,71.60943980394606,0.007896209423946284,0.19104943989197898,3.0920410752296448,facebook/esm2_t30_150M_UR50D
DMD,NM_004006.3(DMD):c.6293G>A (p.Arg2098Gln),2097,R,Q,0,52.83550718179614,0.009100285135652413,0.04650673238195159,3.8544923961162567,facebook/esm2_t30_150M_UR50D
DMD,NM_004006.3(DMD):c.6322C>T (p.Arg2108Cys),2107,R,C,0,96.17441166023258,0.017568624411315865,0.20492801394185947,6.609375178813934,facebook/esm2_t30_150M_UR50D
DMD,NM_004006.3(DMD):c.6345A>G (p.Ile2115Met),2114,I,M,0,44.69215117719089,0.005384372572181106,0.03163944864426145,3.9404296875,facebook/esm2_t30_150M_UR50D
DMD,NM_004006.3(DMD):c.6375G>T (p.Gln2125His),2124,Q,H,0,174.01031882779537,0.01618905322101955,0.12896132158869858,4.290039032697678,facebook/esm2_t30_150M_UR50D
DMD,NM_004006.3(DMD):c.6463C>T (p.Arg2155Trp),2154,R,W,0,206.7471739095569,0.025458527237821032,0.17347174864247694,6.919921889901161,facebook/esm2_t30_150M_UR50D
DMD,NM_004006.3(DMD):c.6502G>C (p.Glu2168Gln),2167,E,Q,0,47.87323986098749,0.007591854147657232,0.03522945389775643,2.6660156846046448,facebook/esm2_t30_150M_UR50D
DMD,NM_004006.3(DMD):c.6535A>G (p.Ser2179Gly),2178,S,G,0,50.798359454052246,0.0028886299630329626,0.03350444828425106,3.8266601860523224,facebook/esm2_t30_150M_UR50D
DMD,NM_004006.3(DMD):c.6536G>A (p.Ser2179Asn),2178,S,N,0,41.876067232584454,0.0032230036512968185,0.031450237659806354,4.009277373552322,facebook/esm2_t30_150M_UR50D
DMD,NM_004006.3(DMD):c.6545A>G (p.Gln2182Arg),2181,Q,R,0,57.7095772529223,0.004108896083306867,0.04367471370616767,2.564453214406967,facebook/esm2_t30_150M_UR50D
DMD,NM_004006.3(DMD):c.6571C>T (p.Arg2191Trp),2190,R,W,0,108.193206614467,0.01125762237343538,0.09383717105715689,8.677733963355422,facebook/esm2_t30_150M_UR50D
DMD,NM_004006.3(DMD):c.6576G>T (p.Trp2192Cys),2191,W,C,0,165.14791659969381,0.019558895892472936,0.23904695432463555,7.994629102293402,facebook/esm2_t30_150M_UR50D
DMD,NM_004006.3(DMD):c.6587G>T (p.Cys2196Phe),2195,C,F,0,80.1436361312526,0.01762156441405569,0.23433822230042797,4.376464813947678,facebook/esm2_t30_150M_UR50D
DMD,NM_004006.3(DMD):c.6602A>G (p.Asp2201Gly),2200,D,G,0,64.19817466404054,0.014976604581061044,0.06024463976920269,5.801757961511612,facebook/esm2_t30_150M_UR50D
DMD,NM_004006.3(DMD):c.6614G>T (p.Arg2205Met),2204,R,M,1,72.05272005414572,0.007018748060333813,0.22160455195427697,4.744140848517418,facebook/esm2_t30_150M_UR50D
DMD,NM_004006.3(DMD):c.6635T>C (p.Ile2212Thr),2211,I,T,0,48.93856998425914,0.003942181999101846,0.04061066737449322,3.3074950575828552,facebook/esm2_t30_150M_UR50D
DMD,NM_004006.3(DMD):c.6665A>C (p.Glu2222Ala),2221,E,A,0,63.00263049075269,0.005204431756061693,0.0544826309192046,5.987945530563593,facebook/esm2_t30_150M_UR50D
DMD,NM_004006.3(DMD):c.6689C>G (p.Ala2230Gly),2229,A,G,0,93.16132415773808,0.007489338420227406,0.07162068694771986,7.153320159763098,facebook/esm2_t30_150M_UR50D
DMD,NM_004006.3(DMD):c.6704G>A (p.Ser2235Asn),2234,S,N,0,41.93064566148329,0.005464555234763986,0.030362352087534492,4.048828229308128,facebook/esm2_t30_150M_UR50D
DMD,NM_004006.3(DMD):c.6704G>C (p.Ser2235Thr),2234,S,T,0,40.04952467084666,0.007057350640014633,0.02655980003653214,4.707885846495628,facebook/esm2_t30_150M_UR50D
DMD,NM_004006.3(DMD):c.6732G>C (p.Gln2244His),2243,Q,H,0,71.88890055972654,0.010511125240162515,0.16588708204797714,4.750976651906967,facebook/esm2_t30_150M_UR50D
DMD,NM_004006.3(DMD):c.6788G>A (p.Arg2263His),2262,R,H,0,102.20602655589884,0.008775308323586094,0.09619291508990453,3.8398436903953552,facebook/esm2_t30_150M_UR50D
DMD,NM_004006.3(DMD):c.6835G>T (p.Val2279Leu),2278,V,L,0,115.01820694359208,0.021283004623978106,0.13260955689680592,2.78662109375,facebook/esm2_t30_150M_UR50D
DMD,NM_004006.3(DMD):c.6875A>G (p.Glu2292Gly),2291,E,G,0,142.5577565774984,0.04093378090642462,0.19553769451658115,6.371093779802322,facebook/esm2_t30_150M_UR50D
DMD,NM_004006.3(DMD):c.6891G>T (p.Gln2297His),2296,Q,H,0,151.072882571028,0.040188056909546035,0.477267543271714,5.191406399011612,facebook/esm2_t30_150M_UR50D
DMD,NM_004006.3(DMD):c.6943G>A (p.Glu2315Lys),2314,E,K,0,114.26800939157428,0.01908857170766335,0.08665094019439344,3.5415038764476776,facebook/esm2_t30_150M_UR50D
DMD,NM_004006.3(DMD):c.6963A>C (p.Lys2321Asn),2320,K,N,0,78.6152846666922,0.004039351815971174,0.047446239232037515,4.0648194551467896,facebook/esm2_t30_150M_UR50D
DMD,NM_004006.3(DMD):c.6979G>C (p.Glu2327Gln),2326,E,Q,0,98.11338496321333,0.01428035846740094,0.10133307175567921,4.036621332168579,facebook/esm2_t30_150M_UR50D
DMD,NM_004006.3(DMD):c.7003G>A (p.Glu2335Lys),2334,E,K,0,136.6850462222813,0.020231520318977674,0.21467446284741756,2.951171875,facebook/esm2_t30_150M_UR50D
DMD,NM_004006.3(DMD):c.7093G>A (p.Val2365Ile),2364,V,I,0,104.51539438618046,0.010362553221512123,0.08037077236917914,3.2928467988967896,facebook/esm2_t30_150M_UR50D
DMD,NM_004006.3(DMD):c.7096A>C (p.Lys2366Gln),2365,K,Q,0,210.26436129527414,0.04546317918778119,0.3752143640666327,3.7071838080883026,facebook/esm2_t30_150M_UR50D
DMD,NM_004006.3(DMD):c.7132G>A (p.Asp2378Asn),2377,D,N,0,238.86160016734405,0.05905361695653279,0.31582815066824116,4.7109375,facebook/esm2_t30_150M_UR50D
DMD,NM_004006.3(DMD):c.7151C>A (p.Ser2384Tyr),2383,S,Y,0,122.8714681296311,0.005436141674356932,0.14786913902436075,5.055664241313934,facebook/esm2_t30_150M_UR50D
DMD,NM_004006.3(DMD):c.7235C>T (p.Ala2412Val),2411,A,V,0,78.34300220060103,0.006269080529088296,0.0561735604959986,4.251953333616257,facebook/esm2_t30_150M_UR50D
DMD,NM_004006.3(DMD):c.7244G>A (p.Arg2415His),2414,R,H,0,116.42992410456371,0.015237172693376195,0.0990963097672379,4.532226741313934,facebook/esm2_t30_150M_UR50D
DMD,NM_004006.3(DMD):c.7301T>C (p.Ile2434Thr),2433,I,T,0,123.80473623687902,0.022568494705094047,0.13890105471824243,2.0234374403953552,facebook/esm2_t30_150M_UR50D
DMD,NM_004006.3(DMD):c.7370C>T (p.Ser2457Phe),2456,S,F,0,536.9296450206962,0.16681953657597964,4.777364411712075,4.932617336511612,facebook/esm2_t30_150M_UR50D
DMD,NM_004006.3(DMD):c.7397T>C (p.Met2466Thr),2465,M,T,0,163.95887004865844,0.026267719936167458,0.13574576857861118,1.6956788301467896,facebook/esm2_t30_150M_UR50D
DMD,NM_004006.3(DMD):c.7430G>A (p.Arg2477Gln),2476,R,Q,0,95.01811788803816,0.00804999889686383,0.06889084486314756,3.0914307832717896,facebook/esm2_t30_150M_UR50D
DMD,NM_004006.3(DMD):c.7442A>G (p.Glu2481Gly),2480,E,G,0,236.5411152033736,0.030659531747851673,0.20779969586832706,4.067382991313934,facebook/esm2_t30_150M_UR50D
DMD,NM_004006.3(DMD):c.7472A>G (p.Gln2491Arg),2490,Q,R,0,65.07776094625619,0.005008763821271126,0.06312762529084374,3.5600128769874573,facebook/esm2_t30_150M_UR50D
DMD,NM_004006.3(DMD):c.7520A>G (p.Asn2507Ser),2506,N,S,0,114.96408840585697,0.019110319673265024,0.11869332790702525,3.3493652641773224,facebook/esm2_t30_150M_UR50D
DMD,NM_004006.3(DMD):c.7528A>G (p.Ile2510Val),2509,I,V,0,123.77399996653045,0.018554046117933255,0.10701620277025288,3.789062589406967,facebook/esm2_t30_150M_UR50D
DMD,NM_004006.3(DMD):c.7571G>A (p.Arg2524His),2523,R,H,0,213.59334057355892,0.026136573526036398,0.2804970713169066,5.644531309604645,facebook/esm2_t30_150M_UR50D
DMD,NM_004006.3(DMD):c.7629T>A (p.Asn2543Lys),2542,N,K,0,150.90538345448445,0.011434412755666652,0.07828875537963544,5.135253913700581,facebook/esm2_t30_150M_UR50D
DMD,NM_004006.3(DMD):c.7633G>A (p.Glu2545Lys),2544,E,K,0,92.18929940842985,0.004761376772365489,0.05604685778850371,6.431640677154064,facebook/esm2_t30_150M_UR50D
DMD,NM_004006.3(DMD):c.7741G>A (p.Asp2581Asn),2580,D,N,0,51.45123767277931,0.0024287792680113755,0.030649282397108613,3.644531399011612,facebook/esm2_t30_150M_UR50D
DMD,NM_004006.3(DMD):c.7781A>G (p.Gln2594Arg),2593,Q,R,0,62.68978987417042,0.0051704560818327415,0.06596274042103768,3.2807618379592896,facebook/esm2_t30_150M_UR50D
DMD,NM_004006.3(DMD):c.7790G>C (p.Gly2597Ala),2596,G,A,0,65.37655841002193,0.009109067855216979,0.06369621474976635,2.3442382216453552,facebook/esm2_t30_150M_UR50D
DMD,NM_004006.3(DMD):c.7877T>C (p.Leu2626Ser),2625,L,S,0,233.3986281447236,0.029930558981206147,0.2404607440395873,5.248046964406967,facebook/esm2_t30_150M_UR50D
DMD,NM_004006.3(DMD):c.7886A>T (p.Asp2629Val),2628,D,V,0,163.6843848784951,0.02408581977361072,0.14690058813178836,5.212402448058128,facebook/esm2_t30_150M_UR50D
DMD,NM_004006.3(DMD):c.7961A>G (p.Asp2654Gly),2653,D,G,0,112.25412615418541,0.0099511866603148,0.22717181084443713,4.914794936776161,facebook/esm2_t30_150M_UR50D
DMD,NM_004006.3(DMD):c.7967C>A (p.Thr2656Asn),2655,T,N,0,59.98302139675271,0.005363408992884225,0.05448641375272186,5.105468541383743,facebook/esm2_t30_150M_UR50D
DMD,NM_004006.3(DMD):c.8158C>T (p.Arg2720Cys),2719,R,C,0,93.79273816352085,0.014539098376834803,0.23003837102913466,4.906249821186066,facebook/esm2_t30_150M_UR50D
DMD,NM_004006.3(DMD):c.8159G>A (p.Arg2720His),2719,R,H,0,64.18397107268979,0.0100682936785318,0.05232379961792429,4.006835758686066,facebook/esm2_t30_150M_UR50D
DMD,NM_004006.3(DMD):c.8180A>C (p.Asp2727Ala),2726,D,A,0,143.86456228295359,0.01738590296824778,0.18114688397982956,2.98779296875,facebook/esm2_t30_150M_UR50D
DMD,NM_004006.3(DMD):c.8191G>A (p.Val2731Ile),2730,V,I,0,87.59794422155139,0.019210715344055426,0.0745732313663992,3.9179686158895493,facebook/esm2_t30_150M_UR50D
DMD,NM_004006.3(DMD):c.8198A>G (p.Glu2733Gly),2732,E,G,0,90.4118287407775,0.01686795415660603,0.06343247456661961,4.891845658421516,facebook/esm2_t30_150M_UR50D
DMD,NM_004006.3(DMD):c.8240C>G (p.Ala2747Gly),2746,A,G,0,55.84313503549372,0.010070501106872498,0.047580315009109184,4.290557786822319,facebook/esm2_t30_150M_UR50D
DMD,NM_004006.3(DMD):c.8284A>G (p.Ile2762Val),2761,I,V,0,39.06984326671841,0.0037967533226146172,0.01956030001658044,4.002929627895355,facebook/esm2_t30_150M_UR50D
DMD,NM_004006.3(DMD):c.8308G>A (p.Asp2770Asn),2769,D,N,0,51.701865379630156,0.005521129095768333,0.050520686483053544,4.232666164636612,facebook/esm2_t30_150M_UR50D
DMD,NM_004006.3(DMD):c.8348A>G (p.Asn2783Ser),2782,N,S,0,56.168689688979796,0.005328705394693241,0.03671794959849496,4.873047024011612,facebook/esm2_t30_150M_UR50D
DMD,NM_004006.3(DMD):c.8368C>T (p.Arg2790Trp),2789,R,W,0,105.29162037140435,0.0161803950690737,0.10407723278086782,6.191406041383743,facebook/esm2_t30_150M_UR50D
DMD,NM_004006.3(DMD):c.8390G>A (p.Arg2797Lys),2796,R,K,1,39.988632955552255,0.0021640822211896893,0.039550324511424574,4.433593958616257,facebook/esm2_t30_150M_UR50D
DMD,NM_004006.3(DMD):c.8473G>A (p.Asp2825Asn),2824,D,N,0,74.7030301760628,0.007918077077909102,0.06040351521132952,4.670166015625,facebook/esm2_t30_150M_UR50D
DMD,NM_004006.3(DMD):c.8526G>C (p.Gln2842His),2841,Q,H,0,90.4426319362321,0.009362907711113758,0.08370061441843459,6.000976353883743,facebook/esm2_t30_150M_UR50D
DMD,NM_004006.3(DMD):c.8534A>G (p.Asn2845Ser),2844,N,S,0,63.93968256421291,0.004400381560751195,0.18905265241382926,3.256836175918579,facebook/esm2_t30_150M_UR50D
DMD,NM_004006.3(DMD):c.8624A>G (p.Glu2875Gly),2874,E,G,0,129.70919747606658,0.015161359289528727,0.15360899327197555,3.7553710490465164,facebook/esm2_t30_150M_UR50D
DMD,NM_004006.3(DMD):c.8662C>G (p.Pro2888Ala),2887,P,A,0,187.51700012227283,0.0368294871151642,0.26800595521527826,-0.6025390625,facebook/esm2_t30_150M_UR50D
DMD,NM_004006.3(DMD):c.8729A>T (p.Glu2910Val),2909,E,V,0,129.80489987857862,0.023421627472350822,0.09929720413270972,4.774658158421516,facebook/esm2_t30_150M_UR50D
DMD,NM_004006.3(DMD):c.8734A>G (p.Asn2912Asp),2911,N,D,0,116.0543033114198,0.02616291327631894,0.09332767006326821,4.091308414936066,facebook/esm2_t30_150M_UR50D
DMD,NM_004006.3(DMD):c.8735A>G (p.Asn2912Ser),2911,N,S,0,68.9630879066888,0.004539117881609618,0.04418887246263094,3.2980347275733948,facebook/esm2_t30_150M_UR50D
DMD,NM_004006.3(DMD):c.8762A>G (p.His2921Arg),2920,H,R,0,65.07334996405363,0.010014863940793399,0.1767496537826968,2.03564453125,facebook/esm2_t30_150M_UR50D
DMD,NM_004006.3(DMD):c.8810G>A (p.Arg2937Gln),2936,R,Q,0,64.28722703337107,0.005936308557475115,0.05176983580778564,3.6455078125,facebook/esm2_t30_150M_UR50D
DMD,NM_004006.3(DMD):c.8824G>T (p.Ala2942Ser),2941,A,S,0,54.92444629745393,0.005237646836466603,0.04027891243480702,4.941650293767452,facebook/esm2_t30_150M_UR50D
DMD,NM_004006.3(DMD):c.8945G>A (p.Arg2982Gln),2981,R,Q,0,222.67477427984787,0.059169710014115966,0.3387786529870456,2.7052001953125,facebook/esm2_t30_150M_UR50D
DMD,NM_004006.3(DMD):c.8957C>T (p.Ala2986Val),2985,A,V,0,155.4987940124871,0.015772416992443836,0.13630295381444227,4.149902313947678,facebook/esm2_t30_150M_UR50D
DMD,NM_004006.3(DMD):c.8973C>G (p.Asn2991Lys),2990,N,K,0,107.30375793823085,0.01875852389323154,0.0930264167024339,1.52734375,facebook/esm2_t30_150M_UR50D
DMD,NM_004006.3(DMD):c.9040C>T (p.Leu3014Phe),3013,L,F,0,68.78245237750541,0.008504221018860192,0.06113492780960814,5.978515565395355,facebook/esm2_t30_150M_UR50D
DMD,NM_004006.3(DMD):c.9094G>A (p.Glu3032Lys),3031,E,K,0,83.3360149071253,0.00796340873477889,0.050557905004849246,4.862060494720936,facebook/esm2_t30_150M_UR50D
DMD,NM_004006.3(DMD):c.9388T>G (p.Cys3130Gly),3129,C,G,0,151.85462464735957,0.026788599679357983,0.17396062148287827,3.8535158038139343,facebook/esm2_t30_150M_UR50D
DMD,NM_004006.3(DMD):c.9400G>T (p.Asp3134Tyr),3133,D,Y,0,116.54744088734404,0.012280657470050593,0.10583904782258732,3.4814451336860657,facebook/esm2_t30_150M_UR50D
DMD,NM_004006.3(DMD):c.9410A>G (p.Asn3137Ser),3136,N,S,0,66.24317935404075,0.003930487107854515,0.06510565161445421,2.8759765028953552,facebook/esm2_t30_150M_UR50D
DMD,NM_004006.3(DMD):c.9430C>T (p.Pro3144Ser),3143,P,S,0,106.90077359856035,0.023373425286881324,0.14540086587363113,2.9318848848342896,facebook/esm2_t30_150M_UR50D
DMD,NM_004006.3(DMD):c.9458G>T (p.Cys3153Phe),3152,C,F,0,284.3687352276724,0.024388989649895207,0.42096999517107775,3.3183595538139343,facebook/esm2_t30_150M_UR50D
DMD,NM_004006.3(DMD):c.9560A>G (p.Asp3187Gly),3186,D,G,1,1012.8866902041887,0.04697959810930859,1.9654113738815355,6.187988391146064,facebook/esm2_t30_150M_UR50D
DMD,NM_004006.3(DMD):c.9642G>C (p.Lys3214Asn),3213,K,N,0,103.47689410106543,0.007575928834827269,0.0911837928796073,7.313476741313934,facebook/esm2_t30_150M_UR50D
DMD,NM_004006.3(DMD):c.9682T>C (p.Phe3228Leu),3227,F,L,0,141.07749953047548,0.022648590198364033,0.11176952588814645,2.6223145723342896,facebook/esm2_t30_150M_UR50D
DMD,NM_004006.3(DMD):c.9938G>T (p.Cys3313Phe),3312,C,F,1,367.41981639916355,0.0542532227532339,0.413163902735431,8.517578497063369,facebook/esm2_t30_150M_UR50D
DMD,NM_004006.3(DMD):c.9958C>A (p.Pro3320Thr),3319,P,T,1,102.97281129054569,0.008687162122205393,0.06196493895209874,9.60449227807112,facebook/esm2_t30_150M_UR50D
DMD,NM_004006.3(DMD):c.10019G>A (p.Cys3340Tyr),3339,C,Y,1,273.04217388506174,0.020153823620622423,0.3261632056684054,8.184570009587333,facebook/esm2_t30_150M_UR50D
DMD,NM_004006.3(DMD):c.10048C>T (p.His3350Tyr),3349,H,Y,0,124.6974465605077,0.014917706889956247,0.055483951440638134,5.520507782697678,facebook/esm2_t30_150M_UR50D
DMD,NM_004006.3(DMD):c.10061A>G (p.Tyr3354Cys),3353,Y,C,0,162.60595654475836,0.010906313036346652,0.13788408244201567,6.954101607203484,facebook/esm2_t30_150M_UR50D
DMD,NM_004006.3(DMD):c.10109G>C (p.Arg3370Pro),3369,R,P,1,102.38708298662608,0.006281616351135896,0.07551887502318276,6.423828110098839,facebook/esm2_t30_150M_UR50D
DMD,NM_004006.3(DMD):c.10160C>T (p.Ala3387Val),3386,A,V,0,191.80699128227104,0.040893075151344584,0.528891543455015,2.2954100370407104,facebook/esm2_t30_150M_UR50D
DMD,NM_004006.3(DMD):c.10172G>A (p.Arg3391Gln),3390,R,Q,0,157.67384311080772,0.02414566474243889,0.16772418742655185,3.4675294160842896,facebook/esm2_t30_150M_UR50D
DMD,NM_004006.3(DMD):c.10248G>C (p.Trp3416Cys),3415,W,C,0,238.27643288192888,0.028292303288442257,0.23534687822562686,3.416992425918579,facebook/esm2_t30_150M_UR50D
DMD,NM_004006.3(DMD):c.10252G>A (p.Val3418Ile),3417,V,I,0,49.8384545150532,0.007489036938256433,0.024055288798058176,3.779784917831421,facebook/esm2_t30_150M_UR50D
DMD,NM_004006.3(DMD):c.10363C>G (p.Leu3455Val),3454,L,V,0,70.90306764912079,0.00639007418768582,0.06993825458759222,4.002441585063934,facebook/esm2_t30_150M_UR50D
DMD,NM_004006.3(DMD):c.10536T>G (p.Asp3512Glu),3511,D,E,0,72.13355146483828,0.006891558528385525,0.04867784558640288,2.3857422471046448,facebook/esm2_t30_150M_UR50D
DMD,NM_004006.3(DMD):c.10577G>A (p.Arg3526His),3525,R,H,0,91.66691478704934,0.007118372855542613,0.049468597246061334,5.241211012005806,facebook/esm2_t30_150M_UR50D
DMD,NM_004006.3(DMD):c.10591C>G (p.His3531Asp),3530,H,D,0,107.14474267806538,0.02488938300362428,0.0956601190620173,3.5498045682907104,facebook/esm2_t30_150M_UR50D
DMD,NM_004006.3(DMD):c.10595A>G (p.Glu3532Gly),3531,E,G,0,106.56403073259162,0.008752582433538015,0.07809090660660942,3.467864900827408,facebook/esm2_t30_150M_UR50D
DMD,NM_004006.3(DMD):c.10619C>T (p.Pro3540Leu),3539,P,L,0,144.39861897385583,0.017416883890232552,0.1866264448339345,4.008056819438934,facebook/esm2_t30_150M_UR50D
DMD,NM_004006.3(DMD):c.10696C>T (p.Arg3566Cys),3565,R,C,0,145.9120181374418,0.02557331669793408,0.2629572356250851,6.921875059604645,facebook/esm2_t30_150M_UR50D
DMD,NM_004006.3(DMD):c.10815A>C (p.Lys3605Asn),3604,K,N,0,105.6108052116274,0.005197471729884743,0.06405858928286881,3.3671876192092896,facebook/esm2_t30_150M_UR50D
DMD,NM_004006.3(DMD):c.10832T>C (p.Val3611Ala),3610,V,A,0,68.02786479823696,0.012427067812380928,0.051984619187733234,2.7996826171875,facebook/esm2_t30_150M_UR50D
DMD,NM_004006.3(DMD):c.10846A>C (p.Thr3616Pro),3615,T,P,0,114.49367519634112,0.013571727808931863,0.1038508992216483,2.3955078423023224,facebook/esm2_t30_150M_UR50D
DMD,NM_004006.3(DMD):c.10895T>C (p.Val3632Ala),3631,V,A,0,68.77657557574152,0.008776200766601598,0.06333185199519563,2.8669434189796448,facebook/esm2_t30_150M_UR50D
DMD,NM_004006.3(DMD):c.10910C>T (p.Ser3637Leu),3636,S,L,0,135.9367553870365,0.013884172931563047,0.1542503790025302,3.715148940682411,facebook/esm2_t30_150M_UR50D
DMD,NM_004006.3(DMD):c.10964G>A (p.Gly3655Glu),3654,G,E,0,175.19392711291738,0.011827720581967719,0.12460878808310441,2.5039061307907104,facebook/esm2_t30_150M_UR50D
