gene,name,position,wt_aa,mut_aa,label,variant_id,frob_dist,trace_ratio,sps_log,ll_proper,model_name
TP53,NM_000546.6(TP53):c.11C>T (p.Pro4Leu),3,P,L,0,TP53:P3L,34.60003339553501,0.024872432803062672,0.5167802932206595,9.69128131866455,hugohrban/progen2-small
TP53,NM_000546.6(TP53):c.11C>A (p.Pro4Gln),3,P,Q,0,TP53:P3Q,22.446132878583466,0.012650557736169382,0.14988187761846464,10.346426963806152,hugohrban/progen2-small
TP53,NM_000546.6(TP53):c.21T>A (p.Asp7Glu),6,D,E,0,TP53:D6E,15.236443236058427,0.018068389440591193,0.1281103151222704,5.105090141296387,hugohrban/progen2-small
TP53,NM_000546.6(TP53):c.23C>T (p.Pro8Leu),7,P,L,0,TP53:P7L,12.582111920576,0.0057696550488413045,0.05924875764266089,9.23635482788086,hugohrban/progen2-small
TP53,NM_000546.6(TP53):c.23C>G (p.Pro8Arg),7,P,R,0,TP53:P7R,14.956308524355075,0.0014164590194604143,0.1772827838161954,7.798471450805664,hugohrban/progen2-small
TP53,NM_000546.6(TP53):c.28G>A (p.Val10Ile),9,V,I,0,TP53:V9I,7.35861547056011,0.00591239665676066,0.01859541642057943,4.439198970794678,hugohrban/progen2-small
TP53,NM_000546.6(TP53):c.28G>C (p.Val10Leu),9,V,L,0,TP53:V9L,8.489647170061513,0.005352509501134195,0.017937351267432514,4.229619979858398,hugohrban/progen2-small
TP53,NM_000546.6(TP53):c.62A>C (p.Asp21Ala),20,D,A,0,TP53:D20A,18.65351460105266,0.007488818431337502,0.055558040338127446,7.2340569496154785,hugohrban/progen2-small
TP53,NM_000546.6(TP53):c.85A>G (p.Asn29Asp),28,N,D,0,TP53:N28D,11.123075857054395,0.010655044590263507,0.027390210763996854,8.26972770690918,hugohrban/progen2-small
TP53,NM_000546.6(TP53):c.94C>G (p.Leu32Val),31,L,V,0,TP53:L31V,5.957671541725858,0.004411319674975961,0.01789046360418408,4.746315956115723,hugohrban/progen2-small
TP53,NM_000546.6(TP53):c.105G>C (p.Leu35Phe),34,L,F,0,TP53:L34F,7.663124299631516,0.002143129561248819,0.022565241060798137,5.9095540046691895,hugohrban/progen2-small
TP53,NM_000546.6(TP53):c.107C>A (p.Pro36Gln),35,P,Q,0,TP53:P35Q,14.330696463490103,0.002442582578473518,0.18046705557740847,13.06866455078125,hugohrban/progen2-small
TP53,NM_000546.6(TP53):c.139C>T (p.Pro47Ser),46,P,S,0,TP53:P46S,11.429097034017861,0.0021639185355433743,0.043503786094137256,9.484790802001953,hugohrban/progen2-small
TP53,NM_000546.6(TP53):c.144C>A (p.Asp48Glu),47,D,E,0,TP53:D47E,33.727410188057675,0.02236080479601571,0.04934997823583276,9.164655685424805,hugohrban/progen2-small
TP53,NM_000546.6(TP53):c.143A>G (p.Asp48Gly),47,D,G,0,TP53:D47G,23.862874529483662,0.021557180388676156,0.06889205684146985,11.694828033447266,hugohrban/progen2-small
TP53,NM_000546.6(TP53):c.145G>C (p.Asp49His),48,D,H,0,TP53:D48H,58.83996713759808,0.047759868390184285,0.3285320547442844,10.071968078613281,hugohrban/progen2-small
TP53,NM_000546.6(TP53):c.145G>A (p.Asp49Asn),48,D,N,0,TP53:D48N,54.78745706984356,0.04163463780476298,0.12138411199498379,8.573776245117188,hugohrban/progen2-small
TP53,NM_000546.6(TP53):c.149T>C (p.Ile50Thr),49,I,T,0,TP53:I49T,41.03939659439068,0.04470660900651949,0.20064176332091246,6.672004699707031,hugohrban/progen2-small
TP53,NM_000546.6(TP53):c.170A>T (p.Asp57Val),56,D,V,0,TP53:D56V,22.8976419042366,0.010092196280550886,0.05506551267459313,13.898774147033691,hugohrban/progen2-small
TP53,NM_000546.6(TP53):c.172C>G (p.Pro58Ala),57,P,A,0,TP53:P57A,21.15582627405958,0.0005077430517916037,0.03036610098429169,9.993043899536133,hugohrban/progen2-small
TP53,NM_000546.6(TP53):c.176G>A (p.Gly59Asp),58,G,D,0,TP53:G58D,15.964647194699612,0.00214334313048406,0.1316210230700438,8.142428398132324,hugohrban/progen2-small
TP53,NM_000546.6(TP53):c.185A>G (p.Glu62Gly),61,E,G,0,TP53:E61G,15.766524055168283,0.0010792445693474928,0.05064776377463427,8.069486618041992,hugohrban/progen2-small
TP53,NM_000546.6(TP53):c.188C>G (p.Ala63Gly),62,A,G,0,TP53:A62G,33.94704583404393,0.012496324283433335,0.07917955487444117,14.059429168701172,hugohrban/progen2-small
TP53,NM_000546.6(TP53):c.187G>A (p.Ala63Thr),62,A,T,0,TP53:A62T,17.727102732349405,0.0009580939297183788,0.03157260950263358,6.939355373382568,hugohrban/progen2-small
TP53,NM_000546.6(TP53):c.188C>T (p.Ala63Val),62,A,V,0,TP53:A62V,7.483291640500512,0.0013541249804689959,0.02266092708181005,9.964517593383789,hugohrban/progen2-small
TP53,NM_000546.6(TP53):c.196A>G (p.Met66Val),65,M,V,0,TP53:M65V,36.995220675951614,0.0003977362455760136,0.057669423600313435,20.973899841308594,hugohrban/progen2-small
TP53,NM_000546.6(TP53):c.214C>G (p.Pro72Ala),71,P,A,0,TP53:P71A,14.67838936475408,0.002545422682695142,0.09988691183412668,8.567207336425781,hugohrban/progen2-small
TP53,NM_000546.6(TP53):c.215C>A (p.Pro72His),71,P,H,0,TP53:P71H,23.13938449062688,0.015200310921456128,0.2767699698798463,16.604272842407227,hugohrban/progen2-small
TP53,NM_000546.6(TP53):c.215C>G (p.Pro72Arg),71,P,R,0,TP53:P71R,21.625889584358227,0.007789191651515981,0.2658710667686317,16.685176849365234,hugohrban/progen2-small
TP53,NM_000546.6(TP53):c.218T>A (p.Val73Glu),72,V,E,0,TP53:V72E,25.04762061302025,0.007060024103723528,0.06511270227843038,11.890809059143066,hugohrban/progen2-small
TP53,NM_000546.6(TP53):c.217G>A (p.Val73Met),72,V,M,0,TP53:V72M,28.12369940650227,0.004985752913240937,0.12644101448238465,26.789745330810547,hugohrban/progen2-small
TP53,NM_000546.6(TP53):c.221C>T (p.Ala74Val),73,A,V,0,TP53:A73V,13.024111621384566,0.006980814720097428,0.22949166914407876,7.19034481048584,hugohrban/progen2-small
TP53,NM_000546.6(TP53):c.223C>T (p.Pro75Ser),74,P,S,0,TP53:P74S,17.236003055814862,0.011057991251535754,0.13623978190782132,14.54442024230957,hugohrban/progen2-small
TP53,NM_000546.6(TP53):c.227C>G (p.Ala76Gly),75,A,G,0,TP53:A75G,23.99566208689042,0.013459885006630895,0.5596528077349583,16.456850051879883,hugohrban/progen2-small
TP53,NM_000546.6(TP53):c.236C>T (p.Ala79Val),78,A,V,0,TP53:A78V,15.69742810784773,0.008799352468338628,0.15565578440876288,9.633024215698242,hugohrban/progen2-small
TP53,NM_000546.6(TP53):c.245C>T (p.Pro82Leu),81,P,L,0,TP53:P81L,21.583328411391214,0.012667978272910246,0.3988024149594377,22.546520233154297,hugohrban/progen2-small
TP53,NM_000546.6(TP53):c.247G>C (p.Ala83Pro),82,A,P,0,TP53:A82P,14.789965206952562,0.009329136526141202,0.2328777937691825,13.412789344787598,hugohrban/progen2-small
TP53,NM_000546.6(TP53):c.250G>A (p.Ala84Thr),83,A,T,0,TP53:A83T,17.096743799834776,0.012786516715370344,0.21407945444621435,12.939778327941895,hugohrban/progen2-small
TP53,NM_000546.6(TP53):c.280T>G (p.Ser94Ala),93,S,A,0,TP53:S93A,11.753704498822096,0.01107623950914799,0.037997666334392395,8.412501335144043,hugohrban/progen2-small
TP53,NM_000546.6(TP53):c.281C>T (p.Ser94Leu),93,S,L,0,TP53:S93L,17.534905158798225,0.01733765672568155,0.11376131538184434,16.355886459350586,hugohrban/progen2-small
TP53,NM_000546.6(TP53):c.283T>A (p.Ser95Thr),94,S,T,0,TP53:S94T,9.713587338984826,0.008936160145746802,0.037939493389135256,14.15961742401123,hugohrban/progen2-small
TP53,NM_000546.6(TP53):c.318C>G (p.Ser106Arg),105,S,R,1,TP53:S105R,16.632761121433173,0.014539364882520861,0.1256870553350041,10.330796241760254,hugohrban/progen2-small
TP53,NM_000546.5(TP53):c.319T>C (p.Tyr107His),106,Y,H,0,TP53:Y106H,57.95883638113918,0.041581554514597274,1.1471463775500421,10.754191398620605,hugohrban/progen2-small
TP53,NM_000546.6(TP53):c.322G>A (p.Gly108Ser),107,G,S,0,TP53:G107S,28.89950137690043,0.0034821442538088,0.13385302176118824,8.701676368713379,hugohrban/progen2-small
TP53,NM_000546.6(TP53):c.326T>G (p.Phe109Cys),108,F,C,1,TP53:F108C,58.60419190612848,0.014805388339906023,0.4865125603271823,17.667734146118164,hugohrban/progen2-small
TP53,NM_000546.6(TP53):c.325T>A (p.Phe109Ile),108,F,I,1,TP53:F108I,40.21294505378052,0.01986129427786662,0.5036006889496185,10.430505752563477,hugohrban/progen2-small
TP53,NM_000546.6(TP53):c.328C>G (p.Arg110Gly),109,R,G,1,TP53:R109G,23.984461678609886,0.005041967173706613,0.23819346142243492,31.145225524902344,hugohrban/progen2-small
TP53,NM_000546.6(TP53):c.329G>A (p.Arg110His),109,R,H,0,TP53:R109H,27.75174358264261,0.018659907279107768,0.42338581120462737,12.401987075805664,hugohrban/progen2-small
TP53,NM_000546.6(TP53):c.329G>T (p.Arg110Leu),109,R,L,1,TP53:R109L,29.882151379855408,0.018827846719847607,0.34059736246577293,19.832298278808594,hugohrban/progen2-small
TP53,NM_000546.6(TP53):c.329G>C (p.Arg110Pro),109,R,P,1,TP53:R109P,78.50946911726841,0.10455424957404572,2.6064851638587867,18.189096450805664,hugohrban/progen2-small
TP53,NM_000546.6(TP53):c.332T>C (p.Leu111Pro),110,L,P,1,TP53:L110P,63.10292068194739,0.06594360677650282,1.1494667662417868,12.663585662841797,hugohrban/progen2-small
TP53,NM_000546.6(TP53):c.332T>A (p.Leu111Gln),110,L,Q,1,TP53:L110Q,36.09936691059752,0.031399084441828595,0.6239939599552904,12.847258567810059,hugohrban/progen2-small
TP53,NM_000546.6(TP53):c.332T>G (p.Leu111Arg),110,L,R,1,TP53:L110R,64.82645991270584,0.051704435651108854,2.2663463861406927,24.347909927368164,hugohrban/progen2-small
TP53,NM_000546.6(TP53):c.331C>G (p.Leu111Val),110,L,V,0,TP53:L110V,24.800976094575578,0.029192990126137353,0.5201221823701084,10.304481506347656,hugohrban/progen2-small
TP53,NM_000546.6(TP53):c.338T>G (p.Phe113Cys),112,F,C,1,TP53:F112C,65.37991258440904,0.06353974977706711,2.034981391786425,16.441083908081055,hugohrban/progen2-small
TP53,NM_000546.6(TP53):c.339C>A (p.Phe113Leu),112,F,L,1,TP53:F112L,11.339816871824963,0.00216751704332363,0.05702855727202824,8.845406532287598,hugohrban/progen2-small
TP53,NM_000546.6(TP53):c.344A>G (p.His115Arg),114,H,R,0,TP53:H114R,20.45345132098165,0.008651377751341977,0.05353363752802425,12.036481857299805,hugohrban/progen2-small
TP53,NM_000546.6(TP53):c.353C>T (p.Thr118Ile),117,T,I,0,TP53:T117I,23.886554242119328,0.013635498468177132,0.45608161634699684,22.873600006103516,hugohrban/progen2-small
TP53,NM_000546.6(TP53):c.364G>A (p.Val122Met),121,V,M,0,TP53:V121M,22.034031458359102,0.0036524542285787664,0.14378223438316956,20.151002883911133,hugohrban/progen2-small
TP53,NM_000546.6(TP53):c.370T>C (p.Cys124Arg),123,C,R,1,TP53:C123R,36.12999848483286,0.0036417707487175766,1.4635872033652602,12.264774322509766,hugohrban/progen2-small
TP53,NM_000546.6(TP53):c.370T>A (p.Cys124Ser),123,C,S,0,TP53:C123S,72.36999149434091,0.055315523473597944,1.6125906504602832,10.533027648925781,hugohrban/progen2-small
TP53,NM_000546.6(TP53):c.372C>G (p.Cys124Trp),123,C,W,0,TP53:C123W,47.87025870963997,0.04187518249004221,3.031474499835956,10.211320877075195,hugohrban/progen2-small
TP53,NM_000546.6(TP53):c.374C>A (p.Thr125Lys),124,T,K,1,TP53:T124K,30.36846378824258,0.02130293410086287,0.9895685779344895,8.524486541748047,hugohrban/progen2-small
TP53,NM_000546.6(TP53):c.380C>G (p.Ser127Cys),126,S,C,1,TP53:S126C,62.92363651551386,0.05802476418312749,4.752217729853078,30.095779418945312,hugohrban/progen2-small
TP53,NM_000546.6(TP53):c.379T>A (p.Ser127Thr),126,S,T,1,TP53:S126T,10.07884540241877,0.0013341326396185405,0.04557385886243884,7.8189849853515625,hugohrban/progen2-small
TP53,NM_000546.6(TP53):c.380C>A (p.Ser127Tyr),126,S,Y,1,TP53:S126Y,31.321575746750554,0.018618407977947837,0.8552620101572332,16.026790618896484,hugohrban/progen2-small
TP53,NM_000546.6(TP53):c.386C>A (p.Ala129Asp),128,A,D,0,TP53:A128D,27.465430151795676,0.009005812567307425,0.21806238799128672,35.42878723144531,hugohrban/progen2-small
TP53,NM_000546.6(TP53):c.389T>A (p.Leu130His),129,L,H,1,TP53:L129H,67.28564869602124,0.09012723200157338,2.620511939191477,7.963586330413818,hugohrban/progen2-small
TP53,NM_000546.6(TP53):c.389T>C (p.Leu130Pro),129,L,P,1,TP53:L129P,72.513482697835,0.05572732713520298,1.2107527780794303,11.469279289245605,hugohrban/progen2-small
TP53,NM_000546.6(TP53):c.391A>C (p.Asn131His),130,N,H,1,TP53:N130H,50.93554485537126,0.08273368509380644,1.3195735112056184,16.034963607788086,hugohrban/progen2-small
TP53,NM_000546.6(TP53):c.396G>C (p.Lys132Asn),131,K,N,1,TP53:K131N,31.136153300086335,0.05904279699891221,1.759716571854392,11.725855827331543,hugohrban/progen2-small
TP53,NM_000546.6(TP53):c.398T>C (p.Met133Thr),132,M,T,1,TP53:M132T,30.790354059092323,0.05251721664040973,1.1624809641789997,18.27996253967285,hugohrban/progen2-small
TP53,NM_000546.6(TP53):c.401T>G (p.Phe134Cys),133,F,C,1,TP53:F133C,38.63927769050811,0.05215920179477987,2.367930947003109,11.400282859802246,hugohrban/progen2-small
TP53,NM_000546.6(TP53):c.403T>G (p.Cys135Gly),134,C,G,1,TP53:C134G,18.94278048843534,0.031288973150292665,1.5576723385386253,14.377237319946289,hugohrban/progen2-small
TP53,NM_000546.6(TP53):c.404G>C (p.Cys135Ser),134,C,S,1,TP53:C134S,10.790769350853857,0.007817449910882207,0.42490094998649264,15.444563865661621,hugohrban/progen2-small
TP53,NM_000546.6(TP53):c.412G>C (p.Ala138Pro),137,A,P,1,TP53:A137P,13.016828099693967,0.011439581391610804,0.15458876463346244,11.45288372039795,hugohrban/progen2-small
TP53,NM_000546.6(TP53):c.413C>T (p.Ala138Val),137,A,V,1,TP53:A137V,7.404668536395804,0.00321404623943361,0.05154008163861133,8.474759101867676,hugohrban/progen2-small
TP53,NM_000546.6(TP53):c.423C>G (p.Cys141Trp),140,C,W,1,TP53:C140W,25.04448875445633,0.037075745388470416,0.44078113378615214,24.344348907470703,hugohrban/progen2-small
TP53,NM_000546.6(TP53):c.428T>C (p.Val143Ala),142,V,A,1,TP53:V142A,9.913988804898587,0.00701995323698415,0.2136125324839748,11.727197647094727,hugohrban/progen2-small
TP53,NM_000546.6(TP53):c.451C>G (p.Pro151Ala),150,P,A,1,TP53:P150A,12.237333279778067,0.0025282088382301837,0.03978934247225696,12.748449325561523,hugohrban/progen2-small
TP53,NM_000546.6(TP53):c.455C>T (p.Pro152Leu),151,P,L,1,TP53:P151L,15.729173521567574,0.014352775186217304,0.5155344361989043,17.243928909301758,hugohrban/progen2-small
TP53,NM_000546.6(TP53):c.469G>A (p.Val157Ile),156,V,I,0,TP53:V156I,8.382167996676104,0.0033759139399608673,0.02612176090441712,8.456925392150879,hugohrban/progen2-small
TP53,NM_000546.6(TP53):c.472C>G (p.Arg158Gly),157,R,G,1,TP53:R157G,19.255055339943404,0.020670904245901067,0.43524729765957315,39.37678909301758,hugohrban/progen2-small
TP53,NM_000546.6(TP53):c.473G>T (p.Arg158Leu),157,R,L,1,TP53:R157L,23.28858247664126,0.02270339352541037,0.17206741020017452,38.69988250732422,hugohrban/progen2-small
TP53,NM_000546.6(TP53):c.473G>C (p.Arg158Pro),157,R,P,1,TP53:R157P,23.00209693576908,0.0013190843615505932,0.0907580573233581,46.3442497253418,hugohrban/progen2-small
TP53,NM_000546.6(TP53):c.472C>A (p.Arg158Ser),157,R,S,1,TP53:R157S,17.527506910135745,0.0035790897665406995,0.0962690688985476,23.685592651367188,hugohrban/progen2-small
TP53,NM_000546.6(TP53):c.480G>A (p.Met160Ile),159,M,I,0,TP53:M159I,15.133388693099425,0.01496807285036908,0.06268714403969014,23.035606384277344,hugohrban/progen2-small
TP53,NM_000546.6(TP53):c.488A>G (p.Tyr163Cys),162,Y,C,1,TP53:Y162C,43.97234033351031,0.03846400926600896,1.2300021851462242,13.720187187194824,hugohrban/progen2-small
TP53,NM_000546.6(TP53):c.487T>C (p.Tyr163His),162,Y,H,1,TP53:Y162H,23.273123819084237,0.01176417120783077,0.08412857482633998,12.11637020111084,hugohrban/progen2-small
TP53,NM_000546.6(TP53):c.490A>G (p.Lys164Glu),163,K,E,1,TP53:K163E,16.628903293530843,0.004605099601488666,0.07163774314168489,23.761932373046875,hugohrban/progen2-small
TP53,NM_000546.6(TP53):c.494A>T (p.Gln165Leu),164,Q,L,1,TP53:Q164L,39.72192734355221,0.019328437571685786,0.2053985466257451,18.527986526489258,hugohrban/progen2-small
TP53,NM_000546.6(TP53):c.496T>A (p.Ser166Thr),165,S,T,0,TP53:S165T,12.760143653997694,0.013295890871242333,0.14999672650489052,16.490982055664062,hugohrban/progen2-small
TP53,NM_000546.6(TP53):c.503A>T (p.His168Leu),167,H,L,1,TP53:H167L,29.005365277816068,0.003751652542556383,0.09988950215288817,21.59760856628418,hugohrban/progen2-small
TP53,NM_000546.6(TP53):c.503A>C (p.His168Pro),167,H,P,1,TP53:H167P,40.17140572667913,0.05070893706931598,1.7397855196515637,16.75030517578125,hugohrban/progen2-small
TP53,NM_000546.6(TP53):c.509C>T (p.Thr170Met),169,T,M,0,TP53:T169M,29.054341721750024,0.03196652514084444,0.9715086758153757,18.82878875732422,hugohrban/progen2-small
TP53,NM_000546.6(TP53):c.513G>T (p.Glu171Asp),170,E,D,1,TP53:E170D,11.456080534436452,0.0047812369564125545,0.11065058221527864,8.697731971740723,hugohrban/progen2-small
TP53,NM_000546.6(TP53):c.512A>G (p.Glu171Gly),170,E,G,1,TP53:E170G,68.33307080303824,0.0802284117881818,3.2649847525718965,13.4522705078125,hugohrban/progen2-small
TP53,NM_000546.6(TP53):c.511G>A (p.Glu171Lys),170,E,K,0,TP53:E170K,44.279789624269824,0.03552460033854085,0.27074659623515174,14.482377052307129,hugohrban/progen2-small
TP53,NM_000546.6(TP53):c.517G>A (p.Val173Met),172,V,M,1,TP53:V172M,16.32227474493849,0.002792225306942564,0.03578965445869774,29.79729652404785,hugohrban/progen2-small
TP53,NM_000546.6(TP53):c.523C>G (p.Arg175Gly),174,R,G,1,TP53:R174G,109.42445026462227,0.11470016569103794,5.579024257267895,13.965320587158203,hugohrban/progen2-small
TP53,NM_000546.6(TP53):c.524G>A (p.Arg175His),174,R,H,1,TP53:R174H,109.07915200908263,0.12449381765812456,8.26758646952678,14.781774520874023,hugohrban/progen2-small
TP53,NM_000546.6(TP53):c.524G>T (p.Arg175Leu),174,R,L,1,TP53:R174L,78.8593423065133,0.0969284990855753,3.978471476808446,16.92938995361328,hugohrban/progen2-small
TP53,NM_000546.6(TP53):c.527G>A (p.Cys176Tyr),175,C,Y,1,TP53:C175Y,86.60725021921199,0.13489920740131903,12.363409318581942,14.058771133422852,hugohrban/progen2-small
TP53,NM_000546.6(TP53):c.532C>G (p.His178Asp),177,H,D,1,TP53:H177D,74.96977972430193,0.10151148432687221,6.4372433741385855,19.085535049438477,hugohrban/progen2-small
TP53,NM_000546.6(TP53):c.537T>A (p.His179Gln),178,H,Q,1,TP53:H178Q,83.75324468460212,0.10251170981021396,4.705029761274616,59.48236846923828,hugohrban/progen2-small
TP53,NM_000546.6(TP53):c.538G>A (p.Glu180Lys),179,E,K,1,TP53:E179K,19.947032793583055,0.02235181178714804,0.4363741613703543,28.828475952148438,hugohrban/progen2-small
TP53,NM_000546.6(TP53):c.541C>T (p.Arg181Cys),180,R,C,1,TP53:R180C,26.006446661350505,0.002444247668809657,0.06673086947609941,30.878156661987305,hugohrban/progen2-small
TP53,NM_000546.6(TP53):c.547T>C (p.Ser183Pro),182,S,P,0,TP53:S182P,10.789517555990336,0.009852864890534108,0.1376992131751407,15.206230163574219,hugohrban/progen2-small
TP53,NM_000546.6(TP53):c.554G>A (p.Ser185Asn),184,S,N,0,TP53:S184N,7.5202001278436335,0.003133056948040641,0.02066420253774045,16.752199172973633,hugohrban/progen2-small
TP53,NM_000546.6(TP53):c.555C>G (p.Ser185Arg),184,S,R,0,TP53:S184R,16.81962924412246,0.019907436408630325,0.20278645506025353,28.160900115966797,hugohrban/progen2-small
TP53,NM_000546.6(TP53):c.558T>A (p.Asp186Glu),185,D,E,0,TP53:D185E,6.188058576111384,0.005014164244202424,0.020538549217912868,9.270698547363281,hugohrban/progen2-small
TP53,NM_000546.6(TP53):c.556G>A (p.Asp186Asn),185,D,N,0,TP53:D185N,16.98611293518607,0.024721118990467084,0.3772209863479669,17.57000732421875,hugohrban/progen2-small
TP53,NM_000546.6(TP53):c.569C>T (p.Pro190Leu),189,P,L,1,TP53:P189L,28.36382169500525,0.02859390013319521,0.37110916412046085,18.715194702148438,hugohrban/progen2-small
TP53,NM_000546.6(TP53):c.572C>G (p.Pro191Arg),190,P,R,0,TP53:P190R,25.118315300963204,0.018821748131490262,0.3558906962665487,13.919989585876465,hugohrban/progen2-small
TP53,NM_000546.6(TP53):c.576G>C (p.Gln192His),191,Q,H,0,TP53:Q191H,14.605509614383404,0.004695821555606244,0.10003445914547225,12.158106803894043,hugohrban/progen2-small
TP53,NM_000546.6(TP53):c.578A>C (p.His193Pro),192,H,P,1,TP53:H192P,33.26802888942408,0.04069137455641142,0.7080394437242103,20.323041915893555,hugohrban/progen2-small
TP53,NM_000546.6(TP53):c.581T>G (p.Leu194Arg),193,L,R,1,TP53:L193R,58.003257548608644,0.010333489409596525,1.330762140358815,36.60967254638672,hugohrban/progen2-small
TP53,NM_000546.6(TP53):c.584T>C (p.Ile195Thr),194,I,T,1,TP53:I194T,32.97983982144646,0.02714688230348658,0.2790159885472827,20.32841682434082,hugohrban/progen2-small
TP53,NM_000546.6(TP53):c.589G>A (p.Val197Met),196,V,M,1,TP53:V196M,23.901202979472643,0.020197917130378246,0.11727907412297986,36.859039306640625,hugohrban/progen2-small
TP53,NM_000546.6(TP53):c.596G>T (p.Gly199Val),198,G,V,1,TP53:G198V,40.7537763708619,0.05724145723160215,2.6006177651304054,52.767967224121094,hugohrban/progen2-small
TP53,NM_000546.6(TP53):c.612G>C (p.Glu204Asp),203,E,D,0,TP53:E203D,13.594992435044173,0.0020799476901240954,0.04623224559200522,19.671321868896484,hugohrban/progen2-small
TP53,NM_000546.6(TP53):c.614A>G (p.Tyr205Cys),204,Y,C,1,TP53:Y204C,21.179568771257856,0.016350803471078645,0.2697117882084504,30.36758804321289,hugohrban/progen2-small
TP53,NM_000546.6(TP53):c.621T>G (p.Asp207Glu),206,D,E,0,TP53:D206E,10.933960901907584,0.007947728099835322,0.05669430705615233,17.78839874267578,hugohrban/progen2-small
TP53,NM_000546.6(TP53):c.629A>G (p.Asn210Ser),209,N,S,0,TP53:N209S,10.539319133012208,0.004368717392782551,0.061368494645889844,26.010643005371094,hugohrban/progen2-small
TP53,NM_000546.6(TP53):c.635T>C (p.Phe212Ser),211,F,S,0,TP53:F211S,26.429650761463,0.003300523622197349,0.11171030516034353,20.610271453857422,hugohrban/progen2-small
TP53,NM_000546.6(TP53):c.641A>T (p.His214Leu),213,H,L,1,TP53:H213L,56.85224388028361,0.023048299689961166,0.6966559537541673,34.702064514160156,hugohrban/progen2-small
TP53,NM_000546.6(TP53):c.641A>G (p.His214Arg),213,H,R,1,TP53:H213R,39.399394874513305,0.0031362610714727457,0.1374560035658976,32.644309997558594,hugohrban/progen2-small
TP53,NM_000546.6(TP53):c.653T>A (p.Val218Glu),217,V,E,1,TP53:V217E,54.18802742533883,0.01725106280191624,1.310056969935113,40.07015609741211,hugohrban/progen2-small
TP53,NM_000546.6(TP53):c.659A>G (p.Tyr220Cys),219,Y,C,1,TP53:Y219C,72.67350555191035,0.042438089626335634,2.027749997747238,15.431992530822754,hugohrban/progen2-small
TP53,NM_000546.6(TP53):c.659A>C (p.Tyr220Ser),219,Y,S,1,TP53:Y219S,58.040941191370834,0.0010312362037764589,1.5303527458953614,16.086822509765625,hugohrban/progen2-small
TP53,NM_000546.6(TP53):c.682G>T (p.Asp228Tyr),227,D,Y,0,TP53:D227Y,83.703313167276,0.052365212000871936,1.3699500126431323,22.936681747436523,hugohrban/progen2-small
TP53,NM_000546.6(TP53):c.695T>G (p.Ile232Ser),231,I,S,1,TP53:I231S,114.2798840742397,0.08452307814448076,1.9715685533964056,11.964792251586914,hugohrban/progen2-small
TP53,NM_000546.6(TP53):c.704A>G (p.Asn235Ser),234,N,S,0,TP53:N234S,40.08046579309666,0.00506105475987742,0.11938208069820926,19.76250648498535,hugohrban/progen2-small
TP53,NM_000546.6(TP53):c.711G>A (p.Met237Ile),236,M,I,1,TP53:M236I,49.36923340341423,0.024348471340035593,0.16133271279419514,22.811988830566406,hugohrban/progen2-small
TP53,NM_000546.6(TP53):c.717C>A (p.Asn239Lys),238,N,K,1,TP53:N238K,188.85633531071474,0.14715910693016596,6.177472435533573,30.571653366088867,hugohrban/progen2-small
TP53,NM_000546.6(TP53):c.718A>T (p.Ser240Cys),239,S,C,1,TP53:S239C,239.37338721852896,0.16655825738186722,11.005678431193124,26.61693572998047,hugohrban/progen2-small
TP53,NM_000546.6(TP53):c.719G>A (p.Ser240Asn),239,S,N,1,TP53:S239N,72.52759426766882,0.010183887385342733,0.14948255595539153,15.810059547424316,hugohrban/progen2-small
TP53,NM_000546.6(TP53):c.726C>G (p.Cys242Trp),241,C,W,1,TP53:C241W,238.9778008134483,0.180626856749782,20.479579136852074,58.03329086303711,hugohrban/progen2-small
TP53,NM_000546.6(TP53):c.730G>A (p.Gly244Ser),243,G,S,1,TP53:G243S,137.9046221237489,0.10498994414970936,3.214659849747278,17.310924530029297,hugohrban/progen2-small
TP53,NM_000546.6(TP53):c.731G>T (p.Gly244Val),243,G,V,1,TP53:G243V,146.33331513835952,0.11671636598987062,4.265947706620202,16.82025909423828,hugohrban/progen2-small
TP53,NM_000546.6(TP53):c.733G>T (p.Gly245Cys),244,G,C,1,TP53:G244C,254.59567491747964,0.20638467116974507,37.39199795794343,44.81294631958008,hugohrban/progen2-small
TP53,NM_000546.6(TP53):c.733G>A (p.Gly245Ser),244,G,S,1,TP53:G244S,179.62530592097664,0.13331163638977683,6.758431035064272,48.138465881347656,hugohrban/progen2-small
TP53,NM_000546.6(TP53):c.734G>T (p.Gly245Val),244,G,V,1,TP53:G244V,195.42110601546779,0.1562778379317674,12.293145096674856,48.81721878051758,hugohrban/progen2-small
TP53,NM_000546.6(TP53):c.738G>C (p.Met246Ile),245,M,I,1,TP53:M245I,52.3456301360173,0.03183664671009526,0.24429681803037856,36.07048416137695,hugohrban/progen2-small
TP53,NM_000546.6(TP53):c.737T>A (p.Met246Lys),245,M,K,1,TP53:M245K,128.34912443529302,0.07904834220595938,1.352217539278431,66.13040924072266,hugohrban/progen2-small
TP53,NM_000546.6(TP53):c.743G>T (p.Arg248Leu),247,R,L,1,TP53:R247L,131.38422108813532,0.0717457116459628,0.9874913246755631,54.38327407836914,hugohrban/progen2-small
TP53,NM_000546.6(TP53):c.743G>A (p.Arg248Gln),247,R,Q,1,TP53:R247Q,81.02168625783757,0.04374874145960014,0.2875808907750724,43.86693572998047,hugohrban/progen2-small
TP53,NM_000546.6(TP53):c.742C>T (p.Arg248Trp),247,R,W,1,TP53:R247W,174.7298053759225,0.10568620138698048,3.389749002707315,60.92747497558594,hugohrban/progen2-small
TP53,NM_000546.6(TP53):c.751A>T (p.Ile251Phe),250,I,F,1,TP53:I250F,69.41794367486462,0.024538281768569675,0.11475064095218418,98.65560150146484,hugohrban/progen2-small
TP53,NM_000546.6(TP53):c.761T>A (p.Ile254Asn),253,I,N,1,TP53:I253N,72.51682215980678,0.041554662918556556,0.5459893846307141,66.81900024414062,hugohrban/progen2-small
TP53,NM_000546.6(TP53):c.761T>C (p.Ile254Thr),253,I,T,1,TP53:I253T,48.70598883973141,0.020884753607452983,0.12413075952767935,46.656097412109375,hugohrban/progen2-small
TP53,NM_000546.6(TP53):c.760A>G (p.Ile254Val),253,I,V,0,TP53:I253V,13.845334266456867,0.0016013482493848485,0.006807561771679451,15.827139854431152,hugohrban/progen2-small
TP53,NM_000546.6(TP53):c.776A>C (p.Asp259Ala),258,D,A,1,TP53:D258A,57.77355085058166,0.030139019084228058,0.4522716199698721,51.35905838012695,hugohrban/progen2-small
TP53,NM_000546.6(TP53):c.779C>A (p.Ser260Tyr),259,S,Y,0,TP53:S259Y,39.06695828805611,0.013596720994915684,0.12854756819719002,33.578311920166016,hugohrban/progen2-small
TP53,NM_000546.6(TP53):c.784G>A (p.Gly262Ser),261,G,S,0,TP53:G261S,56.08880307033375,0.023806134804255114,0.3146679866221595,47.977413177490234,hugohrban/progen2-small
TP53,NM_000546.6(TP53):c.788A>G (p.Asn263Ser),262,N,S,0,TP53:N262S,55.35329386615499,0.029048572231984843,0.2383308574295804,34.080284118652344,hugohrban/progen2-small
TP53,NM_000546.6(TP53):c.796G>C (p.Gly266Arg),265,G,R,1,TP53:G265R,56.83158019543017,0.03347083389673766,0.6243838851969445,71.83353424072266,hugohrban/progen2-small
TP53,NM_000546.6(TP53):c.799C>G (p.Arg267Gly),266,R,G,1,TP53:R266G,42.379351027000084,0.022784626550089587,0.16350393419114678,60.86793518066406,hugohrban/progen2-small
TP53,NM_000546.6(TP53):c.800G>C (p.Arg267Pro),266,R,P,1,TP53:R266P,52.15898804370169,0.035719743875925025,0.7611516857114753,63.6561279296875,hugohrban/progen2-small
TP53,NM_000546.6(TP53):c.800G>A (p.Arg267Gln),266,R,Q,1,TP53:R266Q,23.22058484873867,0.005332223110328466,0.02366134540571163,46.57044982910156,hugohrban/progen2-small
TP53,NM_000546.6(TP53):c.805A>T (p.Ser269Cys),268,S,C,0,TP53:S268C,53.530522914829916,0.007380207192660138,0.22455493211263328,55.60283279418945,hugohrban/progen2-small
TP53,NM_000546.6(TP53):c.806G>T (p.Ser269Ile),268,S,I,1,TP53:S268I,37.48962973455867,0.02057860962786534,0.14721173498956883,24.88714599609375,hugohrban/progen2-small
TP53,NM_000546.6(TP53):c.808T>G (p.Phe270Val),269,F,V,1,TP53:F269V,37.368633761582885,0.0033103343470536617,0.1517653048446142,32.461673736572266,hugohrban/progen2-small
TP53,NM_000546.6(TP53):c.812A>T (p.Glu271Val),270,E,V,1,TP53:E270V,59.91213110840334,0.016072352388233513,0.1487123937879071,41.124847412109375,hugohrban/progen2-small
TP53,NM_000546.6(TP53):c.814G>C (p.Val272Leu),271,V,L,1,TP53:V271L,23.447597993237576,0.008495304066254566,0.03206291319998045,10.262177467346191,hugohrban/progen2-small
TP53,NM_000546.6(TP53):c.814G>A (p.Val272Met),271,V,M,1,TP53:V271M,22.198842045505664,0.005921127355174166,0.02911935309444147,13.414234161376953,hugohrban/progen2-small
TP53,NM_000546.6(TP53):c.818G>A (p.Arg273His),272,R,H,1,TP53:R272H,47.44178393472144,0.01813230021532533,0.0813006696959945,61.93116760253906,hugohrban/progen2-small
TP53,NM_000546.6(TP53):c.818G>T (p.Arg273Leu),272,R,L,1,TP53:R272L,64.53816050445,0.03498516146423472,0.3886558224559445,66.20448303222656,hugohrban/progen2-small
TP53,NM_000546.6(TP53):c.817C>A (p.Arg273Ser),272,R,S,1,TP53:R272S,54.4552867385679,0.03132770239750762,0.33806989738002347,59.16208267211914,hugohrban/progen2-small
TP53,NM_000546.6(TP53):c.820G>A (p.Val274Ile),273,V,I,0,TP53:V273I,15.259081719699187,0.005844350516085672,0.05418633577170251,15.527654647827148,hugohrban/progen2-small
TP53,NM_000546.6(TP53):c.824G>T (p.Cys275Phe),274,C,F,1,TP53:C274F,58.154007248801776,0.043574351935642214,1.5968576116579978,38.81874084472656,hugohrban/progen2-small
TP53,NM_000546.6(TP53):c.829T>G (p.Cys277Gly),276,C,G,1,TP53:C276G,82.95934010782871,0.09157388226171045,7.205160912034258,43.90244674682617,hugohrban/progen2-small
TP53,NM_000546.6(TP53):c.833C>T (p.Pro278Leu),277,P,L,1,TP53:P277L,100.12909344813302,0.08799371971034384,9.029763257212656,68.43498229980469,hugohrban/progen2-small
TP53,NM_000546.6(TP53):c.842A>G (p.Asp281Gly),280,D,G,1,TP53:D280G,49.78511905946252,0.05137312251273776,1.6574623912693323,35.88029861450195,hugohrban/progen2-small
TP53,NM_000546.6(TP53):c.844C>G (p.Arg282Gly),281,R,G,1,TP53:R281G,36.31919706940627,0.02264016146606601,0.7413845694088109,45.44945526123047,hugohrban/progen2-small
TP53,NM_000546.6(TP53):c.847C>T (p.Arg283Cys),282,R,C,0,TP53:R282C,42.106944412218056,0.012930066413990415,0.5811596187668275,37.6025390625,hugohrban/progen2-small
TP53,NM_000546.6(TP53):c.851C>T (p.Thr284Ile),283,T,I,0,TP53:T283I,24.70946054933055,0.01149317615919282,0.1910079331957755,37.005943298339844,hugohrban/progen2-small
TP53,NM_000546.6(TP53):c.854A>T (p.Glu285Val),284,E,V,1,TP53:E284V,38.76812315212448,0.0018741609760135614,0.5599775378453156,34.342533111572266,hugohrban/progen2-small
TP53,NM_000546.6(TP53):c.857A>C (p.Glu286Ala),285,E,A,1,TP53:E285A,29.017071710620495,0.002602659790793327,0.1100557323370158,31.34294891357422,hugohrban/progen2-small
TP53,NM_000546.6(TP53):c.860A>G (p.Glu287Gly),286,E,G,0,TP53:E286G,57.78110508837232,0.005602610471868469,0.8107269780951593,76.4928207397461,hugohrban/progen2-small
TP53,NM_000546.6(TP53):c.866T>C (p.Leu289Pro),288,L,P,0,TP53:L288P,65.53710363739775,0.022448234573837267,0.9534250341580427,28.811084747314453,hugohrban/progen2-small
TP53,NM_000546.6(TP53):c.868C>T (p.Arg290Cys),289,R,C,0,TP53:R289C,20.039662583842237,0.0005357078094607448,0.18143451973757713,30.448522567749023,hugohrban/progen2-small
TP53,NM_000546.6(TP53):c.869G>A (p.Arg290His),289,R,H,0,TP53:R289H,10.369520661839674,0.0030768769538484786,0.05156463491564689,18.20363426208496,hugohrban/progen2-small
TP53,NM_000546.6(TP53):c.875A>G (p.Lys292Arg),291,K,R,0,TP53:K291R,16.978090191174633,0.006025900467153483,0.06794390308135016,12.905893325805664,hugohrban/progen2-small
TP53,NM_000546.6(TP53):c.877G>T (p.Gly293Trp),292,G,W,0,TP53:G292W,25.72728635850705,0.0023302152978109947,0.2027976465911209,27.16941261291504,hugohrban/progen2-small
TP53,NM_000546.6(TP53):c.883C>T (p.Pro295Ser),294,P,S,0,TP53:P294S,11.114227669339758,0.003232507328986667,0.3664732689376316,18.327301025390625,hugohrban/progen2-small
TP53,NM_000546.6(TP53):c.887A>G (p.His296Arg),295,H,R,1,TP53:H295R,25.34248925581202,0.012656879533514409,0.0913552063401578,16.822509765625,hugohrban/progen2-small
TP53,NM_000546.6(TP53):c.886C>T (p.His296Tyr),295,H,Y,0,TP53:H295Y,23.00578276010373,0.007758797873784501,0.10165411659764748,36.327457427978516,hugohrban/progen2-small
TP53,NM_000546.6(TP53):c.892G>A (p.Glu298Lys),297,E,K,0,TP53:E297K,16.5149623687377,0.014306347724954205,0.08276508705376301,28.30682373046875,hugohrban/progen2-small
TP53,NM_000546.6(TP53):c.899C>T (p.Pro300Leu),299,P,L,0,TP53:P299L,22.811629436933256,0.00566941678811439,0.07160757729448966,17.82402801513672,hugohrban/progen2-small
TP53,NM_000546.6(TP53):c.905G>C (p.Gly302Ala),301,G,A,0,TP53:G301A,54.45039000763097,0.030747517974708316,0.13830454543843299,37.3011360168457,hugohrban/progen2-small
TP53,NM_000546.6(TP53):c.907A>G (p.Ser303Gly),302,S,G,0,TP53:S302G,92.7537981392955,0.06187635943672104,0.11803333218484532,23.371177673339844,hugohrban/progen2-small
TP53,NM_000546.6(TP53):c.920C>G (p.Ala307Gly),306,A,G,0,TP53:A306G,14.89421536732096,0.001136875358081324,0.04815166051847938,23.275535583496094,hugohrban/progen2-small
TP53,NM_000546.6(TP53):c.930C>G (p.Asn310Lys),309,N,K,0,TP53:N309K,15.297683522718303,0.0043323024954601,0.06546406921410969,11.620532035827637,hugohrban/progen2-small
TP53,NM_000546.6(TP53):c.929A>G (p.Asn310Ser),309,N,S,0,TP53:N309S,12.328688241264798,0.006619675248390189,0.05915621255431425,11.4657564163208,hugohrban/progen2-small
TP53,NM_000546.6(TP53):c.935C>A (p.Thr312Asn),311,T,N,0,TP53:T311N,11.397041002796502,0.004863289602701548,0.061895266255516515,13.249957084655762,hugohrban/progen2-small
TP53,NM_000546.6(TP53):c.935C>G (p.Thr312Ser),311,T,S,0,TP53:T311S,8.88478926261483,0.004282904686853994,0.05317576519419309,12.008137702941895,hugohrban/progen2-small
TP53,NM_000546.6(TP53):c.938G>A (p.Ser313Asn),312,S,N,0,TP53:S312N,9.008267649518665,0.0016675912378308066,0.07987522107151582,11.869074821472168,hugohrban/progen2-small
TP53,NM_000546.6(TP53):c.943T>A (p.Ser315Thr),314,S,T,0,TP53:S314T,9.1184629807566,0.001377953288682815,0.04613240355609072,10.808424949645996,hugohrban/progen2-small
TP53,NM_000546.6(TP53):c.946C>A (p.Pro316Thr),315,P,T,0,TP53:P315T,20.712640986684825,0.007588715941206997,0.027831872590799667,14.531323432922363,hugohrban/progen2-small
TP53,NM_000546.6(TP53):c.949C>A (p.Gln317Lys),316,Q,K,0,TP53:Q316K,22.98852299505708,0.01123827383846765,0.08281946432626522,7.205522537231445,hugohrban/progen2-small
TP53,NM_000546.6(TP53):c.952C>T (p.Pro318Ser),317,P,S,0,TP53:P317S,13.394452605750011,0.007084488889527785,0.05590214637063625,11.615851402282715,hugohrban/progen2-small
TP53,NM_000546.6(TP53):c.956A>C (p.Lys319Thr),318,K,T,0,TP53:K318T,15.164526091193629,0.010299054919606698,0.10946336835724427,24.39788055419922,hugohrban/progen2-small
TP53,NM_000546.6(TP53):c.972T>A (p.Asp324Glu),323,D,E,0,TP53:D323E,6.107947139216584,0.00490101506945273,0.27024816419721803,8.287370681762695,hugohrban/progen2-small
TP53,NM_000546.6(TP53):c.970G>A (p.Asp324Asn),323,D,N,0,TP53:D323N,8.259456591319024,0.005398952306882893,0.1394749824849168,22.364168167114258,hugohrban/progen2-small
TP53,NM_000546.6(TP53):c.978A>C (p.Glu326Asp),325,E,D,0,TP53:E325D,9.740695627139608,0.013335584962714309,0.19729046954568247,6.046529293060303,hugohrban/progen2-small
TP53,NM_000546.6(TP53):c.977A>T (p.Glu326Val),325,E,V,1,TP53:E325V,14.499824175349275,0.0035968866177970293,0.24239459885792156,13.590096473693848,hugohrban/progen2-small
TP53,NM_000546.6(TP53):c.994A>C (p.Ile332Leu),331,I,L,0,TP53:I331L,8.845029750373207,0.003897144897119287,0.053839983089742735,6.890890598297119,hugohrban/progen2-small
TP53,NM_000546.6(TP53):c.995T>A (p.Ile332Asn),331,I,N,1,TP53:I331N,56.18063148899726,0.07790895664574199,1.8864356612191993,13.581896781921387,hugohrban/progen2-small
TP53,NM_000546.6(TP53):c.997C>T (p.Arg333Cys),332,R,C,0,TP53:R332C,15.70986111905339,0.0024717029552407677,0.28992645405129874,18.47295379638672,hugohrban/progen2-small
TP53,NM_000546.6(TP53):c.998G>A (p.Arg333His),332,R,H,0,TP53:R332H,12.475117392770809,0.006513017975402408,0.30363272605456826,10.386774063110352,hugohrban/progen2-small
TP53,NM_000546.6(TP53):c.1000G>T (p.Gly334Trp),333,G,W,1,TP53:G333W,48.52051274321771,0.04369219934839813,0.45326303347292757,12.866168975830078,hugohrban/progen2-small
TP53,NM_000546.6(TP53):c.1003C>T (p.Arg335Cys),334,R,C,0,TP53:R334C,19.965386607712336,0.009531416938739878,0.17006427947567304,13.52853012084961,hugohrban/progen2-small
TP53,NM_000546.6(TP53):c.1004G>T (p.Arg335Leu),334,R,L,0,TP53:R334L,17.001774197636337,0.008616633415551994,0.09951603604369,10.339777946472168,hugohrban/progen2-small
TP53,NM_000546.6(TP53):c.1006G>C (p.Glu336Gln),335,E,Q,0,TP53:E335Q,8.549727192319084,0.005899458271522329,0.024821303627816912,9.091951370239258,hugohrban/progen2-small
TP53,NM_000546.6(TP53):c.1009C>T (p.Arg337Cys),336,R,C,1,TP53:R336C,37.087209865390385,0.03324739267828411,0.8048159442750955,13.321114540100098,hugohrban/progen2-small
TP53,NM_000546.6(TP53):c.1009C>G (p.Arg337Gly),336,R,G,1,TP53:R336G,12.03459365777313,0.0030357083169859356,0.07350616118705064,16.964384078979492,hugohrban/progen2-small
TP53,NM_000546.6(TP53):c.1010G>T (p.Arg337Leu),336,R,L,1,TP53:R336L,19.51028288370481,0.004497039796274499,0.6918495954970136,10.939288139343262,hugohrban/progen2-small
TP53,NM_000546.6(TP53):c.1010G>C (p.Arg337Pro),336,R,P,1,TP53:R336P,13.345864162919836,0.0027051395030900927,0.058264910565375125,9.404278755187988,hugohrban/progen2-small
TP53,NM_000546.6(TP53):c.1009C>A (p.Arg337Ser),336,R,S,1,TP53:R336S,15.81050191017865,0.01611428084951355,0.4278765503841122,13.914143562316895,hugohrban/progen2-small
TP53,NM_000546.6(TP53):c.1015G>C (p.Glu339Gln),338,E,Q,0,TP53:E338Q,12.048120622427808,0.008641194609095043,0.043467587606719746,12.174582481384277,hugohrban/progen2-small
TP53,NM_000546.6(TP53):c.1020G>T (p.Met340Ile),339,M,I,0,TP53:M339I,9.461407732364119,0.004627622574454121,0.05113905949211013,18.90766143798828,hugohrban/progen2-small
TP53,NM_000546.6(TP53):c.1023C>G (p.Phe341Leu),340,F,L,0,TP53:F340L,38.70889245951822,0.03114596239404771,0.06749848604273424,7.844997406005859,hugohrban/progen2-small
TP53,NM_000546.6(TP53):c.1025G>C (p.Arg342Pro),341,R,P,1,TP53:R341P,13.786884576161755,0.005557584158709661,0.19764790377690666,12.635590553283691,hugohrban/progen2-small
TP53,NM_000546.6(TP53):c.1025G>A (p.Arg342Gln),341,R,Q,0,TP53:R341Q,14.726854989578708,0.01400728056003761,0.2755166246295484,8.662349700927734,hugohrban/progen2-small
TP53,NM_000546.6(TP53):c.1029G>T (p.Glu343Asp),342,E,D,0,TP53:E342D,7.731676754211499,0.00575818545529061,0.051821626436395866,7.691649436950684,hugohrban/progen2-small
TP53,NM_000546.6(TP53):c.1031T>C (p.Leu344Pro),343,L,P,1,TP53:L343P,35.506080082630945,0.020786703779557103,0.3833194836599404,27.396839141845703,hugohrban/progen2-small
TP53,NM_000546.6(TP53):c.1031T>G (p.Leu344Arg),343,L,R,1,TP53:L343R,14.042146100000362,0.002212178379542018,0.15908873417724748,11.110132217407227,hugohrban/progen2-small
TP53,NM_000546.6(TP53):c.1040C>A (p.Ala347Asp),346,A,D,1,TP53:A346D,11.566762639139903,0.01232502666694485,0.10198785947058149,7.079592704772949,hugohrban/progen2-small
TP53,NM_000546.6(TP53):c.1040C>G (p.Ala347Gly),346,A,G,0,TP53:A346G,8.123232685170878,0.0033053565337095026,0.146966913629987,8.393028259277344,hugohrban/progen2-small
TP53,NM_000546.6(TP53):c.1046A>G (p.Glu349Gly),348,E,G,0,TP53:E348G,23.312409062738286,0.02357604633695734,0.15956760485171445,19.3477783203125,hugohrban/progen2-small
TP53,NM_000546.6(TP53):c.1049T>G (p.Leu350Arg),349,L,R,0,TP53:L349R,9.67423318468037,0.004502133293580429,0.08258624676662346,12.966294288635254,hugohrban/progen2-small
TP53,NM_000546.6(TP53):c.1060C>A (p.Gln354Lys),353,Q,K,0,TP53:Q353K,6.161627198730017,0.0023081369781330907,0.029972096671162334,5.554354190826416,hugohrban/progen2-small
TP53,NM_000546.6(TP53):c.1061A>T (p.Gln354Leu),353,Q,L,0,TP53:Q353L,7.522216473238105,0.0030268475774878623,0.05805461889558712,11.235912322998047,hugohrban/progen2-small
TP53,NM_000546.6(TP53):c.1061A>C (p.Gln354Pro),353,Q,P,0,TP53:Q353P,11.754230549318354,0.006132920956769067,0.05679528261931999,10.34119701385498,hugohrban/progen2-small
TP53,NM_000546.6(TP53):c.1063G>A (p.Ala355Thr),354,A,T,0,TP53:A354T,9.030792286604559,0.005633578486876012,0.054899840303187786,7.17109489440918,hugohrban/progen2-small
TP53,NM_000546.6(TP53):c.1067G>A (p.Gly356Glu),355,G,E,0,TP53:G355E,9.119861087740935,0.004317069925513617,0.02961788026445968,9.095626831054688,hugohrban/progen2-small
TP53,NM_000546.6(TP53):c.1066G>C (p.Gly356Arg),355,G,R,0,TP53:G355R,18.118633552233412,0.010522986183968575,0.050175195016367566,9.949217796325684,hugohrban/progen2-small
TP53,NM_000546.6(TP53):c.1079G>C (p.Gly360Ala),359,G,A,0,TP53:G359A,7.524338284987096,0.005597277049190996,0.07583330912871454,9.267486572265625,hugohrban/progen2-small
TP53,NM_000546.6(TP53):c.1093C>T (p.His365Tyr),364,H,Y,0,TP53:H364Y,19.41157930175396,0.01510947135251997,0.17483116911042448,14.668661117553711,hugohrban/progen2-small
TP53,NM_000546.6(TP53):c.1096T>G (p.Ser366Ala),365,S,A,0,TP53:S365A,15.463365833125174,0.006200510791307873,0.061623529379524,6.667408466339111,hugohrban/progen2-small
TP53,NM_000546.6(TP53):c.1120G>C (p.Gly374Arg),373,G,R,0,TP53:G373R,13.916944192416967,0.004284289820241288,0.04662936228207186,9.756121635437012,hugohrban/progen2-small
TP53,NM_000546.6(TP53):c.1123C>A (p.Gln375Lys),374,Q,K,0,TP53:Q374K,18.853828539338753,0.027849353029293478,0.09899146134066367,20.880403518676758,hugohrban/progen2-small
TP53,NM_000546.6(TP53):c.1132T>A (p.Ser378Thr),377,S,T,0,TP53:S377T,9.199529746280495,0.002800036357935576,0.025410632373396694,7.833773136138916,hugohrban/progen2-small
TP53,NM_000546.6(TP53):c.1136G>A (p.Arg379His),378,R,H,0,TP53:R378H,12.036916877993093,0.0011153411899348653,0.08504529452863856,9.010601043701172,hugohrban/progen2-small
TP53,NM_000546.6(TP53):c.1136G>T (p.Arg379Leu),378,R,L,0,TP53:R378L,18.70648635256787,0.02031712541838565,0.13217755138387055,13.661263465881348,hugohrban/progen2-small
TP53,NM_000546.6(TP53):c.1135C>A (p.Arg379Ser),378,R,S,0,TP53:R378S,12.555724137153506,0.0016173918841132506,0.06009903023177132,12.12121868133545,hugohrban/progen2-small
TP53,NM_000546.6(TP53):c.1151T>C (p.Met384Thr),383,M,T,0,TP53:M383T,12.501241666959197,0.01121250195068385,0.14828818498780527,20.9041748046875,hugohrban/progen2-small
TP53,NM_000546.6(TP53):c.1150A>G (p.Met384Val),383,M,V,0,TP53:M383V,9.971090880197835,0.00752136208140286,0.09048722602344522,22.4344482421875,hugohrban/progen2-small
TP53,NM_000546.6(TP53):c.1153T>C (p.Phe385Leu),384,F,L,0,TP53:F384L,12.870009922128219,0.0030193256539080837,0.07206354093495546,14.220759391784668,hugohrban/progen2-small
TP53,NM_000546.6(TP53):c.1159A>C (p.Thr387Pro),386,T,P,0,TP53:T386P,13.877414509890254,0.0013890908138608493,0.03879210196251221,17.829856872558594,hugohrban/progen2-small
TP53,NM_000546.6(TP53):c.1163A>C (p.Glu388Ala),387,E,A,0,TP53:E387A,14.636688343269732,0.0027660428426775074,0.07074972917376016,29.421937942504883,hugohrban/progen2-small
TP53,NM_000546.6(TP53):c.1164A>T (p.Glu388Asp),387,E,D,0,TP53:E387D,7.141515393524054,0.0013755455387838844,0.011430700999227314,6.657842636108398,hugohrban/progen2-small
TP53,NM_000546.6(TP53):c.1162G>C (p.Glu388Gln),387,E,Q,0,TP53:E387Q,11.761104205701024,0.006465772776411666,0.05936773438047342,14.998394012451172,hugohrban/progen2-small
TP53,NM_000546.6(TP53):c.1177G>T (p.Asp393Tyr),392,D,Y,0,TP53:D392Y,12.55018103570907,0.005509605863293465,0.039038908525908106,23.62127113342285,hugohrban/progen2-small
