variant_id,position_0,position_1,wt_aa,mut_aa,mutation_label,n_entries,best_entry_identifier,local_rmsd_median,local_rmsd_max,global_rmsd_median,excess_local_rmsd_median,global_local_ratio_median,local_overlap_median,total_overlap_median,construct_distance_median,contact_change_count_median,contact_change_fraction_median,mutant_resolution_best,wt_resolution_best,frob_dist,trace_ratio,sps_log,ll_proper,pair_score_raw,ll_rank_norm,frob_rank_norm,pair_rank_norm,blinded_group
TP53:G244S,244,245,G,S,G245S,1,7DHY_1,1.248058766513115,1.248058766513115,1.0064239750862178,0.24163479142689726,1.2400924435511356,41.0,193.0,6.0,5.0,0.006097560975609756,2.15,2.1,52.911483979987295,0.005622209722337793,0.0562254381179585,8.987060750485398,33.14549352671144,1.0,0.09090909090909091,0.09090909090909091,unassigned
TP53:L92S,92,93,L,S,L93S,2,9FZB_1,0.5340570630312174,0.6631316161495382,0.7624811585460842,-0.22842409551486687,0.6979235357916045,17.5,193.5,2.0,1.0,0.006944444444444444,1.44,1.7,221.16922464807206,0.02559781355538476,0.28653037712429863,1.497315227985382,122.31686540903307,0.09090909090909091,1.0,1.0,group_c_low_geometry_low_likelihood
TP53:M132T,132,133,M,T,M133T,1,7EDS_1,0.29266353113012034,0.29266353113012034,0.2100509253412623,0.08261260578885804,1.3932979854987082,34.0,193.0,0.0,3.0,0.0053475935828877,1.77,1.6,131.77531174440173,0.040582616378747466,0.3448457849716479,2.0063077211380005,73.37925993393306,0.18181818181818182,0.9090909090909091,0.8181818181818182,unassigned
TP53:N234K,234,235,N,K,N235K,1,4LO9_1,3.377068759130441,3.377068759130441,3.519102809614033,-0.14203405048359175,0.9596391301511393,41.0,194.0,19.0,8.0,0.00975609756097561,2.5,2.051,94.64615891269897,0.013812541921407366,0.16713889143206853,3.2134067118167877,53.50142042230199,0.36363636363636365,0.5454545454545454,0.5454545454545454,group_c_low_geometry_low_likelihood
TP53:N238Y,238,239,N,Y,N239Y,1,4LOE_1,3.688620109819832,3.688620109819832,3.82829188684795,-0.13967177702811773,0.9635159018287089,41.0,194.0,19.0,6.0,0.007317073170731708,1.85,2.051,89.11947416478294,0.00761282606667418,0.07717886117998494,3.0333151817321777,50.3807026224101,0.2727272727272727,0.45454545454545453,0.45454545454545453,group_c_low_geometry_low_likelihood
TP53:R248S,248,249,R,S,R249S,3,3D06_1,2.8453104735367014,2.910133518070424,1.7304495810801752,1.1148608924565262,1.6442608352452612,41.0,183.0,4.0,23.0,0.02804878048780488,1.2,1.7,127.9388014844375,0.019901909585545205,0.08113924465872245,7.494949812069535,73.73906823187191,0.6363636363636364,0.8181818181818182,0.9090909090909091,unassigned
TP53:R272C,272,273,R,C,R273C,3,7B4C_1,0.8754952319916536,0.8778486383876237,0.9959405578597225,-0.12044532586806889,0.8790637403833558,36.0,191.0,0.0,0.0,0.0,1.71,1.897,108.30760348783652,0.015618330598501314,0.17890355899408794,7.992667991667986,63.16588251456068,0.8181818181818182,0.7272727272727273,0.7272727272727273,group_b_low_geometry_high_likelihood
TP53:R272H,272,273,R,H,R273H,5,7B49_1,0.9137235741686396,1.607656383902126,0.9252727408843046,-0.029699031742817572,0.9648388357729867,39.0,190.0,0.0,1.0,0.0012195121951219512,1.42,1.32,69.77385948434825,0.012203807277387013,0.1120921774579381,7.644269783049822,41.81554411876396,0.7272727272727273,0.2727272727272727,0.2727272727272727,unassigned
TP53:R279K,279,280,R,K,R280K,1,6FF9_1,0.9566916294710474,0.9566916294710474,0.8122142999059788,0.14447732956506854,1.1778808001555663,30.0,191.0,7.0,2.0,0.004597701149425287,2.0,1.7,57.74822090093773,0.00812227344120493,0.06127353170270791,7.199809819459915,35.00143591427272,0.5454545454545454,0.18181818181818182,0.18181818181818182,unassigned
TP53:R281W,281,282,R,W,R282W,4,7B4E_1,0.22390494406807943,0.6120960285925334,0.2911467092111958,-0.06724176514311635,0.8347653101496053,32.0,194.0,0.0,0.5,0.0010080645161290322,1.58,1.39,96.3135522373946,0.013628814339525498,0.3286485107130089,8.225183237344027,56.67378618737185,0.9090909090909091,0.6363636363636364,0.6363636363636364,group_b_low_geometry_high_likelihood
TP53:V271M,271,272,V,M,V272M,2,7V97_1,1.914767708449169,2.0731374792083255,1.6868771618968081,0.22789054655236074,1.1342540081399861,38.0,194.0,5.0,2.5,0.0035561877667140826,2.02,2.1,80.91491625488885,0.016960876940770524,0.07695789470923761,6.209169249981642,47.29733010268061,0.45454545454545453,0.36363636363636365,0.36363636363636365,group_a_high_geometry_low_likelihood
