gene,name,position,wt_aa,mut_aa,label,variant_id,frob_dist,trace_ratio,sps_log,ll_proper,model_name,model_label,family_label,model_kind,scalar_name,mut_token_shift,mean_token_shift
BRCA1,NM_007294.4(BRCA1):c.181T>G (p.Cys61Gly),60,C,G,0,BRCA1:C60G,154.03705472692374,0.026898256973415528,0.27482166367528216,11.883788931532763,facebook/esm2_t30_150M_UR50D,ESM2-150M,esm2,esm,ll_proper,,
BRCA1,NM_007294.4(BRCA1):c.117T>G (p.Cys39Trp),38,C,W,0,BRCA1:C38W,207.89553259167081,0.024742403025751446,0.15280860363134466,11.60839874856174,facebook/esm2_t30_150M_UR50D,ESM2-150M,esm2,esm,ll_proper,,
BRCA1,NM_007294.4(BRCA1):c.72T>G (p.Cys24Trp),23,C,W,0,BRCA1:C23W,169.58128009150167,0.009799392774980438,0.2677474251927378,8.003173434175551,facebook/esm2_t30_150M_UR50D,ESM2-150M,esm2,esm,ll_proper,,
CREBBP,NM_004380.3(CREBBP):c.4022G>C (p.Arg1341Pro),1340,R,P,1,CREBBP:R1340P,295.18791107763724,0.0710837514691772,0.407079494090609,4.109375208616257,facebook/esm2_t30_150M_UR50D,ESM2-150M,esm2,esm,ll_proper,,
CREBBP,NM_004380.3(CREBBP):c.5060C>T (p.Ser1687Phe),1686,S,F,1,CREBBP:S1686F,248.55729487597512,0.03506130980864745,0.8363138050390011,3.993163913488388,facebook/esm2_t30_150M_UR50D,ESM2-150M,esm2,esm,ll_proper,,
GRIN2A,NM_001134407.3(GRIN2A):c.236C>G (p.Pro79Arg),78,P,R,1,GRIN2A:P78R,889.3048453094336,0.04846834082445971,0.4844552764979033,3.1908264458179474,facebook/esm2_t30_150M_UR50D,ESM2-150M,esm2,esm,ll_proper,,
MSH2,NM_000251.3(MSH2):c.2091T>G (p.Cys697Trp),696,C,W,0,MSH2:C696W,94.70172621781639,0.0065709590734035666,0.13009482770671713,9.115234375,facebook/esm2_t30_150M_UR50D,ESM2-150M,esm2,esm,ll_proper,,
MSH2,NM_000251.3(MSH2):c.2030C>G (p.Thr677Arg),676,T,R,0,MSH2:T676R,216.02060129907312,0.015173152196261438,0.054126350696942674,11.531250217463821,facebook/esm2_t30_150M_UR50D,ESM2-150M,esm2,esm,ll_proper,,
TSC2,NM_000548.5(TSC2):c.4692T>G (p.Asn1564Lys),1563,N,K,1,TSC2:N1563K,979.251980959206,0.08092121400291605,1.2358027746778844,3.3203125,facebook/esm2_t30_150M_UR50D,ESM2-150M,esm2,esm,ll_proper,,
TSC2,NM_000548.5(TSC2):c.880G>A (p.Gly294Arg),293,G,R,1,TSC2:G293R,650.9880430052334,0.2168848740835143,7.505265227058176,3.4560546875,facebook/esm2_t30_150M_UR50D,ESM2-150M,esm2,esm,ll_proper,,
BRCA1,NM_007294.4(BRCA1):c.181T>G (p.Cys61Gly),60,C,G,0,BRCA1:C60G,786.7500482125548,0.019368237308347722,0.22528069461465322,10.479491863457952,facebook/esm2_t33_650M_UR50D,ESM2-650M,esm2,esm,ll_proper,,
BRCA1,NM_007294.4(BRCA1):c.117T>G (p.Cys39Trp),38,C,W,0,BRCA1:C38W,1019.1585990840734,0.027654092702123968,0.2721532134811012,11.366210503387265,facebook/esm2_t33_650M_UR50D,ESM2-650M,esm2,esm,ll_proper,,
BRCA1,NM_007294.4(BRCA1):c.72T>G (p.Cys24Trp),23,C,W,0,BRCA1:C23W,757.5064110149814,0.01395585096304255,0.24680507299396212,8.511718553025275,facebook/esm2_t33_650M_UR50D,ESM2-650M,esm2,esm,ll_proper,,
CREBBP,NM_004380.3(CREBBP):c.4022G>C (p.Arg1341Pro),1340,R,P,1,CREBBP:R1340P,3970.8978645224556,0.2505739566384679,15.497739098139292,3.55126953125,facebook/esm2_t33_650M_UR50D,ESM2-650M,esm2,esm,ll_proper,,
CREBBP,NM_004380.3(CREBBP):c.5060C>T (p.Ser1687Phe),1686,S,F,1,CREBBP:S1686F,639.2208306389384,0.0095609706092801,0.20928185113556863,4.0166015625,facebook/esm2_t33_650M_UR50D,ESM2-650M,esm2,esm,ll_proper,,
GRIN2A,NM_001134407.3(GRIN2A):c.236C>G (p.Pro79Arg),78,P,R,1,GRIN2A:P78R,612.7330341445819,0.023698625592973248,0.17857772503034403,8.99511742964387,facebook/esm2_t33_650M_UR50D,ESM2-650M,esm2,esm,ll_proper,,
MSH2,NM_000251.3(MSH2):c.2091T>G (p.Cys697Trp),696,C,W,0,MSH2:C696W,423.22762021395044,0.00258074329379666,0.08605404681584938,13.542968988418579,facebook/esm2_t33_650M_UR50D,ESM2-650M,esm2,esm,ll_proper,,
MSH2,NM_000251.3(MSH2):c.2030C>G (p.Thr677Arg),676,T,R,0,MSH2:T676R,975.7736371592364,0.028547939031350986,0.08829729342354015,13.58984416545718,facebook/esm2_t33_650M_UR50D,ESM2-650M,esm2,esm,ll_proper,,
TSC2,NM_000548.5(TSC2):c.4692T>G (p.Asn1564Lys),1563,N,K,1,TSC2:N1563K,4501.534559801623,0.0642612416136258,1.1401896337032587,3.1154785752296448,facebook/esm2_t33_650M_UR50D,ESM2-650M,esm2,esm,ll_proper,,
TSC2,NM_000548.5(TSC2):c.880G>A (p.Gly294Arg),293,G,R,1,TSC2:G293R,1737.6273237927896,0.1436989929338125,1.422324131550578,3.1143799126148224,facebook/esm2_t33_650M_UR50D,ESM2-650M,esm2,esm,ll_proper,,
BRCA1,NM_007294.4(BRCA1):c.181T>G (p.Cys61Gly),60,C,G,0,BRCA1:C60G,3149.898819473476,0.04590730600536395,0.37850081312784484,10.980468575085979,facebook/esm1v_t33_650M_UR90S_1,ESM-1v,esm1v,esm,ll_proper,,
BRCA1,NM_007294.4(BRCA1):c.117T>G (p.Cys39Trp),38,C,W,0,BRCA1:C38W,2596.574612022288,0.017764060551205395,0.19598341915377096,10.975585896987468,facebook/esm1v_t33_650M_UR90S_1,ESM-1v,esm1v,esm,ll_proper,,
BRCA1,NM_007294.4(BRCA1):c.72T>G (p.Cys24Trp),23,C,W,0,BRCA1:C23W,2996.9699862092357,0.052005833985569926,0.48048798322960534,10.225342205259949,facebook/esm1v_t33_650M_UR90S_1,ESM-1v,esm1v,esm,ll_proper,,
CREBBP,NM_004380.3(CREBBP):c.4022G>C (p.Arg1341Pro),1340,R,P,1,CREBBP:R1340P,2566.9734167383504,0.03637632484231759,0.27202354229126996,4.860839933156967,facebook/esm1v_t33_650M_UR90S_1,ESM-1v,esm1v,esm,ll_proper,,
CREBBP,NM_004380.3(CREBBP):c.5060C>T (p.Ser1687Phe),1686,S,F,1,CREBBP:S1686F,1102.871644494282,0.005153867057587866,0.10879939298154813,4.3388671875,facebook/esm1v_t33_650M_UR90S_1,ESM-1v,esm1v,esm,ll_proper,,
GRIN2A,NM_001134407.3(GRIN2A):c.236C>G (p.Pro79Arg),78,P,R,1,GRIN2A:P78R,1114.3971512872797,0.0052610785698607426,0.11174309049761286,3.0854493379592896,facebook/esm1v_t33_650M_UR90S_1,ESM-1v,esm1v,esm,ll_proper,,
MSH2,NM_000251.3(MSH2):c.2091T>G (p.Cys697Trp),696,C,W,0,MSH2:C696W,1388.9881162362337,0.010561162646222887,0.1369385296382969,16.56250048056245,facebook/esm1v_t33_650M_UR90S_1,ESM-1v,esm1v,esm,ll_proper,,
MSH2,NM_000251.3(MSH2):c.2030C>G (p.Thr677Arg),676,T,R,0,MSH2:T676R,1962.3252378781885,0.0116721813553172,0.18317163439969505,14.835937461029971,facebook/esm1v_t33_650M_UR90S_1,ESM-1v,esm1v,esm,ll_proper,,
TSC2,NM_000548.5(TSC2):c.4692T>G (p.Asn1564Lys),1563,N,K,1,TSC2:N1563K,1981.6628919240586,0.026289076300660557,0.11581397597189672,3.0671995878219604,facebook/esm1v_t33_650M_UR90S_1,ESM-1v,esm1v,esm,ll_proper,,
TSC2,NM_000548.5(TSC2):c.880G>A (p.Gly294Arg),293,G,R,1,TSC2:G293R,2620.152822434741,0.040529810281235715,0.20475054835719228,3.3275451958179474,facebook/esm1v_t33_650M_UR90S_1,ESM-1v,esm1v,esm,ll_proper,,
TSC2,NM_000548.5(TSC2):c.4692T>G (p.Asn1564Lys),1563,N,K,1,TSC2:N1563K,65831.33295333279,0.008323537199965342,0.14122778362834087,4.37448263168335,Rostlab/prot_t5_xl_half_uniref50-enc,ProtT5,prottrans,t5,mut_token_shift,4.37448263168335,0.3664817810058594
TSC2,NM_000548.5(TSC2):c.880G>A (p.Gly294Arg),293,G,R,1,TSC2:G293R,384034.2169907067,0.1550960507641817,5.777166268594921,5.91646146774292,Rostlab/prot_t5_xl_half_uniref50-enc,ProtT5,prottrans,t5,mut_token_shift,5.91646146774292,3.25836443901062
CREBBP,NM_004380.3(CREBBP):c.4022G>C (p.Arg1341Pro),1340,R,P,1,CREBBP:R1340P,209720.39037318877,0.02520555800706975,0.5545340206507006,4.689145088195801,Rostlab/prot_t5_xl_half_uniref50-enc,ProtT5,prottrans,t5,mut_token_shift,4.689145088195801,1.7431325912475586
CREBBP,NM_004380.3(CREBBP):c.5060C>T (p.Ser1687Phe),1686,S,F,1,CREBBP:S1686F,66371.87049550831,0.004942092130683584,0.6709578493407076,4.347850322723389,Rostlab/prot_t5_xl_half_uniref50-enc,ProtT5,prottrans,t5,mut_token_shift,4.347850322723389,0.40906330943107605
GRIN2A,NM_001134407.3(GRIN2A):c.236C>G (p.Pro79Arg),78,P,R,1,GRIN2A:P78R,96916.13453010199,0.0057314836586991325,4.918980189024361,3.9588675498962402,Rostlab/prot_t5_xl_half_uniref50-enc,ProtT5,prottrans,t5,mut_token_shift,3.9588675498962402,0.6505784392356873
BRCA1,NM_007294.4(BRCA1):c.181T>G (p.Cys61Gly),60,C,G,0,BRCA1:C60G,146244.49602279492,0.009304552246237607,0.7660125598549432,5.076423645019531,Rostlab/prot_t5_xl_half_uniref50-enc,ProtT5,prottrans,t5,mut_token_shift,5.076423645019531,0.8447903394699097
BRCA1,NM_007294.4(BRCA1):c.117T>G (p.Cys39Trp),38,C,W,0,BRCA1:C38W,141100.195656595,0.009061528915158323,1.5729583228837993,4.018199443817139,Rostlab/prot_t5_xl_half_uniref50-enc,ProtT5,prottrans,t5,mut_token_shift,4.018199443817139,0.8255181908607483
MSH2,NM_000251.3(MSH2):c.2091T>G (p.Cys697Trp),696,C,W,0,MSH2:C696W,106949.88408743571,0.011417603144767696,1.320593109467834,6.317564964294434,Rostlab/prot_t5_xl_half_uniref50-enc,ProtT5,prottrans,t5,mut_token_shift,6.317564964294434,0.6145238280296326
MSH2,NM_000251.3(MSH2):c.2030C>G (p.Thr677Arg),676,T,R,0,MSH2:T676R,138892.14951187713,0.021823685819829602,0.2820794609929871,6.616385459899902,Rostlab/prot_t5_xl_half_uniref50-enc,ProtT5,prottrans,t5,mut_token_shift,6.616385459899902,0.7614801526069641
BRCA1,NM_007294.4(BRCA1):c.72T>G (p.Cys24Trp),23,C,W,0,BRCA1:C23W,154229.1124621332,0.00854323481126501,0.4922229466936433,4.771758079528809,Rostlab/prot_t5_xl_half_uniref50-enc,ProtT5,prottrans,t5,mut_token_shift,4.771758079528809,0.8155759572982788
