gene,name,position,wt_aa,mut_aa,label,frob_dist,trace_ratio,sps_log,ll_proper,model_name,validation_role,selected_regime,substitution,sequence_length,support_rank,ll_norm,frob_norm,pair_norm,reference_advantage,esm1v_ll_mean_norm,augmented_pair_fixed_055,rescue_margin,ll_norm_650m,frob_norm_650m,pair_norm_650m,label_binary,ll_norm_150m,frob_norm_150m,pair_norm_150m,frob_repair,pair_repair,ll_repair,variant_id,is_candidate,is_control,is_regime_benign,is_repair_exemplar,uniprot_accession,alphafold_prediction_available,cohort,mean_plddt,structured_confident,very_high_confident,disorder_like,to_basic,to_histidine,to_arginine,from_cysteine,from_glycine,from_proline,from_aromatic,from_special,charge_flip,large_volume_jump,in_domain,in_region,in_repeat,in_motif,in_binding_site,in_dna_binding,in_transmem,in_coiled,in_comp_bias,context_signature,distance_to_exemplar,matched_variant_id,resolved_residue_number,resolved_wt_aa,site_plddt,window_plddt_mean,window_size_resolved,site_contact_count,site_long_range_contact_count,window_contact_mean,window_contact_max,window_confident_fraction,exact_residue_found
BRCA1,NM_007294.4(BRCA1):c.5212G>A (p.Gly1738Arg),1737,G,R,1,516.0867053720903,0.0118155907103101,0.1042926313976472,11.296874707448296,facebook/esm2_t33_650M_UR50D,candidate_positive_existing_aug,True,G>R,1863,0,0.4996418995153715,0.9099179485891388,0.7252937265059436,0.225651826990572,0.2676191469680016,0.6208834878596271,0.3532643408916255,0.7703899721044146,0.0263218785918671,0.3611525206725134,1,0.4996418995153715,0.9099179485891388,0.7252937265059436,0.8835960699972717,0.3641412058334302,-0.2707480725890431,BRCA1:G1737R,True,False,False,True,P38398,1,repair_exemplar,,,,,,,,,,,,,,,,,,,,,,,,,,,1738,G,94.69,93.81073170731707,41,12,4,7.2682926829268295,12.0,1.0,1
BRCA1,NM_007294.4(BRCA1):c.5509T>C (p.Trp1837Arg),1836,W,R,1,1449.8479979712413,0.0612653885618416,0.2224709202454012,12.07275390648283,facebook/esm2_t33_650M_UR50D,candidate_positive_existing_aug,True,W>R,1863,0,0.7743876579846638,0.755282986101498,0.7638800884489226,-0.0105075695357411,0.175495001576826,0.4943783930653956,0.3188833914885696,0.8506121409483989,0.1760999889416094,0.4796304573446647,1,0.7743876579846638,0.755282986101498,0.7638800884489226,0.5791829971598886,0.2842496311042579,-0.076224482963735,BRCA1:W1836R,True,False,False,True,P38398,1,repair_exemplar,,,,,,,,,,,,,,,,,,,,,,,,,,,1837,W,96.69,89.23756097560977,41,7,0,7.365853658536586,11.0,0.9512195121951219,1
GRIN2A,NM_001134407.3(GRIN2A):c.236C>G (p.Pro79Arg),78,P,R,1,612.7330341445819,0.0236986255929732,0.178577725030344,8.99511742964387,facebook/esm2_t33_650M_UR50D,candidate_positive_reference_extension,True,P>R,1464,22,0.2846592763159515,1.0,0.6780966743421782,0.3934373980262267,,,,1.0,0.0,0.45,1,0.2846592763159515,1.0,0.6780966743421782,1.0,0.2280966743421782,-0.7153407236840486,GRIN2A:P78R,True,False,False,True,Q12879,1,repair_exemplar,,,,,,,,,,,,,,,,,,,,,,,,,,,79,P,88.62,82.35634146341464,41,3,1,5.902439024390244,10.0,0.8780487804878049,1
COL2A1,NM_001844.5(COL2A1):c.4171T>C (p.Tyr1391His),1390,Y,H,1,3009.529902697118,0.1405374218781961,3.332989516497967,4.602539241313934,facebook/esm2_t33_650M_UR50D,candidate_positive_reference_extension,True,Y>H,1487,27,0.2046549681087498,0.9255365966618682,0.601139863812965,0.3964848957042152,,,,1.0,0.0,0.45,1,0.2046549681087498,0.9255365966618682,0.601139863812965,0.9255365966618682,0.151139863812965,-0.7953450318912502,COL2A1:Y1390H,True,False,False,True,P02458,1,repair_exemplar,,,,,,,,,,,,,,,,,,,,,,,,,,,1391,Y,97.62,94.55780487804878,41,9,8,6.487804878048781,12.0,1.0,1
TSC2,NM_000548.5(TSC2):c.4645T>C (p.Tyr1549His),1548,Y,H,1,3137.222454574795,0.1073496293590334,1.6854834351810737,4.191406190395355,facebook/esm2_t33_650M_UR50D,candidate_positive_reference_extension,True,Y>H,1807,15,0.2955429015547288,1.0,0.682994305699628,0.3874514041448992,,,,0.8189925779283944,0.4324714342482163,0.6064059489042964,1,0.2955429015547288,1.0,0.682994305699628,0.5675285657517837,0.0765883567953316,-0.5234496763736656,TSC2:Y1548H,True,False,False,True,P49815,1,repair_exemplar,,,,,,,,,,,,,,,,,,,,,,,,,,,1549,Y,94.56,87.80243902439025,41,10,6,6.048780487804878,13.0,1.0,1
BRCA1,NM_007294.4(BRCA1):c.5213G>T (p.Gly1738Val),1737,G,V,1,563.8434956385951,0.0086412526576945,0.1352457372707149,10.864257519948296,facebook/esm2_t33_650M_UR50D,matched_positive_control,False,G>V,1863,0,0.4927629517855431,0.6069376444826813,0.5555590327689691,0.0627960809834259,,,,0.7256594404654425,0.0339822109050386,0.3452369642072203,1,0.4927629517855431,0.6069376444826813,0.5555590327689691,0.5729554335776427,0.2103220685617488,-0.2328964886798994,BRCA1:G1737V,False,True,False,False,P38398,1,matched_control,,0.0,0.0,0.0,0.0,0.0,0.0,0.0,1.0,0.0,0.0,1.0,0.0,1.0,0.0,0.0,0.0,0.0,0.0,0.0,0.0,0.0,0.0,from_special,0.0,BRCA1:G1737R,1738,G,94.69,93.81073170731707,41,12,4,7.2682926829268295,12.0,1.0,1
BRCA1,NM_007294.4(BRCA1):c.5509T>G (p.Trp1837Gly),1836,W,G,1,6586.285742458122,0.2101850641988836,5.954306662732572,13.51757812523283,facebook/esm2_t33_650M_UR50D,matched_positive_control,False,W>G,1863,0,0.796754069961497,0.7557389538732912,0.7741957561129837,-0.0225583138485132,,,,1.0,1.0,1.0,1,0.796754069961497,0.7557389538732912,0.7741957561129837,-0.2442610461267088,-0.2258042438870162,-0.203245930038503,BRCA1:W1836G,False,True,False,False,P38398,1,matched_control,,0.0,0.0,0.0,0.0,0.0,0.0,0.0,0.0,0.0,1.0,0.0,0.0,1.0,1.0,0.0,0.0,0.0,0.0,0.0,0.0,0.0,0.0,from_aromatic;in_domain,0.0,BRCA1:W1836R,1837,W,96.69,89.23756097560977,41,7,0,7.365853658536586,11.0,0.9512195121951219,1
GRIN2A,NM_001134407.3(GRIN2A):c.292C>T (p.Leu98Phe),97,L,F,1,619.6084223500297,0.0074378490020045,0.0488996522125558,6.3896485567092896,facebook/esm2_t33_650M_UR50D,matched_positive_control,False,L>F,1464,22,0.4571105702609855,0.1281344007547958,0.2761736770325812,-0.1809368932284042,,,,0.0,1.0,0.55,1,0.4571105702609855,0.1281344007547958,0.2761736770325812,-0.8718655992452042,-0.2738263229674188,0.4571105702609855,GRIN2A:L97F,False,True,False,False,Q12879,1,matched_control,,0.0,0.0,0.0,0.0,0.0,0.0,0.0,0.0,0.0,0.0,0.0,0.0,0.0,0.0,0.0,0.0,0.0,0.0,0.0,1.0,0.0,0.0,unannotated,19.0,GRIN2A:P78R,98,L,91.31,87.1509756097561,41,9,8,6.341463414634147,10.0,1.0,1
COL2A1,NM_001844.5(COL2A1):c.4172A>G (p.Tyr1391Cys),1390,Y,C,1,3137.8791387455294,0.133302217187014,4.188620436283634,4.366211116313934,facebook/esm2_t33_650M_UR50D,matched_positive_control,False,Y>C,1487,27,0.2107330943829109,0.2109123779484032,0.2108317003439317,9.860596102079232e-05,,,,0.0,1.0,0.55,1,0.2107330943829109,0.2109123779484032,0.2108317003439317,-0.7890876220515968,-0.3391682996560683,0.2107330943829109,COL2A1:Y1390C,False,True,False,False,P02458,1,matched_control,,0.0,0.0,0.0,0.0,0.0,0.0,0.0,0.0,0.0,1.0,0.0,0.0,1.0,1.0,0.0,0.0,0.0,0.0,0.0,0.0,0.0,0.0,from_aromatic;in_domain,0.0,COL2A1:Y1390H,1391,Y,97.62,94.55780487804878,41,9,8,6.487804878048781,12.0,1.0,1
TSC2,NM_000548.5(TSC2):c.4634T>C (p.Ile1545Thr),1544,I,T,1,2097.581371261104,0.0738192269503554,0.7874065348628484,4.3581541031599045,facebook/esm2_t33_650M_UR50D,matched_positive_control,False,I>T,1807,15,0.2875285632660408,0.29832809985567,0.2934683083903369,0.005939745124296,,,,0.9459205431690524,0.0,0.4256642444260735,1,0.2875285632660408,0.29832809985567,0.2934683083903369,0.29832809985567,-0.1321959360357366,-0.6583919799030116,TSC2:I1544T,False,True,False,False,P49815,1,matched_control,,0.0,0.0,0.0,0.0,0.0,0.0,0.0,0.0,0.0,0.0,0.0,0.0,0.0,1.0,0.0,0.0,0.0,0.0,0.0,0.0,0.0,0.0,in_domain,4.0,TSC2:Y1548H,1545,I,94.62,87.17414634146341,41,12,12,6.195121951219512,13.0,1.0,1
BRCA1,NM_007294.4(BRCA1):c.5576C>G (p.Pro1859Arg),1858,P,R,0,645.972786942477,0.0143107547296472,0.1938727999439902,3.8459473252296448,facebook/esm2_t33_650M_UR50D,regime_benign,True,P>R,1863,0,0.3975254446644199,0.6405612510278079,0.5311951381642833,0.1336696934998634,0.283960474930127,0.4800909017838515,0.1961304268537245,0.0,0.0471559954186569,0.0259357974802613,0,0.3975254446644199,0.6405612510278079,0.5311951381642833,0.593405255609151,0.505259340684022,0.3975254446644199,BRCA1:P1858R,False,False,True,False,P38398,1,likelihood_reference,,0.0,0.0,0.0,1.0,0.0,1.0,0.0,0.0,1.0,0.0,1.0,0.0,1.0,0.0,0.0,0.0,0.0,0.0,0.0,0.0,0.0,0.0,to_basic;from_special,,,1859,P,71.25,84.49239999999998,25,2,2,5.28,9.0,0.84,1
TP53,NM_000546.6(TP53):c.391A>C (p.Asn131His),130,N,H,1,611.5762895395114,0.0419973550027743,0.3800018319090656,3.3544923067092896,facebook/esm2_t33_650M_UR50D,candidate_positive_existing_aug,True,N>H,393,0,0.3615043180827347,0.829223945682877,0.618750113262813,0.2572457951800783,0.4499265842292041,0.6585401330287243,0.2086135487995201,0.0,0.0,0.0,1,0.3615043180827347,0.829223945682877,0.618750113262813,0.829223945682877,0.618750113262813,0.3615043180827347,TP53:N130H,True,False,False,False,P04637,1,likelihood_reference,,0.0,0.0,0.0,1.0,1.0,0.0,0.0,0.0,0.0,0.0,0.0,0.0,0.0,0.0,1.0,0.0,0.0,1.0,0.0,0.0,0.0,0.0,to_basic;in_binding_site,,,131,N,97.44,96.20317073170733,41,5,2,6.7317073170731705,13.0,1.0,1
BRCA1,NM_007294.4(BRCA1):c.3698A>G (p.Lys1233Arg),1232,K,R,0,351.988284580243,0.0119757151628859,0.0507405045849013,4.020507752895355,facebook/esm2_t33_650M_UR50D,regime_benign,True,K>R,1863,0,0.3599591801999148,0.6706004522289142,0.5308118798158644,0.1708526996159496,0.3412237220587688,0.5223809236523488,0.18115720159358,0.018048706704732,0.0,0.0081219180171294,0,0.3599591801999148,0.6706004522289142,0.5308118798158644,0.6706004522289142,0.5226899617987351,0.3419104734951828,BRCA1:K1232R,False,False,True,False,P38398,1,likelihood_reference,,0.0,0.0,0.0,1.0,0.0,1.0,0.0,0.0,0.0,0.0,0.0,0.0,0.0,0.0,0.0,0.0,0.0,0.0,0.0,0.0,0.0,0.0,to_basic,,,1233,K,32.47,30.14512195121951,41,0,0,3.8536585365853657,4.0,0.0,1
ANKRD11,NM_013275.6(ANKRD11):c.7684G>A (p.Glu2562Lys),2561,E,K,1,1014.2995433902724,0.0580617216911615,0.995248264267526,3.5126951336860657,facebook/esm2_t33_650M_UR50D,candidate_positive_reference_extension,True,E>K,2663,14,0.3466029107554167,0.986194316847523,0.6983781841060752,0.3517752733506584,,,,0.0,0.0,0.0,1,0.3466029107554167,0.986194316847523,0.6983781841060752,0.986194316847523,0.6983781841060752,0.3466029107554167,ANKRD11:E2561K,True,False,False,False,Q6UB99,1,likelihood_reference,,0.0,0.0,0.0,1.0,0.0,0.0,0.0,0.0,0.0,0.0,0.0,1.0,0.0,0.0,1.0,0.0,0.0,0.0,0.0,0.0,0.0,0.0,to_basic;charge_flip,,,2562,E,61.72,59.20975609756096,41,3,0,5.7073170731707314,8.0,0.2926829268292683,1
ANKRD11,NM_013275.6(ANKRD11):c.7688T>A (p.Val2563Asp),2562,V,D,1,1316.6782644073762,0.1267666287384196,1.4569741387886366,3.571044921875,facebook/esm2_t33_650M_UR50D,matched_positive_control,False,V>D,2663,14,0.3346250426880956,0.5705009368346092,0.4643567844686781,0.1297317417805825,,,,1.0,1.0,1.0,1,0.3346250426880956,0.5705009368346092,0.4643567844686781,-0.4294990631653907,-0.5356432155313219,-0.6653749573119043,ANKRD11:V2562D,False,True,False,False,Q6UB99,1,likelihood_reference,,0.0,0.0,0.0,0.0,0.0,0.0,0.0,0.0,0.0,0.0,0.0,0.0,0.0,0.0,1.0,0.0,0.0,0.0,0.0,0.0,0.0,0.0,unannotated,,,2563,V,62.25,59.26317073170732,41,4,0,5.7073170731707314,8.0,0.2926829268292683,1
