gene,name,position,wt_aa,mut_aa,label,reference_ll_proper,reference_frob_dist,reference_pair_score,esm1v_ll_mean,esm1v_ll_std,esm1v_scoring_mode,reference_frob_norm,reference_ll_norm,reference_pair_norm,esm1v_ll_mean_norm,augmented_pair_fixed_055
TP53,NM_000546.6(TP53):c.11C>T (p.Pro4Leu),3,P,L,0,3.150828391313553,230.3428387818377,0.0,3.9264404296875,0.2506737166547923,full_sequence,0.2400973126231278,0.30351729392910914,0.2686363042108194,0.20266192825404036,0.22325138965703845
TP53,NM_000546.6(TP53):c.11C>A (p.Pro4Gln),3,P,Q,0,3.272069960832596,178.9315079953093,0.0,3.8651123046875,0.21464621045499313,full_sequence,0.17723485426933575,0.313469564754644,0.23854047398772443,0.19814534426988428,0.18664457476958257
TP53,NM_000546.6(TP53):c.21T>A (p.Asp7Glu),6,D,E,0,2.715823769569397,125.40303383117728,0.0,2.865771484375,0.15789632553840596,full_sequence,0.11178368958626725,0.26780937771579105,0.18199524924455296,0.1245476801681886,0.11752748534813186
TP53,NM_000546.6(TP53):c.23C>T (p.Pro8Leu),7,P,L,0,3.358750969171524,147.1806933146111,0.0,3.7453125,0.2675499515598277,full_sequence,0.13841200656185404,0.32058488727844187,0.22038980288431853,0.18932254267344567,0.16132174781207026
TP53,NM_000546.6(TP53):c.23C>G (p.Pro8Arg),7,P,R,0,4.295877605676651,145.67263823851303,0.0,4.78515625,0.3003542259198434,full_sequence,0.13656805411078696,0.3975101375974478,0.2539919916797843,0.2659030940481171,0.1947688220825855
TP53,NM_000546.6(TP53):c.28G>A (p.Val10Ile),9,V,I,0,3.6348437666893005,77.99813366193521,0.0,4.56865234375,0.1301961827012998,full_sequence,0.05382003610629331,0.3432483211549299,0.18406276437817976,0.24995840186201207,0.14208230069636674
TP53,NM_000546.6(TP53):c.28G>C (p.Val10Leu),9,V,L,0,2.9458205103874207,148.72704883406396,0.0,2.17451171875,0.3397293213873403,full_sequence,0.14030279032400544,0.28668895724195176,0.2061765654370813,0.07363901817479905,0.11030409285686257
TP53,NM_000546.6(TP53):c.62A>C (p.Asp21Ala),20,D,A,0,3.5470547527074814,249.68566444698357,0.0,3.9389892578125,1.3895427251350765,full_sequence,0.2637484718951712,0.3360420465568722,0.29628058049293665,0.2035861018877411,0.23667540539182766
TP53,NM_000546.6(TP53):c.85A>G (p.Asn29Asp),28,N,D,0,1.6711560487747192,88.93435894025824,0.0,1.702783203125,0.5572503770405114,full_sequence,0.06719214679840581,0.1820564785964026,0.11888109610750436,0.038898000761636964,0.05445978108185983
TP53,NM_000546.6(TP53):c.94C>G (p.Leu32Val),31,L,V,0,3.890789180994034,69.26810743935899,0.0,4.7988525390625,0.5313135131567807,full_sequence,0.043145523281038586,0.36425793105868765,0.18764610678098065,0.26691177383120285,0.14384033602861251
TP53,NM_000546.6(TP53):c.105G>C (p.Leu35Phe),34,L,F,0,4.8001450300216675,129.21942356326423,0.0,4.5618896484375,0.46352720630964833,full_sequence,0.11645012472663166,0.4389035804197814,0.261554179788549,0.24946035498159358,0.1763047283413645
TP53,NM_000546.6(TP53):c.107C>A (p.Pro36Gln),35,P,Q,0,4.003946274518967,148.6076244302055,0.0,2.694677734375,1.3205781531701828,full_sequence,0.14015676586793463,0.3735465772306066,0.245182180981137,0.11194727389391883,0.12746249447962751
TP53,NM_000546.6(TP53):c.139C>T (p.Pro47Ser),46,P,S,0,3.4043221175670624,126.67791102209807,0.0,2.634619140625,0.6936537529792632,full_sequence,0.11334252716340029,0.32432565385266376,0.20828493417356886,0.10752418607503988,0.11072427367363812
TP53,NM_000546.6(TP53):c.144C>A (p.Asp48Glu),47,D,E,0,2.6622248142957687,72.84918365956108,0.0,2.6197265625,0.13826393838052692,full_sequence,0.04752423224091631,0.26340963824553376,0.14467266494299416,0.10642740413621218,0.07403065959379945
TP53,NM_000546.6(TP53):c.143A>G (p.Asp48Gly),47,D,G,0,4.4181962460279465,102.34294594962162,0.0,3.8791015625,0.21720703915312234,full_sequence,0.08358730190456717,0.4075508211733568,0.2293708855755225,0.19917560009111096,0.13560203608851187
TP53,NM_000546.6(TP53):c.145G>C (p.Asp49His),48,D,H,0,5.942549034953117,132.01820803201647,0.0,4.3729248046875,0.8500132195061828,full_sequence,0.1198722978043665,0.532679288655459,0.3056354436873581,0.23554381038073058,0.17192447846373032
TP53,NM_000546.6(TP53):c.145G>A (p.Asp49Asn),48,D,N,0,5.311668679118156,156.4446891411098,0.0,4.1572998046875,0.5449819749073707,full_sequence,0.14973942296838627,0.4808926598227373,0.29875837955284423,0.21966384630904814,0.18120541347168412
TP53,NM_000546.6(TP53):c.149T>C (p.Ile50Thr),49,I,T,0,4.908996641635895,244.3816456363843,0.0,4.137548828125,0.7716884001382676,full_sequence,0.25726305989575265,0.44783880554824335,0.3430221454393735,0.21820926173771768,0.23968885072463691
TP53,NM_000546.6(TP53):c.170A>T (p.Asp57Val),56,D,V,0,3.448302775621414,111.0575106010079,0.0,2.7740234375,0.5271698751256471,full_sequence,0.09424290931811319,0.3279358629730051,0.19940473846281453,0.11779078422373855,0.1048394530256446
TP53,NM_000546.6(TP53):c.172C>G (p.Pro58Ala),57,P,A,0,3.188347965478897,120.08464209091196,0.0,3.435498046875,0.686988213522695,full_sequence,0.10528070329575896,0.306597136633501,0.19587309829774288,0.16650588233947264,0.13283203386543013
TP53,NM_000546.6(TP53):c.176G>A (p.Gly59Asp),58,G,D,0,3.5321033596992493,108.38273282796435,0.0,3.885888671875,0.3949150892329355,full_sequence,0.09097236362728546,0.3348147421510713,0.2007014339629891,0.1996754449747079,0.13988875023362554
TP53,NM_000546.6(TP53):c.185A>G (p.Glu62Gly),61,E,G,0,3.889201581478119,134.79496729176347,0.0,3.273876953125,0.23387282423824982,full_sequence,0.12326753987754177,0.36412761090193324,0.2316545718385179,0.15460310129842444,0.13736854251693897
TP53,NM_000546.6(TP53):c.188C>G (p.Ala63Gly),62,A,G,0,4.613976836204529,154.52190596037002,0.0,4.0031494140625,0.1857486214310638,full_sequence,0.14738836774819541,0.42362172378167673,0.271693377963262,0.20831125424059224,0.17480366666977398
TP53,NM_000546.6(TP53):c.187G>A (p.Ala63Thr),62,A,T,0,4.4035362005233765,89.66957010287119,0.0,4.5590087890625,0.22245091925645666,full_sequence,0.06809111557404214,0.40634743240368876,0.2203064581473831,0.24924819060654166,0.14961179933866692
TP53,NM_000546.6(TP53):c.188C>T (p.Ala63Val),62,A,V,0,4.329986929893494,85.05046747646105,0.0,4.1769775390625,0.4248649003774837,full_sequence,0.06244317489555097,0.40031004553025196,0.2144832666811664,0.22111303687084347,0.1338446127844326
TP53,NM_000546.6(TP53):c.196A>G (p.Met66Val),65,M,V,0,1.4535926580429077,89.19922529286865,0.0,1.174609375,0.1297195578788683,full_sequence,0.06751600828585548,0.16419750667056862,0.1110226825589764,0.0,0.03713380455722052
TP53,NM_000546.6(TP53):c.214C>G (p.Pro72Ala),71,P,A,0,3.56840992718935,121.22469126081111,0.0,3.01934814453125,0.11998647385102904,full_sequence,0.10667468186755738,0.3377950136358469,0.21067883116328767,0.13585801916195198,0.11980718365003495
TP53,NM_000546.6(TP53):c.215C>A (p.Pro72His),71,P,H,0,7.773895986378193,158.35849925485036,0.0,6.98028564453125,0.18557357595967033,full_sequence,0.15207950650117058,0.6830077684697787,0.39099722438704426,0.427566054826553,0.27604845324759264
TP53,NM_000546.6(TP53):c.215C>G (p.Pro72Arg),71,P,R,0,6.255271203815937,160.397312841846,0.0,6.22872314453125,0.18359512815566933,full_sequence,0.15457243621613612,0.5583494917880782,0.3362721112235101,0.37221632498250046,0.2525121861610001
TP53,NM_000546.6(TP53):c.218T>A (p.Val73Glu),72,V,E,0,4.40089750289917,152.38197086661424,0.0,3.725439453125,0.3248704945691085,full_sequence,0.14477179317887323,0.406130831501152,0.26238336042389865,0.18785896808622318,0.1641610218871807
TP53,NM_000546.6(TP53):c.217G>A (p.Val73Met),72,V,M,0,5.8257246017456055,127.23084997569862,0.0,5.292626953125,0.2987508676428545,full_sequence,0.1140186252416086,0.523089604169082,0.2981005657589716,0.30327638811446567,0.1991846185343943
TP53,NM_000546.6(TP53):c.221C>T (p.Ala74Val),73,A,V,0,5.6387281101197,108.65266055357452,0.0,5.12919921875,0.21132359367631715,full_sequence,0.09130241383509198,0.507739755635543,0.2786992176452949,0.2912405548382155,0.18127457728649754
TP53,NM_000546.6(TP53):c.223C>T (p.Pro75Ser),74,P,S,0,5.4681346751749516,169.6406627320762,0.0,5.283499145507813,0.3031413652116956,full_sequence,0.165874608103824,0.49373637319531705,0.31341240239499585,0.30260415967613913,0.22740290631136584
TP53,NM_000546.6(TP53):c.227C>G (p.Ala76Gly),75,A,G,0,7.590829707682133,281.6625453293663,0.0,5.9998291015625,0.49158216467723725,full_sequence,0.30284773876884025,0.6679805365407178,0.4671574977661851,0.35535914618335435,0.3264778721053716
TP53,NM_000546.6(TP53):c.236C>T (p.Ala79Val),78,A,V,0,5.919060999527574,161.68235413780968,0.0,5.187246704101563,0.230530374903451,full_sequence,0.15614370180515266,0.5307512429311907,0.32471709531186976,0.2955155321452732,0.2188610254582069
TP53,NM_000546.6(TP53):c.245C>T (p.Pro82Leu),81,P,L,0,6.768162680789828,200.26792750191746,0.0,6.116598510742188,0.18119790350007609,full_sequence,0.20332365146897272,0.6004508511089915,0.38203089130698115,0.3639587706352733,0.27560945509380796
TP53,NM_000546.6(TP53):c.247G>C (p.Ala83Pro),82,A,P,0,4.790919687598944,241.35311029478152,0.0,3.578436279296875,0.42137865184784634,full_sequence,0.25355996227365457,0.4381463062718678,0.3366238170728505,0.17703274144824563,0.21912271290222057
TP53,NM_000546.6(TP53):c.250G>A (p.Ala84Thr),83,A,T,0,5.921074267476797,167.17135936779442,0.0,5.38350830078125,0.2925826220045829,full_sequence,0.16285530326332925,0.5309165046310724,0.32848284387881366,0.30996945494608225,0.2290566715205681
TP53,NM_000546.6(TP53):c.280T>G (p.Ser94Ala),93,S,A,0,3.378041923046112,141.80660862780175,0.0,4.4056243896484375,0.7748143143100287,full_sequence,0.13184092252948296,0.3221684101427895,0.21748829195547092,0.2379520108878082,0.17959091229072932
TP53,NM_000546.6(TP53):c.281C>T (p.Ser94Leu),93,S,L,0,3.5726022124290466,119.65930999429338,0.0,5.3860931396484375,0.987992739594315,full_sequence,0.10476063464938923,0.3381391427843631,0.20978096331012747,0.31015981853259605,0.19719026739683226
TP53,NM_000546.6(TP53):c.283T>A (p.Ser95Thr),94,S,T,0,4.034604653716087,158.7582738770894,0.0,4.711648559570312,0.2714339500362434,full_sequence,0.1525683251167741,0.37606320988434144,0.25314102326217935,0.2604895312283337,0.2011328678669759
TP53,NM_000546.6(TP53):c.318C>G (p.Ser106Arg),105,S,R,1,3.846254885196686,118.59692396309205,0.0,8.008180236816406,1.2826051793706101,full_sequence,0.1034616175529568,0.36060227586915244,0.2191749137952448,0.5032665960205932,0.2833738578633932
TP53,NM_000546.5(TP53):c.319T>C (p.Tyr107His),106,Y,H,0,3.8836775422096252,218.93645768184427,0.0,2.4202728271484375,1.470487086765245,full_sequence,0.22615032572556812,0.3636741630039142,0.28803605250082387,0.09173839241982648,0.1656649557379844
TP53,NM_000546.6(TP53):c.322G>A (p.Gly108Ser),107,G,S,0,2.8664187490940094,423.72146445369725,0.0,4.738716125488281,2.095158777111029,full_sequence,0.47654821978377615,0.2801711611135176,0.38817854338215985,0.2624829548771928,0.38021885057581367
TP53,NM_000546.6(TP53):c.326T>G (p.Phe109Cys),108,F,C,1,2.757364511489868,483.4937879217677,0.0,10.96458978652954,1.9711240745646388,full_sequence,0.5496339605579781,0.2712193031689686,0.4243473647329238,0.7209949551191366,0.6267464081104994
TP53,NM_000546.6(TP53):c.325T>A (p.Phe109Ile),108,F,I,1,3.506772518157959,168.77452337702528,0.0,10.25521478652954,1.711174164951018,full_sequence,0.16481554878163784,0.33273542730668515,0.2403794941179091,0.6687521747673698,0.3915870304752172
TP53,NM_000546.6(TP53):c.328C>G (p.Arg110Gly),109,R,G,1,2.414925694465637,389.0308620650798,0.0,5.28212890625,1.7886567524397532,full_sequence,0.43413078933488664,0.24310977059098907,0.34817133090013275,0.3025032467477511,0.3748983951706757
TP53,NM_000546.6(TP53):c.329G>A (p.Arg110His),109,R,H,0,3.9781566858291626,259.36636408931724,0.0,4.58681640625,1.1061401630551686,full_sequence,0.2755854068430063,0.3714296055340321,0.3187152962539679,0.25129611622674614,0.26465522606568925
TP53,NM_000546.6(TP53):c.329G>T (p.Arg110Leu),109,R,L,1,2.7284880876541138,269.137116495524,0.0,7.19580078125,1.329914061612954,full_sequence,0.2875324525005238,0.2688489446225856,0.2791248739554516,0.4434379278839326,0.35768991642305775
TP53,NM_000546.6(TP53):c.329G>C (p.Arg110Pro),109,R,P,1,2.824123501777649,312.88237169787897,0.0,5.80361328125,1.191925809544366,full_sequence,0.3410213282262348,0.2766993011104245,0.3120764160241202,0.34090859463850476,0.34097059811175634
TP53,NM_000546.6(TP53):c.332T>C (p.Leu111Pro),110,L,P,1,3.765583336353302,234.58345081241936,0.0,11.432810020446777,1.7986700166882175,full_sequence,0.2452824594203175,0.35398024758966357,0.2941964640965232,0.7554776008802517,0.4748702730772879
TP53,NM_000546.6(TP53):c.332T>A (p.Leu111Gln),110,L,Q,1,3.981128990650177,222.44118345402467,0.0,11.737497520446777,2.542316021501051,full_sequence,0.23043567828354708,0.3716735910141948,0.2939927390123386,0.7779166805467594,0.4768021293019926
TP53,NM_000546.6(TP53):c.332T>G (p.Leu111Arg),110,L,R,1,4.187298595905304,232.87928314612677,0.0,13.610935020446778,2.5146198600161385,full_sequence,0.24319871314666008,0.3885972893433421,0.308628072435167,0.9158882524449279,0.5459090058308805
TP53,NM_000546.6(TP53):c.331C>G (p.Leu111Val),110,L,V,0,3.3486137986183167,153.07884954080475,0.0,6.719528770446777,1.5013405704175842,full_sequence,0.145623891460784,0.31975276454075074,0.22398188434676902,0.4083622992698891,0.2638561749748813
TP53,NM_000546.6(TP53):c.338T>G (p.Phe113Cys),112,F,C,1,2.723490595817566,376.352077449602,0.0,10.162628674507141,1.772002250402464,full_sequence,0.41862798951092206,0.26843871905058886,0.3510428178037721,0.6619335585009236,0.5281154955564227
TP53,NM_000546.6(TP53):c.339C>A (p.Phe113Leu),112,F,L,1,2.9316614866256714,179.53817638977154,0.0,7.308722424507141,1.4375388875284,full_sequence,0.17797664924133905,0.28552669548914605,0.2263741700528522,0.4517541789579673,0.3011765376138218
TP53,NM_000546.6(TP53):c.344A>G (p.His115Arg),114,H,R,0,2.320094108581543,149.64155291778624,0.0,5.3319091796875,1.7923661692523032,full_sequence,0.1414209869160382,0.23532539738238234,0.18367797162589306,0.30616937522852106,0.21555776165665547
TP53,NM_000546.6(TP53):c.353C>T (p.Thr118Ile),117,T,I,0,4.837775141000748,223.23650659610152,0.0,7.739403533935547,1.0667500663811456,full_sequence,0.23140814810939556,0.4419924966812945,0.32617110496675006,0.48347221046672284,0.3448369761701928
TP53,NM_000546.6(TP53):c.364G>A (p.Val122Met),121,V,M,0,4.787180125713348,149.14846147691745,0.0,7.621498775482178,1.3090175314917045,full_sequence,0.14081806651518466,0.4378393395045954,0.27447763936041947,0.4747889718435581,0.2911049739129527
TP53,NM_000546.6(TP53):c.370T>C (p.Cys124Arg),123,C,R,1,3.1482023000717163,597.4228344003642,0.0,9.479009342193603,1.0496660629779928,full_sequence,0.6889390481715566,0.3033017278377512,0.5154022540213442,0.6115875854651136,0.6541308899536573
TP53,NM_000546.6(TP53):c.370T>A (p.Cys124Ser),123,C,S,0,2.3819130659103394,643.2554174971967,0.0,7.379009342193603,1.7006846380841814,full_sequence,0.744980173777399,0.24039988633801837,0.5179190444296777,0.45693054407133693,0.6153578404096711
TP53,NM_000546.6(TP53):c.372C>G (p.Cys124Trp),123,C,W,0,3.483768343925476,646.1679164013207,0.0,4.480571842193603,2.0297408661194187,full_sequence,0.748541389530132,0.3308470999533882,0.5605789592205973,0.2434716067309681,0.5212599872705083
TP53,NM_000546.6(TP53):c.374C>A (p.Thr125Lys),124,T,K,1,4.096806734800339,118.97932866028047,0.0,10.904370403289795,2.1975476774362965,full_sequence,0.10392919734487302,0.38116914804827384,0.22868717516140336,0.7165600257636998,0.37961307013334505
TP53,NM_000546.6(TP53):c.380C>G (p.Ser127Cys),126,S,C,1,8.43821656703949,851.820417759587,0.0,9.266223335266114,1.412794628369949,full_sequence,1.0,0.7375393813476484,0.8818927216064418,0.5959167024739702,0.8181625161132866
TP53,NM_000546.6(TP53):c.379T>A (p.Ser127Thr),126,S,T,1,5.068268179893494,138.3901322053142,0.0,8.753723335266113,1.6206718506645132,full_sequence,0.12766347558267852,0.4609128154759207,0.2776256785346375,0.5581730197528698,0.3213927704592646
TP53,NM_000546.6(TP53):c.380C>A (p.Ser127Tyr),126,S,Y,1,6.3172067403793335,805.1415191115086,0.0,12.329504585266113,2.741203171543827,full_sequence,0.9429240543402815,0.5634335503007563,0.7721533275224951,0.8215157572749368,0.8882903206608763
TP53,NM_000546.6(TP53):c.386C>A (p.Ala129Asp),128,A,D,0,4.28055576980114,157.040203096118,0.0,7.320001220703125,1.2906587093490829,full_sequence,0.15046757901148203,0.3962524249104347,0.26107075966601073,0.45258481955327884,0.2864203372552906
TP53,NM_000546.6(TP53):c.389T>A (p.Leu130His),129,L,H,1,4.551133096218109,155.01546423494992,0.0,11.806551575660706,1.7751991904086688,full_sequence,0.14799185896319192,0.4184631142180146,0.2697039238278621,0.7830022500113446,0.4337465349348606
TP53,NM_000546.6(TP53):c.389T>C (p.Leu130Pro),129,L,P,1,4.325369298458099,256.30310106601587,0.0,11.772176575660705,1.7501106817373806,full_sequence,0.2718398464522713,0.39993100128989895,0.32948086612920374,0.7804706615361487,0.5007237132400162
TP53,NM_000546.6(TP53):c.391A>C (p.Asn131His),130,N,H,1,3.857243835926056,712.153207013507,0.0,7.283906555175781,1.744823469146454,full_sequence,0.829223945682877,0.3615043180827347,0.618750113262813,0.4499265842292041,0.6585401330287243
TP53,NM_000546.6(TP53):c.396G>C (p.Lys132Asn),131,K,N,1,3.917983204126358,596.6897259960482,0.0,10.417864227294922,1.227619464706134,full_sequence,0.688042650513101,0.36649018757039703,0.5433440421888842,0.6807306896688584,0.6847522681331919
TP53,NM_000546.6(TP53):c.398T>C (p.Met133Thr),132,M,T,1,2.0078223943710327,150.6472262980554,0.0,6.96435546875,1.5576405146176446,full_sequence,0.1426506594418708,0.2096921704016901,0.1728193393737895,0.426392857752643,0.2703346486817183
TP53,NM_000546.6(TP53):c.401T>G (p.Phe134Cys),133,F,C,1,3.634736478328705,134.2548890855743,0.0,9.441595840454102,1.901018667167691,full_sequence,0.12260716709152444,0.34323951425128035,0.2218917233134146,0.6088322228521554,0.3414084421838084
TP53,NM_000546.6(TP53):c.403T>G (p.Cys135Gly),134,C,G,1,2.5145383477211,782.813827354561,0.0,12.457310819625855,1.3888154952201002,full_sequence,0.9156231933873646,0.2512866038898416,0.6166717281134793,0.8309282020738689,0.8775104472962916
TP53,NM_000546.6(TP53):c.404G>C (p.Cys135Ser),134,C,S,1,2.197650969028473,804.8182347493192,0.0,10.910435819625855,2.0402612016492565,full_sequence,0.9425287630797042,0.22527449412869666,0.6197643420517509,0.7170067206900601,0.8410438440043644
TP53,NM_000546.6(TP53):c.412G>C (p.Ala138Pro),137,A,P,1,3.386316418647766,245.10358351928724,0.0,11.170206069946289,1.9117198051227802,full_sequence,0.2581457989613188,0.3228476328013136,0.28726162418931644,0.7361378151456216,0.47324220624425506
TP53,NM_000546.6(TP53):c.413C>T (p.Ala138Val),137,A,V,1,3.634004235267639,230.19174976208419,0.0,8.990518569946289,1.4686430951555856,full_sequence,0.23991257071766325,0.34317940713387207,0.2863826471049572,0.5756120913775274,0.3909773550146022
TP53,NM_000546.6(TP53):c.423C>G (p.Cys141Trp),140,C,W,1,4.007494390010834,157.5070526034783,0.0,13.038527870178223,0.8898341255070119,full_sequence,0.151038412469106,0.373837828873384,0.25129814985103105,0.8737326351434147,0.4762508126725449
TP53,NM_000546.6(TP53):c.428T>C (p.Val143Ala),142,V,A,1,3.3099962174892426,136.54108785588184,0.0,8.74286117553711,1.2519727031585506,full_sequence,0.1254025834479633,0.31658279051659194,0.21143367662884616,0.5573730628543774,0.3197892991808496
TP53,NM_000546.6(TP53):c.451C>G (p.Pro151Ala),150,P,A,1,3.1307594776153564,242.26850101781287,0.0,7.536049699783325,1.2183236198837748,full_sequence,0.2546792429910307,0.30186991122785367,0.275915043697601,0.46849597125431175,0.35089677070950714
TP53,NM_000546.6(TP53):c.455C>T (p.Pro152Leu),151,P,L,1,3.4434040784835815,350.67989048806214,0.0,7.229165267944336,0.6623936269035058,full_sequence,0.3872376956003929,0.3275337470914524,0.3603709187713697,0.44589509588382215,0.41363352572793605
TP53,NM_000546.6(TP53):c.469G>A (p.Val157Ile),156,V,I,0,3.826013505458832,392.32543984508743,0.0,3.6343841552734375,0.8561072676314291,full_sequence,0.4381591864862656,0.35894073607028026,0.4025108837990722,0.1811530904819604,0.3225064432843283
TP53,NM_000546.6(TP53):c.472C>G (p.Arg158Gly),157,R,G,1,3.508185535669327,415.4868208752293,0.0,12.267743706703186,1.3735048082719028,full_sequence,0.46647942889487337,0.332851416674112,0.40634682339553074,0.816967302630926,0.624198972076097
TP53,NM_000546.6(TP53):c.473G>T (p.Arg158Leu),157,R,L,1,3.0469187796115875,424.8713096023736,0.0,11.478681206703186,1.6364152111468193,full_sequence,0.47795417624641084,0.29498773924636734,0.3956192795963913,0.7588558399048417,0.6043599248927047
TP53,NM_000546.6(TP53):c.473G>C (p.Arg158Pro),157,R,P,1,3.4509314596652985,227.63053540089354,0.0,14.016181206703186,1.844936213186408,full_sequence,0.23678088304001865,0.3281516418978679,0.27789772452605077,0.9457330982556552,0.5558093798870551
TP53,NM_000546.6(TP53):c.472C>A (p.Arg158Ser),157,R,S,1,3.2292896807193756,355.2517387140373,0.0,11.263056206703187,1.318194848669421,full_sequence,0.3928278566467693,0.3099578902079685,0.35553637174930897,0.7429758758331594,0.5503944652806448
TP53,NM_000546.6(TP53):c.480G>A (p.Met160Ile),159,M,I,0,2.796871602535248,215.80313602049418,0.0,6.283938980102539,0.6675765605493182,full_sequence,0.22231910215223732,0.27446229376346865,0.24578353837729142,0.37628276201466276,0.2916027490903288
TP53,NM_000546.6(TP53):c.488A>G (p.Tyr163Cys),162,Y,C,1,3.194586932659149,368.47291930445914,0.0,9.575032496452332,1.1868742291402603,full_sequence,0.4089938632748479,0.30710927031253377,0.36314579644180656,0.6186593268665199,0.5033433218911003
TP53,NM_000546.6(TP53):c.487T>C (p.Tyr163His),162,Y,H,1,3.2404393553733826,291.52828669537433,0.0,7.750813746452332,1.9407423536751593,full_sequence,0.31491093079794985,0.31087312565249026,0.313093918482493,0.4843125293760182,0.3911416501580806
TP53,NM_000546.6(TP53):c.490A>G (p.Lys164Glu),163,K,E,1,3.0958291888237,354.9918394170889,0.0,11.423551321029663,2.1921828637652174,full_sequence,0.39251006855452103,0.29900261335759554,0.35043171371590454,0.7547957327569159,0.5555386174455987
TP53,NM_000546.6(TP53):c.494A>T (p.Gln165Leu),164,Q,L,1,2.628321051597595,350.3738428927782,0.0,6.3333251953125,1.012044880857516,full_sequence,0.38686348034631407,0.260626604095486,0.3300568860334414,0.3799198696003813,0.38373885551064435
TP53,NM_000546.6(TP53):c.496T>A (p.Ser166Thr),165,S,T,0,3.562492460012436,62.228221933457384,0.0,6.445717287063599,1.7793365198173972,full_sequence,0.03453760548043254,0.33730927069982686,0.17078485482915998,0.38819712121289696,0.19368438756004153
TP53,NM_000546.6(TP53):c.503A>T (p.His168Leu),167,H,L,1,2.2600589394569397,190.73411436899707,0.0,9.885086107254029,1.476674222494041,full_sequence,0.19166631986809368,0.2303973329853688,0.20909527577086748,0.641493600257019,0.39408859604311003
TP53,NM_000546.6(TP53):c.503A>C (p.His168Pro),167,H,P,1,2.6096625924110413,171.30715510699386,0.0,11.110086107254029,1.6933008679642987,full_sequence,0.1679122874619048,0.25909500037451466,0.20894450827257924,0.731710207736722,0.42162135158557257
TP53,NM_000546.6(TP53):c.509C>T (p.Thr170Met),169,T,M,0,4.114483058452606,101.27061772536975,0.0,8.519719505310059,1.1694196272038546,full_sequence,0.08227612813591824,0.3826201319054198,0.21743092983219395,0.5409395245072434,0.2886746565030145
TP53,NM_000546.6(TP53):c.513G>T (p.Glu171Asp),170,E,D,1,3.5001926124095917,180.75259610003374,0.0,6.035688257217407,1.1109348757513897,full_sequence,0.17946156331168997,0.3321953072449438,0.24819174808165417,0.3580000370978624,0.25980387651546755
TP53,NM_000546.6(TP53):c.512A>G (p.Glu171Gly),170,E,G,1,3.330527514219284,572.7659343963859,0.0,10.623969507217407,1.0090936273040783,full_sequence,0.658790181648929,0.31826812852621494,0.5055552577437077,0.6959095624347859,0.6754939030025646
TP53,NM_000546.6(TP53):c.511G>A (p.Glu171Lys),170,E,K,0,3.9981403052806854,160.97023640030199,0.0,11.475532007217407,1.2129963504721173,full_sequence,0.15527297017980435,0.3730699867468862,0.2532816276349912,0.7586239132975896,0.42678089458280766
TP53,NM_000546.6(TP53):c.517G>A (p.Val173Met),172,V,M,1,4.223748624324799,232.90712667637231,0.0,9.755143308639527,1.4186764529695015,full_sequence,0.24323275841904862,0.39158933700379633,0.3099932187821851,0.6319238055979017,0.4181437296495325
TP53,NM_000546.6(TP53):c.523C>G (p.Arg175Gly),174,R,G,1,3.773217558860779,157.14914596289995,0.0,12.483707857131957,1.700340572958269,full_sequence,0.15060078732025853,0.3546069126042968,0.2424035436980757,0.8328722438463709,0.45762294275700904
TP53,NM_000546.6(TP53):c.524G>A (p.Arg175His),174,R,H,1,4.205975413322449,115.06758506502077,0.0,10.221207857131958,1.3601143242352436,full_sequence,0.0991461696526165,0.3901304000233824,0.23008907331946113,0.6662476932971235,0.3543418552926446
TP53,NM_000546.6(TP53):c.524G>T (p.Arg175Leu),174,R,L,1,3.557650923728943,553.7425950447463,0.0,11.452457857131957,0.9775821879985745,full_sequence,0.6355296696285738,0.33691184694082965,0.501151649419089,0.7569245895904985,0.6901573836114399
TP53,NM_000546.6(TP53):c.527G>A (p.Cys176Tyr),175,C,Y,1,3.768926441669464,342.53946280592686,0.0,12.310832238197326,2.1715058668399605,full_sequence,0.377284105830949,0.354254670707384,0.36692086002534474,0.8201406096780147,0.5765695325621286
TP53,NM_000546.6(TP53):c.532C>G (p.His178Asp),177,H,D,1,3.1703044772148132,400.9947840693607,0.0,10.211590051651001,2.7285509014287483,full_sequence,0.44875950127904807,0.3051160135949766,0.3841199318212159,0.6655393783731304,0.5463104459713851
TP53,NM_000546.6(TP53):c.537T>A (p.His179Gln),178,H,Q,1,3.444972515106201,430.85479173776633,0.0,8.24596939086914,2.715254949508838,full_sequence,0.48527039216209283,0.3276624942373605,0.4143468380959633,0.5207788660402718,0.5012492054072734
TP53,NM_000546.6(TP53):c.538G>A (p.Glu180Lys),179,E,K,1,4.2681973576545715,170.9369741388,0.0,8.942822265625,2.1775343704968093,full_sequence,0.16745965405715835,0.395237968687671,0.26995989564088907,0.5720994393243143,0.3495475574273785
TP53,NM_000546.6(TP53):c.541C>T (p.Arg181Cys),180,R,C,1,4.337623566389084,145.58333328476735,0.0,8.42767858505249,2.0498866889301945,full_sequence,0.1364588577750816,0.40093690870021725,0.25547398069139265,0.5341610595481023,0.3154248485729409
TP53,NM_000546.6(TP53):c.547T>C (p.Ser183Pro),182,S,P,0,2.973913550376892,261.32160199035286,0.0,5.507167053222656,1.9989158696680827,full_sequence,0.2779761456012766,0.2889950107135202,0.2829346349017862,0.3190764534199077,0.2964712841196606
TP53,NM_000546.6(TP53):c.554G>A (p.Ser185Asn),184,S,N,0,4.494140684604645,75.98238269829598,0.0,3.8738525390625,0.8304956139340179,full_sequence,0.051355305879224544,0.41378481850122695,0.21444858655912563,0.19878902940775364,0.11770048146706263
TP53,NM_000546.6(TP53):c.555C>G (p.Ser185Arg),184,S,R,0,2.8414180874824524,81.12261380787378,0.0,5.0429931640625,0.9567138780902508,full_sequence,0.0576404488450116,0.2781189495151129,0.15685577414655716,0.2848918056152636,0.15990355939162498
TP53,NM_000546.6(TP53):c.558T>A (p.Asp186Glu),185,D,E,0,3.811966896057129,63.532617422761014,0.0,3.4569427490234377,0.7293346560744153,full_sequence,0.03613253612838048,0.35778770199540966,0.18087736076854358,0.1680852033813051,0.09551123639219655
TP53,NM_000546.6(TP53):c.556G>A (p.Asp186Asn),185,D,N,0,4.3878889083862305,73.77448728021338,0.0,5.331942749023438,1.3924205462955543,full_sequence,0.04865563380994766,0.4050630042190909,0.20903895049406213,0.3061718474828914,0.16453792996277233
TP53,NM_000546.6(TP53):c.569C>T (p.Pro190Leu),189,P,L,1,2.920701950788498,264.42982195409996,0.0,8.155138063430787,2.082218042007745,full_sequence,0.2817766764382779,0.28462706783498104,0.2830593525667944,0.514089483008136,0.386317439394714
TP53,NM_000546.6(TP53):c.572C>G (p.Pro191Arg),190,P,R,0,3.0221393704414368,177.55737151768298,0.0,10.89633288383484,1.9459462705010782,full_sequence,0.17555464884038302,0.2929536894403778,0.22838421711038068,0.715968092916534,0.4187406986746509
TP53,NM_000546.6(TP53):c.576G>C (p.Gln192His),191,Q,H,0,3.1436744332313538,200.53074446641978,0.0,7.338105964660644,1.6650229292763803,full_sequence,0.20364500709686528,0.3029300520401184,0.2483232773213292,0.45391816533216545,0.3162679283027503
TP53,NM_000546.6(TP53):c.578A>C (p.His193Pro),192,H,P,1,2.592522919178009,187.35704043474976,0.0,12.030011224746705,1.7966901340124348,full_sequence,0.18753705174175828,0.2576880681601514,0.21910500913003517,0.7994592062963599,0.462902021291329
TP53,NM_000546.6(TP53):c.581T>G (p.Leu194Arg),193,L,R,1,3.27510404586792,98.65618209420951,0.0,12.519306325912476,1.988323751698492,full_sequence,0.07907936492305961,0.3137186215434915,0.18466703040225396,0.8354939361605346,0.41946592197992333
TP53,NM_000546.6(TP53):c.584T>C (p.Ile195Thr),194,I,T,1,3.1302096843719482,108.57698514261867,0.0,9.548482322692871,1.2270745186516538,full_sequence,0.09120988282496562,0.3018247807393739,0.18598658688644934,0.6167040071893157,0.32768223878892316
TP53,NM_000546.6(TP53):c.589G>A (p.Val197Met),196,V,M,1,4.795695096254349,84.07407901884672,0.0,9.71369490623474,0.17956599646531385,full_sequence,0.06124931008374985,0.43853830185910514,0.2310293563826597,0.6288712878424623,0.3166792000751704
TP53,NM_000546.6(TP53):c.596G>T (p.Gly199Val),198,G,V,1,3.9163758158683777,221.9448121660703,0.0,14.753040599822999,1.3303122013844442,full_sequence,0.22982874749728496,0.3663582430291917,0.291267020486643,1.0,0.5764058111235066
TP53,NM_000546.6(TP53):c.612G>C (p.Glu204Asp),203,E,D,0,3.698425382375717,107.28302326346054,0.0,5.247620391845703,1.1413351904861204,full_sequence,0.08962770972235284,0.3484675001984419,0.20610561543659292,0.2999618254426734,0.18427806179649708
TP53,NM_000546.6(TP53):c.614A>G (p.Tyr205Cys),204,Y,C,1,3.593406319618225,475.61920053683866,0.0,8.667789363861084,0.7572290995026875,full_sequence,0.5400054231525991,0.33984687479287723,0.4499340763907243,0.5518443084325274,0.5453329215285668
TP53,NM_000546.6(TP53):c.621T>G (p.Asp207Glu),206,D,E,0,3.863042861223221,149.46450435603865,0.0,6.308400344848633,0.9790389168747607,full_sequence,0.14120450335746876,0.36198033856408,0.24055362920044382,0.37808424882422703,0.24780038881750996
TP53,NM_000546.6(TP53):c.629A>G (p.Asn210Ser),209,N,S,0,2.955627918243408,128.71786731204313,0.0,4.077938842773437,1.3553285534634476,full_sequence,0.115836854101808,0.2874940109827311,0.19308257469822337,0.2138192122272419,0.15992891525825326
TP53,NM_000546.6(TP53):c.635T>C (p.Phe212Ser),211,F,S,0,2.60089647769928,165.20297267877206,0.0,6.277065372467041,4.477150550815089,full_sequence,0.16044848701543607,0.2583754225263786,0.2045156079953602,0.37577654686199236,0.2573461139463864
TP53,NM_000546.6(TP53):c.641A>T (p.His214Leu),213,H,L,1,2.7078073620796204,217.62543023628487,0.0,11.001053810119629,1.3264214255434843,full_sequence,0.22454728594938805,0.26715134055326845,0.24371911052113424,0.7236803922647347,0.44915718379129405
TP53,NM_000546.6(TP53):c.641A>G (p.His214Arg),213,H,R,1,2.5163026452064514,131.95397785214024,0.0,9.60027256011963,1.700610597001124,full_sequence,0.11979376128438628,0.25143142852763445,0.17903071154384795,0.6205181619005079,0.345119741561641
TP53,NM_000546.6(TP53):c.653T>A (p.Val218Glu),217,V,E,1,8.163405418395996,115.05059607905213,0.0,14.031149864196777,1.8399375947912977,full_sequence,0.09912539661666142,0.7149811532743408,0.3762604871126171,0.9468354831516531,0.4805949355574077
TP53,NM_000546.6(TP53):c.659A>G (p.Tyr220Cys),219,Y,C,1,5.822803094983101,169.66154879618043,0.0,9.469962787628173,1.060054027478177,full_sequence,0.16590014623549343,0.5228497885131612,0.32652748526044395,0.6109213410061152,0.3661596838822732
TP53,NM_000546.6(TP53):c.659A>C (p.Tyr220Ser),219,Y,S,1,6.565661981701851,89.29499319450184,0.0,11.154337787628174,1.3232520321321797,full_sequence,0.06763310709726428,0.5838283196812114,0.29992095276004044,0.7349691762907069,0.36793433823431343
TP53,NM_000546.6(TP53):c.682G>T (p.Asp228Tyr),227,D,Y,0,4.625821948051453,94.49376009004033,0.0,11.581709671020509,2.645525490337973,full_sequence,0.07398982384553986,0.42459404508638254,0.23176172340391907,0.766443495843252,0.38559397624451025
TP53,NM_000546.6(TP53):c.695T>G (p.Ile232Ser),231,I,S,1,6.32392044365406,135.37586387360574,0.0,12.046068572998047,0.793631657434311,full_sequence,0.123977822739807,0.5639846533052573,0.32198089649425965,0.8006417691407324,0.42847659862022336
TP53,NM_000546.6(TP53):c.704A>G (p.Asn235Ser),234,N,S,0,2.3162437081336975,50.83974307784706,0.0,7.037894582748413,2.9635380758743706,full_sequence,0.020612508292295984,0.23500933228857224,0.11709107909062029,0.4318087347991736,0.2056508102203909
TP53,NM_000546.6(TP53):c.711G>A (p.Met237Ile),236,M,I,1,5.268505275249481,51.09380719457997,0.0,9.620301771163941,1.3145785755958241,full_sequence,0.02092316150264822,0.4773495360677654,0.22631503005695094,0.6219932373869673,0.2914046956505918
TP53,NM_000546.6(TP53):c.717C>A (p.Asn239Lys),238,N,K,1,-0.5467109680175781,85.24254543999737,0.0,9.803415060043335,1.532455529313564,full_sequence,0.06267803543696779,0.0,0.034472919490332286,0.6354788371479059,0.32043839620688985
TP53,NM_000546.6(TP53):c.718A>T (p.Ser240Cys),239,S,C,1,6.547934949398041,134.95870378759565,0.0,11.678720092773437,1.1528958471457964,full_sequence,0.1234677463007714,0.5823731733389099,0.3299751884679337,0.7735879457540474,0.4160218360547456
TP53,NM_000546.6(TP53):c.719G>A (p.Ser240Asn),239,S,N,1,2.102834403514862,42.33749002460541,0.0,9.408407592773438,1.941687229664194,full_sequence,0.010216501803141745,0.21749135388660085,0.10349018524069833,0.60638803418771,0.27849369137619745
TP53,NM_000546.6(TP53):c.726C>G (p.Cys242Trp),241,C,W,1,10.392332439194433,159.17339281438973,0.0,13.5936758518219,1.421024909631266,full_sequence,0.15307590577085725,0.8979455065843194,0.4882672261369152,0.9146171800847184,0.49576947921209474
TP53,NM_000546.6(TP53):c.730G>A (p.Gly244Ser),243,G,S,1,7.974605607218109,48.39944657318855,0.0,9.026778817176819,1.4747799001482296,full_sequence,0.01762867116829769,0.6994832769262699,0.3244632437593851,0.5782825211665182,0.2699229036674969
TP53,NM_000546.6(TP53):c.731G>T (p.Gly244Val),243,G,V,1,9.895546006388031,80.05587584858685,0.0,11.78224756717682,1.2716615970469791,full_sequence,0.05633611049169174,0.8571661506146319,0.41670962854701477,0.7812123518941412,0.38253041912279395
TP53,NM_000546.6(TP53):c.733G>T (p.Gly245Cys),244,G,C,1,11.635591105994536,190.5543689254764,0.0,13.046637630462646,0.8943460437465339,full_sequence,0.1914465387364883,1.0,0.5552955963050685,0.8743298882538917,0.4987440460193198
TP53,NM_000546.6(TP53):c.733G>A (p.Gly245Ser),244,G,S,1,9.02757890659268,55.141159859677494,0.0,10.029450130462646,1.2443397262808433,full_sequence,0.025872003216340464,0.785917950190597,0.36789267935475584,0.6521254634537558,0.3076860603231773
TP53,NM_000546.6(TP53):c.734G>T (p.Gly245Val),244,G,V,1,11.198832110938383,125.54520358759035,0.0,13.046637630462646,0.9542998458498403,full_sequence,0.1119575255919679,0.9641480737874767,0.49544327227994683,0.8743298882538917,0.4550250887898336
TP53,NM_000546.6(TP53):c.738G>C (p.Met246Ile),245,M,I,1,4.628393322229385,33.98204279207127,0.0,7.952559542655945,1.986213786662225,full_sequence,0.0,0.42480511965687917,0.1911623038455956,0.49917034268767657,0.22462665420945443
TP53,NM_000546.6(TP53):c.737T>A (p.Met246Lys),245,M,K,1,7.6375443041324615,69.06460752697713,0.0,12.431465792655946,2.1193098414237324,full_sequence,0.04289669671748935,0.6718151645253565,0.3259100072310296,0.829024813785341,0.3966543493980226
TP53,NM_000546.6(TP53):c.743G>T (p.Arg248Leu),247,R,L,1,9.43994691921398,108.5976315842109,0.0,13.853052258491516,0.7421056584393807,full_sequence,0.09123512796168722,0.8197677111073767,0.41907479037724743,0.9337192694479907,0.47035299163052374
TP53,NM_000546.6(TP53):c.743G>A (p.Arg248Gln),247,R,Q,1,8.368369847070426,46.9681636059848,0.0,12.109302258491516,1.6408371885111008,full_sequence,0.015878590698839894,0.7318059231272958,0.338045890291645,0.8052986904335154,0.3711176355794439
TP53,NM_000546.6(TP53):c.742C>T (p.Arg248Trp),247,R,W,1,9.662031918298453,132.64639634680915,0.0,13.768677258491516,0.9440278741982121,full_sequence,0.12064040594653778,0.8379978450947974,0.44345125356325454,0.9275053704634194,0.48372963997913443
TP53,NM_000546.6(TP53):c.751A>T (p.Ile251Phe),250,I,F,1,5.467673532664776,120.86428334534642,0.0,11.764207124710083,1.358479063799506,full_sequence,0.10623399832115495,0.493698519716773,0.28059303294918303,0.7798837416763602,0.4093763828309973
TP53,NM_000546.6(TP53):c.761T>A (p.Ile254Asn),253,I,N,1,7.118007272481918,224.38974212515163,0.0,12.854376125335694,1.914233259120494,full_sequence,0.23281825011041246,0.6291682962656336,0.41117577088026197,0.8601705570363446,0.5151267882270819
TP53,NM_000546.6(TP53):c.761T>C (p.Ile254Thr),253,I,T,1,6.336887449026108,188.88738057064174,0.0,8.760626125335694,1.714664280678897,full_sequence,0.18940825292616437,0.565049066688973,0.3584466191194282,0.5586813840812145,0.35558116194593686
TP53,NM_000546.6(TP53):c.760A>G (p.Ile254Val),253,I,V,0,2.226017087697983,39.296211003348986,0.0,5.8090636253356935,1.17850888924013,full_sequence,0.006497822031753884,0.22760296361641538,0.10599513574485155,0.341309991824634,0.15716329843854993
TP53,NM_000546.6(TP53):c.776A>C (p.Asp259Ala),258,D,A,1,7.850186252035201,152.92282294063372,0.0,9.01089653968811,2.8676579819991947,full_sequence,0.14543311220054542,0.6892701534601948,0.39015978076738767,0.5771128516203284,0.3396889949394477
TP53,NM_000546.6(TP53):c.779C>A (p.Ser260Tyr),259,S,Y,0,6.060305804014206,98.60409259592699,0.0,7.540863037109375,1.1917083432283475,full_sequence,0.07901567324524542,0.5423455051345507,0.2875140975954328,0.4688504553067294,0.2544413251729132
TP53,NM_000546.6(TP53):c.784G>A (p.Gly262Ser),261,G,S,0,6.311827123165131,171.78882483274887,0.0,8.662354660034179,1.1712647664529379,full_sequence,0.168501242126418,0.5629919574735944,0.34602206403264735,0.5514440630921843,0.3408255115610128
TP53,NM_000546.6(TP53):c.788A>G (p.Asn263Ser),262,N,S,0,3.758165627717972,101.19390565038789,0.0,5.119060516357422,1.0384102672045155,full_sequence,0.08218232955990389,0.3533713553958676,0.20421739118608756,0.290493877830783,0.1759225262817995
TP53,NM_000546.6(TP53):c.796G>C (p.Gly266Arg),265,G,R,1,8.93984792381525,109.96725320386825,0.0,12.974265670776367,1.5080074078123726,full_sequence,0.092909812913603,0.7787164391589028,0.4015227947239879,0.8689999676991538,0.4421503825671008
TP53,NM_000546.6(TP53):c.799C>G (p.Arg267Gly),266,R,G,1,10.031504546292126,85.68730524202034,0.0,12.538298869132996,1.65091439828426,full_sequence,0.06322185902807849,0.8683264829621713,0.42551893979842026,0.8368926649905484,0.4113737217111899
TP53,NM_000546.6(TP53):c.800G>C (p.Arg267Pro),266,R,P,1,10.20880023110658,95.23764994443204,0.0,13.008611369132996,1.1926651709575242,full_sequence,0.0748994043655555,0.8828800282393542,0.4384906851087649,0.871529398219363,0.43338290159976883
TP53,NM_000546.6(TP53):c.800G>A (p.Arg267Gln),266,R,Q,1,6.407298956997693,51.70164276070443,0.0,10.360173869132996,1.967809254684961,full_sequence,0.02166638361685703,0.570828886261974,0.26878950980715965,0.6764820134258723,0.3163334170309139
TP53,NM_000546.6(TP53):c.805A>T (p.Ser269Cys),268,S,C,0,5.521946042776108,85.86639684561897,0.0,5.26461009979248,1.1440285170038702,full_sequence,0.06344084068641133,0.49815354880582413,0.2590615593401471,0.30121305304514623,0.17043833624784205
TP53,NM_000546.6(TP53):c.806G>T (p.Ser269Ile),268,S,I,1,5.251692861318588,85.8763493357689,0.0,10.241172599792481,2.0801990392801106,full_sequence,0.0634530099492566,0.47596946735589546,0.24908541578224408,0.66771802093144,0.33537226489123906
TP53,NM_000546.6(TP53):c.808T>G (p.Phe270Val),269,F,V,1,0.7736002802848816,80.6378106008816,0.0,8.191787147521973,0.8120539093253798,full_sequence,0.057047662761806055,0.10837945408684395,0.0801469688580731,0.5167885491582953,0.26393106164022617
TP53,NM_000546.6(TP53):c.812A>T (p.Glu271Val),270,E,V,1,7.348134994506836,79.04019990563738,0.0,12.062454628944398,1.8782188538716365,full_sequence,0.05509420747755424,0.6480586275533331,0.32192819651165466,0.8018485400611016,0.3911336571401505
TP53,NM_000546.6(TP53):c.814G>C (p.Val272Leu),271,V,L,1,4.96641194075346,64.45034894540849,0.0,9.223161125183106,1.1977255777991123,full_sequence,0.037254679024504585,0.45255181453199256,0.22413839000287417,0.5927453338990581,0.2872254737180537
TP53,NM_000546.6(TP53):c.814G>A (p.Val272Met),271,V,M,1,6.206233851611614,80.64875647991163,0.0,9.315348625183105,0.7511012319110163,full_sequence,0.05706104667648292,0.5543241973973791,0.2808294645008862,0.5995345939007195,0.30117414292738937
TP53,NM_000546.6(TP53):c.818G>A (p.Arg273His),272,R,H,1,7.648175194859505,71.19880483273874,0.0,10.869843864440918,1.0255293184800411,full_sequence,0.04550625548984017,0.6726878149211895,0.32773795723394733,0.7140172770265882,0.3463362151813768
TP53,NM_000546.6(TP53):c.818G>T (p.Arg273Leu),272,R,L,1,7.378267720341682,80.23449008497346,0.0,12.805781364440918,0.41782181116542616,full_sequence,0.05655450845619628,0.6505321112719094,0.32384442972326716,0.8565917370614761,0.41657126132857214
TP53,NM_000546.6(TP53):c.817C>A (p.Arg273Ser),272,R,S,1,7.516226723790169,62.481552753138025,0.0,12.854218864440918,0.8014685782988253,full_sequence,0.03484736206245977,0.6618566542532222,0.31700154354830284,0.8601589753674337,0.406237588049698
TP53,NM_000546.6(TP53):c.820G>A (p.Val274Ile),273,V,I,0,2.7610436156392097,38.92737284726006,0.0,3.1986724853515627,1.2206076498135736,full_sequence,0.006046830531014417,0.2715213071848754,0.12551034502525182,0.14906457725774186,0.07040481655804176
TP53,NM_000546.6(TP53):c.824G>T (p.Cys275Phe),274,C,F,1,8.66389427066315,98.84239864315701,0.0,13.467063784599304,1.4326064709287196,full_sequence,0.0793070585048812,0.7560644271273854,0.38384787438500806,0.9052926811697676,0.45100058870408005
TP53,NM_000546.6(TP53):c.829T>G (p.Cys277Gly),276,C,G,1,7.227480610832572,120.24389720521927,0.0,14.459341549873352,1.5211104164163203,full_sequence,0.10547543017478764,0.6381545566362566,0.3451810370824487,0.9783701780355356,0.49827806671212416
TP53,NM_000546.6(TP53):c.833C>T (p.Pro278Leu),277,P,L,1,7.506299843546003,165.36912727162925,0.0,9.363840985298157,1.7224267099405481,full_sequence,0.16065165013169824,0.6610417934671526,0.3858272146326527,0.6031058724462411,0.3597560501732425
TP53,NM_000546.6(TP53):c.842A>G (p.Asp281Gly),280,D,G,1,7.8617962542921305,84.71800806467623,0.0,11.839971661567688,0.7492431725798666,full_sequence,0.06203666497627991,0.6902231754905462,0.3447205947076998,0.785463512682535,0.3875787464440946
TP53,NM_000546.6(TP53):c.844C>G (p.Arg282Gly),281,R,G,1,7.049232620745897,79.35790516934443,0.0,13.022737097740173,0.523019725215479,full_sequence,0.055482676976456966,0.6235228401508378,0.3111007504049283,0.8725697045974189,0.42317183940588976
TP53,NM_000546.6(TP53):c.847C>T (p.Arg283Cys),282,R,C,0,7.707482129335403,95.31813678411673,0.0,9.641920852661134,0.8648233836974079,full_sequence,0.07499781848031001,0.6775561012365005,0.3461490457205957,0.6235854008069706,0.3218622305273072
TP53,NM_000546.6(TP53):c.851C>T (p.Thr284Ile),283,T,I,0,3.5766804814338684,66.31716450683889,0.0,6.937570190429687,1.016150920377942,full_sequence,0.03953730065069637,0.33847391276298,0.17405877610122397,0.42442022351553427,0.2127346159398734
TP53,NM_000546.6(TP53):c.854A>T (p.Glu285Val),284,E,V,1,5.38882502168417,128.78410502048152,0.0,10.065958404541016,1.479794208611359,full_sequence,0.11591784529819325,0.4872261378548251,0.2830065769486776,0.6548141594801147,0.3584211866800579
TP53,NM_000546.6(TP53):c.857A>C (p.Glu286Ala),285,E,A,1,6.193229673430324,121.66606153262019,0.0,8.024892997741699,1.4562527275428339,full_sequence,0.10721436095980665,0.5532567326356055,0.3079334282139161,0.504497427524511,0.2859917409139236
TP53,NM_000546.6(TP53):c.860A>G (p.Glu287Gly),286,E,G,0,5.393158912658691,102.32069066733324,0.0,8.997096633911132,0.5091064833768085,full_sequence,0.08356008958124074,0.48758189089297765,0.26536990017152234,0.5760965408589093,0.3052014926561915
TP53,NM_000546.6(TP53):c.866T>C (p.Leu289Pro),288,L,P,0,4.7477569580078125,120.47449410843764,0.0,8.854302978515625,1.2720513420734558,full_sequence,0.1057573891905009,0.434603237865839,0.253738021094403,0.5655803293002084,0.31267771223986923
TP53,NM_000546.6(TP53):c.868C>T (p.Arg290Cys),289,R,C,0,6.457936555147171,107.34615705999049,0.0,7.968707275390625,1.327621194151392,full_sequence,0.08970490565551319,0.5749855389079054,0.3080811906190896,0.5003595620067066,0.2744995010135502
TP53,NM_000546.6(TP53):c.869G>A (p.Arg290His),289,R,H,0,5.423575192689896,88.30721422743552,0.0,7.089801025390625,1.5889140194328526,full_sequence,0.06642531470539277,0.490078650523991,0.25706931582376197,0.43563144758408806,0.23256807450080563
TP53,NM_000546.6(TP53):c.875A>G (p.Lys292Arg),291,K,R,0,3.949929505586624,111.16921510084494,0.0,3.36531982421875,0.5635151251252969,full_sequence,0.09437949437361572,0.36911254098653956,0.21800936534943144,0.16133752220314443,0.12451060689690363
TP53,NM_000546.6(TP53):c.877G>T (p.Gly293Trp),292,G,W,0,5.4642122983932495,108.38142425082417,0.0,7.4850830078125,0.9289799936088737,full_sequence,0.09097076358358461,0.4934143998311801,0.27207039989500253,0.46474246754486614,0.2591680303661613
TP53,NM_000546.6(TP53):c.883C>T (p.Pro295Ser),294,P,S,0,2.912812054157257,111.2692442976258,0.0,1.9970703125,1.632498795887151,full_sequence,0.09450180362180285,0.28397941547967853,0.1797667289578469,0.06057113107414374,0.07923300097535625
TP53,NM_000546.6(TP53):c.887A>G (p.His296Arg),295,H,R,1,2.4188947677612305,85.62415891494315,0.0,2.8328125,0.515291103568882,full_sequence,0.06314464777337342,0.24343557709878041,0.14427556596980656,0.1221203758773404,0.08968372542015857
TP53,NM_000546.6(TP53):c.886C>T (p.His296Tyr),295,H,Y,0,4.052911758422852,360.68611777415975,0.0,4.92109375,0.6075982115678414,full_sequence,0.39947266474878373,0.37756597221904153,0.3896146531103998,0.2759143757454821,0.343871434697298
TP53,NM_000546.6(TP53):c.892G>A (p.Glu298Lys),297,E,K,0,3.2090622186660767,92.05216053108929,0.0,3.471875,0.7383826195288359,full_sequence,0.07100439343082249,0.30829749286020863,0.17778628817404624,0.16918490707529768,0.11518562457083631
TP53,NM_000546.6(TP53):c.899C>T (p.Pro300Leu),299,P,L,0,3.433010846376419,83.56416436430435,0.0,3.90726318359375,0.7471797126003638,full_sequence,0.06062581934260845,0.3266806052103843,0.18035047298310758,0.2012495967574024,0.1239065191792657
TP53,NM_000546.6(TP53):c.905G>C (p.Gly302Ala),301,G,A,0,2.8219560384750366,105.55763207325958,0.0,3.2810302734375,0.10533507741820142,full_sequence,0.08751801269294959,0.27652138208580634,0.17256952891973512,0.15512991622969746,0.11794336928448612
TP53,NM_000546.6(TP53):c.907A>G (p.Ser303Gly),302,S,G,0,3.5796603858470917,90.64017710745856,0.0,3.9949951171875,0.15638219962862543,full_sequence,0.06927791119808695,0.33871852206548453,0.19052618608841584,0.20771072117900458,0.13157267568949987
TP53,NM_000546.6(TP53):c.920C>G (p.Ala307Gly),306,A,G,0,3.687757521867752,90.5795736247244,0.0,4.15810546875,0.3570030084371028,full_sequence,0.06920380916938652,0.34759181509039305,0.19447841183383946,0.21972318041393551,0.13693752622943356
TP53,NM_000546.6(TP53):c.930C>G (p.Asn310Lys),309,N,K,0,3.00067538022995,232.51955416869288,0.0,3.50234375,0.5837795058968128,full_sequence,0.24275885976187833,0.2911917900816946,0.2645536784057957,0.1714288150419485,0.21066033963790992
TP53,NM_000546.6(TP53):c.929A>G (p.Asn310Ser),309,N,S,0,1.7103697657585144,115.89383610014248,0.0,1.387109375,0.16297871428445634,full_sequence,0.100156456110689,0.18527538720214534,0.13845997510184435,0.015649819664846458,0.062128469710059864
TP53,NM_000546.6(TP53):c.935C>A (p.Thr312Asn),311,T,N,0,3.5909045934677124,139.96840303837283,0.0,4.0181640625,0.2554331996808687,full_sequence,0.12959328333120992,0.3396415173706664,0.2241149886489653,0.20941702619531197,0.16551396762005582
TP53,NM_000546.6(TP53):c.935C>G (p.Thr312Ser),311,T,S,0,2.3793801069259644,102.06217378901356,0.0,2.3212890625,0.20527770004420112,full_sequence,0.08324399182130138,0.24019196512830066,0.15387057980945104,0.08444861328337637,0.08378607147923511
TP53,NM_000546.6(TP53):c.938G>A (p.Ser313Asn),312,S,N,0,4.643744185566902,83.8575739691662,0.0,4.9875732421875,0.1967044273052759,full_sequence,0.060984581677371114,0.4260652151006019,0.22527086671782495,0.2808103384002818,0.1599061722026809
TP53,NM_000546.6(TP53):c.943T>A (p.Ser315Thr),314,S,T,0,3.890532210469246,90.6030656145115,0.0,4.0921142578125,0.18230787550298866,full_sequence,0.06923253365885307,0.3642368373012659,0.2019844702979388,0.21486317782270392,0.13476632353258594
TP53,NM_000546.6(TP53):c.946C>A (p.Pro316Thr),315,P,T,0,4.076589271426201,213.5109034941494,0.0,3.375048828125,1.2658408336509281,full_sequence,0.2195163081081992,0.3795095714550069,0.29151327661426263,0.16205402646973924,0.19365828137089222
TP53,NM_000546.6(TP53):c.949C>A (p.Gln317Lys),316,Q,K,0,2.749253034591675,150.2189680227462,0.0,3.557861328125,0.4881154992110662,full_sequence,0.142127012852988,0.2705534621112676,0.1999189150192138,0.17551747426964387,0.15715272049048312
TP53,NM_000546.6(TP53):c.952C>T (p.Pro318Ser),317,P,S,0,3.6010310351848602,87.55193148551957,0.0,3.17059326171875,1.6788074228232621,full_sequence,0.06550180369755343,0.3404727594179926,0.18923873377175104,0.14699664885217759,0.1021744840171343
TP53,NM_000546.6(TP53):c.956A>C (p.Lys319Thr),318,K,T,0,4.236500471830368,146.8832599398932,0.0,7.185285949707032,0.9439962915174936,full_sequence,0.1380483242209151,0.3926360888761516,0.2526128183157715,0.44266355039003286,0.2751251759970181
TP53,NM_000546.6(TP53):c.972T>A (p.Asp324Glu),323,D,E,0,2.951720654964447,66.56462689635188,0.0,4.288952255249024,1.1370525429919474,full_sequence,0.0398398816949312,0.28717327822998673,0.15113991013570618,0.22935955035480327,0.12512373259187362
TP53,NM_000546.6(TP53):c.970G>A (p.Asp324Asn),323,D,N,0,3.8632659316062927,79.20259736427498,0.0,7.373327255249023,0.8504905461690756,full_sequence,0.0552927766124937,0.3619986495845847,0.19331041944993466,0.45651207990191267,0.23584146309273224
TP53,NM_000546.6(TP53):c.978A>C (p.Glu326Asp),325,E,D,0,3.2402374744415283,88.67479609495199,0.0,4.731996154785156,0.9350398043395579,full_sequence,0.06687477009751847,0.31085655399545636,0.17666657285159051,0.2619880545023365,0.15467574807968656
TP53,NM_000546.6(TP53):c.977A>T (p.Glu326Val),325,E,V,1,3.6777355670928955,177.42289448089912,0.0,8.919496154785156,1.6721670747949613,full_sequence,0.1753902189959297,0.3467691499886767,0.2525107379426658,0.5703815596625459,0.35313632229590697
TP53,NM_000546.6(TP53):c.994A>C (p.Ile332Leu),331,I,L,0,2.5024142265319824,82.15112282030913,0.0,5.7237548828125,0.8563217837374959,full_sequence,0.05889804330855851,0.2502913797429227,0.1450250447040224,0.33502732624193854,0.1831562206285795
TP53,NM_000546.6(TP53):c.995T>A (p.Ile332Asn),331,I,N,1,2.860231876373291,308.0409614983058,0.0,13.0839111328125,0.7512350127772981,full_sequence,0.33510156419001497,0.27966330367547915,0.3101543469584739,0.8770749404423738,0.5789895835035763
TP53,NM_000546.6(TP53):c.997C>T (p.Arg333Cys),332,R,C,0,5.183514267206192,116.66480547894444,0.0,9.285339736938477,0.8698886924102025,full_sequence,0.10109914772604955,0.47037293940098307,0.2672723539797696,0.597324553009562,0.3244005801036301
TP53,NM_000546.6(TP53):c.998G>A (p.Arg333His),332,R,H,0,4.510196834802628,83.33544505562959,0.0,8.215027236938477,1.0498798053921432,full_sequence,0.060346156128365365,0.415102808327816,0.21998664961811815,0.5185000936682398,0.26651542802130884
TP53,NM_000546.6(TP53):c.1000G>T (p.Gly334Trp),333,G,W,1,4.905283629894257,299.36856549487857,0.0,14.608912134170533,0.869276594688633,full_sequence,0.32449751787857634,0.447534018183829,0.37986394301594,0.9893854847245548,0.6236971029592666
TP53,NM_000546.6(TP53):c.1003C>T (p.Arg335Cys),334,R,C,0,5.8954638838768005,219.24498107263562,0.0,9.41565670967102,1.4425265185640255,full_sequence,0.2265275682226613,0.5288142432157501,0.36255657196955127,0.6069219041744233,0.39770501940095415
TP53,NM_000546.6(TP53):c.1004G>T (p.Arg335Leu),334,R,L,0,3.6318785548210144,114.18344834841692,0.0,9.01253170967102,2.0300896268389295,full_sequence,0.0980651043178687,0.343004917908953,0.2082880204338566,0.5772332756925821,0.3136907814364897
TP53,NM_000546.6(TP53):c.1006G>C (p.Glu336Gln),335,E,Q,0,4.064971297979355,85.95796320023162,0.0,7.749862289428711,1.2617472687958113,full_sequence,0.06355280211719683,0.3785558950992358,0.20530419395911437,0.4842424581720722,0.2528631473418907
TP53,NM_000546.6(TP53):c.1009C>T (p.Arg337Cys),336,R,C,1,5.091024547815323,216.78013456921525,0.0,6.716595458984375,2.8031186728634654,full_sequence,0.2235137129440822,0.4627808013281493,0.3311839027169124,0.4081462719973836,0.3065983645180678
TP53,NM_000546.6(TP53):c.1009C>G (p.Arg337Gly),336,R,G,1,3.4095617830753326,143.5103734208247,0.0,6.705657958984375,2.7476132448630977,full_sequence,0.13392417619569863,0.3247557585632872,0.21979838826111348,0.4073407665734577,0.2569616418656902
TP53,NM_000546.6(TP53):c.1010G>T (p.Arg337Leu),336,R,L,1,2.920407682657242,253.68294191091323,0.0,7.247845458984375,3.1507631657244817,full_sequence,0.2686360848836036,0.28460291245535996,0.27582115729089396,0.44727082115949973,0.34902171620775685
TP53,NM_000546.6(TP53):c.1010G>C (p.Arg337Pro),336,R,P,1,3.8898750841617584,167.4220877282943,0.0,8.622845458984376,2.7345575353186202,full_sequence,0.16316187772617446,0.3641828962395934,0.25362133605721293,0.5485343601673297,0.3365794948246943
TP53,NM_000546.6(TP53):c.1009C>A (p.Arg337Ser),336,R,S,1,3.34136238694191,119.0676660626203,0.0,4.809173583984375,3.2056020517684374,full_sequence,0.10403721062114334,0.31915752304761164,0.20084135121305408,0.26767187967487405,0.17767281169532215
TP53,NM_000546.6(TP53):c.1015G>C (p.Glu339Gln),338,E,Q,0,3.740414172410965,95.082229961825,0.0,6.6754302978515625,1.4575125826138047,full_sequence,0.07470936683813671,0.35191420425980485,0.19945154367788737,0.4051146138881937,0.22339172801066234
TP53,NM_000546.6(TP53):c.1020G>T (p.Met340Ile),339,M,I,0,2.8673232793807983,119.40952129569163,0.0,3.073381042480469,1.5813749614567414,full_sequence,0.10445520914448837,0.2802454106503698,0.18356079982213502,0.13983733732136056,0.12037716682408085
TP53,NM_000546.6(TP53):c.1023C>G (p.Phe341Leu),340,F,L,0,1.5231341123580933,93.99353275655466,0.0,2.6213844299316404,2.937326875478854,full_sequence,0.07337817813558459,0.16990590676545173,0.1168156560190248,0.10654949978954581,0.08830527287986714
TP53,NM_000546.6(TP53):c.1025G>C (p.Arg342Pro),341,R,P,1,4.452035084366798,267.5112128213946,0.0,11.06116943359375,1.4379795928588974,full_sequence,0.2855444023870842,0.41032852592351554,0.3416972579784783,0.7281076801066632,0.48469787736089476
TP53,NM_000546.6(TP53):c.1025G>A (p.Arg342Gln),341,R,Q,0,3.9564181715250015,101.25242778498132,0.0,4.36156005859375,1.1289498179849276,full_sequence,0.08225388665038127,0.3696451715106356,0.2115799648374957,0.23470683990118257,0.15085771561324185
TP53,NM_000546.6(TP53):c.1029G>T (p.Glu343Asp),342,E,D,0,4.19575971364975,294.43278263066367,0.0,4.6474456787109375,0.9499504915821755,full_sequence,0.3184623610367237,0.3892918311214922,0.3503356225748695,0.2557612323699203,0.2902468531366622
TP53,NM_000546.6(TP53):c.1031T>C (p.Leu344Pro),343,L,P,1,5.907867923378944,335.3942912885241,0.0,13.618534088134766,1.4115570842830178,full_sequence,0.3685474510882725,0.529832444818927,0.44112569826706705,0.9164478949811066,0.6151026508400479
TP53,NM_000546.6(TP53):c.1031T>G (p.Leu344Arg),343,L,R,1,3.7130322605371475,204.74237251883707,0.0,12.290409088134766,1.4545560207240946,full_sequence,0.20879471415553025,0.3496665246580792,0.2721870288816773,0.8186365220758163,0.48322352771965893
TP53,NM_000546.6(TP53):c.1040C>A (p.Ala347Asp),346,A,D,1,4.317399173974991,163.2445993672962,0.0,9.567534255981446,2.1214572662953692,full_sequence,0.1580539144795684,0.39927676332775625,0.26660419646125294,0.6181071098727645,0.36507785240650664
TP53,NM_000546.6(TP53):c.1040C>G (p.Ala347Gly),346,A,G,0,4.73490634560585,349.580260352058,0.0,7.220659255981445,1.852185362237811,full_sequence,0.38589313881550524,0.4335483787494019,0.40733799678575877,0.4452686603389456,0.41261212350105336
TP53,NM_000546.6(TP53):c.1046A>G (p.Glu349Gly),348,E,G,0,3.2637290358543396,173.20528864414274,0.0,6.6448064804077145,1.827972941947473,full_sequence,0.17023320268824677,0.3127848891549435,0.2343814615982603,0.40285928579198005,0.27491494008492673
TP53,NM_000546.6(TP53):c.1049T>G (p.Leu350Arg),349,L,R,0,2.7363197803497314,115.27312092794263,0.0,4.690072631835937,1.6694538872693998,full_sequence,0.09939748564513155,0.2694918192326582,0.17593993575951855,0.2589005459194173,0.17117386276856014
TP53,NM_000546.6(TP53):c.1060C>A (p.Gln354Lys),353,Q,K,0,2.9941931068897247,92.69751326011459,0.0,3.646240234375,0.4236241003383202,full_sequence,0.07179348911131185,0.29065968430227435,0.17028327694724496,0.18202624577547385,0.12139822961018475
TP53,NM_000546.6(TP53):c.1061A>T (p.Gln354Leu),353,Q,L,0,2.671974688768387,457.8801702145574,0.0,3.461865234375,0.5808132540690638,full_sequence,0.5183152813528996,0.26420996928423107,0.4039678909219988,0.1684477257721512,0.36087488134156287
TP53,NM_000546.6(TP53):c.1061A>C (p.Gln354Pro),353,Q,P,0,3.6496520340442657,141.2131409007119,0.0,3.534912109375,0.6869599735643562,full_sequence,0.1311152684818682,0.34446387690662605,0.2271221422730092,0.17382735128194218,0.15033570574190147
TP53,NM_000546.6(TP53):c.1063G>A (p.Ala355Thr),354,A,T,0,3.975690007209778,97.53580981033888,0.0,4.030810546875,0.10764385799847069,full_sequence,0.07770944597799283,0.37122712503368016,0.2097924015530521,0.21034839184172632,0.13739697161667289
TP53,NM_000546.6(TP53):c.1067G>A (p.Gly356Glu),355,G,E,0,2.909466177225113,103.94182647416629,0.0,3.474267578125,0.17883407269574164,full_sequence,0.08554230985416135,0.2837047648502805,0.17471541460241496,0.16936111138678153,0.12326077054384044
TP53,NM_000546.6(TP53):c.1066G>C (p.Gly356Arg),355,G,R,0,3.1600684225559235,102.35409065636067,0.0,3.741064453125,0.25008498654639516,full_sequence,0.08360092893293876,0.30427577382775506,0.18290460913560608,0.18900969012040306,0.1310348714672977
TP53,NM_000546.6(TP53):c.1079G>C (p.Gly360Ala),359,G,A,0,3.2818545401096344,117.30680830106775,0.0,3.5017578125,0.1464334343391821,full_sequence,0.10188414735650685,0.3142727445820357,0.19745901610799482,0.17138566296566674,0.1331598293806288
TP53,NM_000546.6(TP53):c.1093C>T (p.His365Tyr),364,H,Y,0,4.2669501304626465,156.42927109976006,0.0,4.85419921875,0.1624095958712252,full_sequence,0.14972057078215772,0.3951355884327449,0.2601573287249219,0.27098784703664947,0.204290845096679
TP53,NM_000546.6(TP53):c.1096T>G (p.Ser366Ala),365,S,A,0,4.052705153822899,160.41554513737822,0.0,4.3592041015625,0.1708127505610806,full_sequence,0.15459472949081027,0.3775490128136108,0.2549241569860705,0.23453333259446635,0.1905671008874555
TP53,NM_000546.6(TP53):c.1120G>C (p.Gly374Arg),373,G,R,0,2.8805254995822906,115.74533432564735,0.0,3.2267578125,0.3426984273450892,full_sequence,0.09997487772180376,0.2813291319471562,0.18158429212321234,0.15113295516410072,0.12299601257083739
TP53,NM_000546.6(TP53):c.1123C>A (p.Gln375Lys),374,Q,K,0,1.3607507348060608,147.17173293363143,0.0,2.30244140625,0.19464328710826015,full_sequence,0.13840105038609374,0.156576457490143,0.1465799835829159,0.08306055482964687,0.11349782738569265
TP53,NM_000546.6(TP53):c.1132T>A (p.Ser378Thr),377,S,T,0,4.275565907359123,126.94429991728755,0.0,4.4421875,0.15880901216042032,full_sequence,0.11366825031768497,0.395842825607142,0.24064680919794063,0.24064474539786862,0.1708076731037676
TP53,NM_000546.6(TP53):c.1136G>A (p.Arg379His),378,R,H,0,4.408330976963043,163.82510481421656,0.0,4.026025390625,0.23450296596123618,full_sequence,0.15876371908728618,0.406741017820512,0.27035350351723775,0.20999598321875868,0.1818182379464488
TP53,NM_000546.6(TP53):c.1136G>T (p.Arg379Leu),378,R,L,0,3.603974401950836,187.97309482946648,0.0,3.523681640625,0.29784816052104307,full_sequence,0.18829032330931117,0.34071436948053196,0.25688114408636054,0.17300026981987537,0.18140979923906508
TP53,NM_000546.6(TP53):c.1135C>A (p.Arg379Ser),378,R,S,0,3.177925169467926,286.3959429159032,0.0,2.357275390625,0.2357416919364872,full_sequence,0.30863543195054616,0.30574156796120505,0.3073331931553427,0.08709886996834691,0.2089439790585565
TP53,NM_000546.6(TP53):c.1151T>C (p.Met384Thr),383,M,T,0,1.7175534963607788,129.99554983455144,0.0,1.686328125,0.621534398030045,full_sequence,0.1173991218574132,0.18586507300689886,0.14820879987468177,0.03768614661939126,0.08152828300030333
TP53,NM_000546.6(TP53):c.1150A>G (p.Met384Val),383,M,V,0,1.7557133436203003,116.39974138986314,0.0,1.698828125,0.34008870033666166,full_sequence,0.10077504445920073,0.18899747335518163,0.14047513746239212,0.03860672424673516,0.07279930036359122
TP53,NM_000546.6(TP53):c.1153T>C (p.Phe385Leu),384,F,L,0,2.0322848558425903,150.03052073116515,0.0,1.57685546875,0.4947867024490555,full_sequence,0.14189659166299612,0.21170020314648158,0.17330821683056458,0.02962390036741844,0.09137388057998617
TP53,NM_000546.6(TP53):c.1159A>C (p.Thr387Pro),386,T,P,0,3.1829723715782166,164.68237579795456,0.0,4.0018798828125,0.8041333618251134,full_sequence,0.1598119347371963,0.30615587406522604,0.22566670743480965,0.20821775807531512,0.18159455523934975
TP53,NM_000546.6(TP53):c.1163A>C (p.Glu388Ala),387,E,A,0,3.5828213691711426,200.501969966258,0.0,4.25545654296875,0.7588955146418237,full_sequence,0.20360982349452708,0.3389779954642598,0.26452550088090676,0.22689271808782974,0.21408712606151326
TP53,NM_000546.6(TP53):c.1164A>T (p.Glu388Asp),387,E,D,0,3.6804282665252686,146.08057218379412,0.0,3.99608154296875,0.6166259751125616,full_sequence,0.13706684942018693,0.3469901836993837,0.2315323498458255,0.20779073232044368,0.16889259672530246
TP53,NM_000546.6(TP53):c.1162G>C (p.Glu388Gln),387,E,Q,0,4.150985956192017,167.24976396423332,0.0,4.54139404296875,0.3353664477093546,full_sequence,0.16295117134538398,0.3856165194122836,0.2631505779754888,0.24795093131332166,0.20120106333095594
TP53,NM_000546.6(TP53):c.1177G>T (p.Asp393Tyr),392,D,Y,0,4.593304306268692,265.36004042884065,0.0,6.398577880859375,1.1411374344756788,full_sequence,0.2829140875737943,0.4219247924619439,0.34546890477346165,0.38472548259546613,0.3287292153335466
