sps_all,sps_deep10,sps_deep5,sps_topk,sps_log,trace_ratio,frob_dist,ll_crude,ll_proper,pos_entropy,mut_rank,name,position,wt_aa,mut_aa,label,variant_id
2582.083726476534,6073.935968761701,4364.5345032341,2537.3303306973635,0.29903365222051226,0.016727056203922397,132.64639634680915,0.155670166015625,9.662031918298453,0.01675066538155079,9.0,NM_000546.6(TP53):c.742C>T (p.Arg248Trp),247,R,W,1,TP53:R247W
3414.1261628883635,7776.685541328979,5979.626095580043,3372.104763241465,0.4138130080143014,0.03268572063188975,190.5543689254764,0.26061248779296875,11.635591105994536,0.004350071307271719,13.0,NM_000546.6(TP53):c.733G>T (p.Gly245Cys),244,G,C,1,TP53:G244C
5912.4700690569425,15748.576145948124,25413.922076205046,5872.358751715166,0.29592213051950256,0.017411138040923924,160.397312841846,0.046966552734375,6.255271203815937,0.400544673204422,10.0,NM_000546.6(TP53):c.215C>G (p.Pro72Arg),71,P,R,0,TP53:P71R
185.83830675645314,476.71284307904614,757.1552031010999,175.9240899719556,0.14437947346915742,0.0097179588958998,46.9681636059848,0.09343719482421875,8.368369847070426,0.01675066538155079,4.0,NM_000546.6(TP53):c.743G>A (p.Arg248Gln),247,R,Q,1,TP53:R247Q
2329.0201390462366,6759.406544594827,11359.403071885588,2048.2548783962948,0.28949718698111876,0.03776582065450256,150.6472262980554,0.02535247802734375,2.0078223943710327,2.508235216140747,6.0,NM_000546.6(TP53):c.398T>C (p.Met133Thr),132,M,T,1,TP53:M132T
159.94092189127917,456.4819452120899,773.1041979381166,146.8096618473315,0.05484014949613451,0.0059063005036968895,55.141159859677494,0.10916900634765625,9.02757890659268,0.004350071307271719,2.0,NM_000546.6(TP53):c.733G>A (p.Gly245Ser),244,G,S,1,TP53:G244S
168.41807131428297,417.3790660837449,714.5470740136016,147.42433057201728,0.10279950436213169,0.012709281287767105,71.19880483273874,0.0870819091796875,7.648175194859505,0.27866724133491516,10.0,NM_000546.6(TP53):c.818G>A (p.Arg273His),272,R,H,1,TP53:R272H
2352.700757559037,6368.912710430796,6896.985521847857,2315.2650314741663,0.1067746285023468,0.01933480342563308,115.06758506502077,0.010223388671875,4.205975413322449,1.2069134712219238,11.0,NM_000546.6(TP53):c.524G>A (p.Arg175His),174,R,H,1,TP53:R174H
19239.35981457073,55006.188120001694,95743.51763382464,18817.232402039936,0.3697642648307328,0.025026731446141138,335.3942912885241,0.029052734375,5.907867923378944,0.966405987739563,19.0,NM_000546.6(TP53):c.1031T>C (p.Leu344Pro),343,L,P,1,TP53:L343P
40757.97876807424,120279.69975364914,229129.69231824987,39544.639281701224,0.2278074346988747,0.05332413880288384,245.10358351928724,0.51116943359375,3.386316418647766,1.4910390377044678,5.0,NM_000546.6(TP53):c.412G>C (p.Ala138Pro),137,A,P,1,TP53:A137P
324.5887392569793,916.5762198852826,1591.5927025418955,293.6619573164218,0.148371336735233,0.01020523922783127,89.29499319450184,0.00177764892578125,6.565661981701851,0.6895553469657898,13.0,NM_000546.6(TP53):c.659A>C (p.Tyr220Ser),219,Y,S,1,TP53:Y219S
1613.114295489597,2512.274188367089,1586.6987825820534,1586.333954713959,0.18801745034651682,0.029129738424461378,128.78410502048152,0.032867431640625,5.38882502168417,0.5430142283439636,11.0,NM_000546.6(TP53):c.854A>T (p.Glu285Val),284,E,V,1,TP53:E284V
4959.051500078819,14473.181571098505,25570.8703628421,4907.037430825872,0.10036450753477497,0.010816817907413416,163.2445993672962,0.0294647216796875,4.317399173974991,1.3094960451126099,13.0,NM_000546.6(TP53):c.1040C>A (p.Ala347Asp),346,A,D,1,TP53:A346D
3722.0604388812053,10092.912481171352,17140.61295636258,3641.4594750019983,0.13307641266565698,0.01975517230740192,126.67791102209807,0.01732635498046875,3.4043221175670624,1.6336663961410522,7.0,NM_000546.6(TP53):c.139C>T (p.Pro47Ser),46,P,S,0,TP53:P46S
13505.58713504589,37092.24040941087,57943.72774442229,13400.002048750517,0.16998600523386562,0.045331091956024,156.42927109976006,0.03612518310546875,4.2669501304626465,2.2789723873138428,18.0,NM_000546.6(TP53):c.1093C>T (p.His365Tyr),364,H,Y,0,TP53:H364Y
1387.9992290409887,3791.8969004820406,5355.120635122829,1303.916217838963,0.08379165837775485,0.010696524115004527,85.62415891494315,0.00139617919921875,2.4188947677612305,2.2378318309783936,7.0,NM_000546.6(TP53):c.887A>G (p.His296Arg),295,H,R,1,TP53:H295R
779.373753488707,2279.4154748954375,4164.415565500837,714.7671003354601,0.1475940847274423,0.0076965539167135,77.99813366193521,0.019382476806640625,3.6348437666893005,1.782625675201416,13.0,NM_000546.6(TP53):c.28G>A (p.Val10Ile),9,V,I,0,TP53:V9I
1759.1679735344017,4685.59371287155,5319.065211909844,1590.2627018550104,0.3812270263946317,0.018046497718485533,259.36636408931724,0.126495361328125,3.9781566858291626,2.182673215866089,18.0,NM_000546.6(TP53):c.329G>A (p.Arg110His),109,R,H,0,TP53:R109H
22053.206972373016,60005.39912519507,67412.86922854328,16446.432736783583,3.281592433652448,0.11065369229999823,368.47291930445914,0.16577911376953125,3.194586932659149,2.2494304180145264,16.0,NM_000546.6(TP53):c.488A>G (p.Tyr163Cys),162,Y,C,1,TP53:Y162C
5328.785789815569,15733.315656665192,29255.036636331555,5102.417900170885,0.15252175783949323,0.021783718884848233,177.55737151768298,0.02147674560546875,3.0221393704414368,1.8014878034591675,4.0,NM_000546.6(TP53):c.572C>G (p.Pro191Arg),190,P,R,0,TP53:P190R
1087.0940733346304,2714.5064475969675,4800.693349862874,981.934937112351,0.42332406493323543,0.03542474823960905,169.66154879618043,0.0205535888671875,5.822803094983101,0.6895553469657898,8.0,NM_000546.6(TP53):c.659A>G (p.Tyr220Cys),219,Y,C,1,TP53:Y219C
154.66359512299667,362.01440840516733,496.10995036142356,146.12106107676854,0.034862905743563696,0.004848706994715591,50.83974307784706,0.0040283203125,2.3162437081336975,1.3335933685302734,2.0,NM_000546.6(TP53):c.704A>G (p.Asn235Ser),234,N,S,0,TP53:N234S
164.4912828479808,453.6526847771253,862.286526873478,151.743560791661,0.11262009871695088,0.01007178523485184,51.70164276070443,0.05260467529296875,6.407298956997693,0.08345331251621246,3.0,NM_000546.6(TP53):c.800G>A (p.Arg267Gln),266,R,Q,1,TP53:R266Q
1102.2786327683095,2021.8491294338746,1369.287325005381,1084.2513561670478,0.18931801728025288,0.013412287224691217,95.31813678411673,0.0517120361328125,7.707482129335403,0.944776713848114,19.0,NM_000546.6(TP53):c.847C>T (p.Arg283Cys),282,R,C,0,TP53:R282C
1673.8174658423454,4611.6984714867285,6828.146097293594,1648.509601687633,0.10263542873184685,0.015375108202203287,88.30721422743552,0.0263214111328125,5.423575192689896,0.9700632691383362,16.0,NM_000546.6(TP53):c.869G>A (p.Arg290His),289,R,H,0,TP53:R289H
800.1319361178578,2060.1934160295395,2356.045868608312,766.5156913895382,0.2809685579255943,0.010433296378683154,108.38142425082417,0.08116912841796875,5.4642122983932495,2.057863473892212,20.0,NM_000546.6(TP53):c.877G>T (p.Gly293Trp),292,G,W,0,TP53:G292W
26252.647630071835,72383.57990521967,102617.64238997738,24037.71645841862,1.4380589658574054,0.06154036219824875,360.68611777415975,0.02285003662109375,4.052911758422852,2.2378318309783936,19.0,NM_000546.6(TP53):c.886C>T (p.His296Tyr),295,H,Y,0,TP53:H295Y
9788.572796124901,27065.31130389459,41973.05222739025,9749.048921755077,0.15433060097541168,0.0362372216032266,160.41554513737822,0.009613037109375,4.052705153822899,1.0257148742675781,7.0,NM_000546.6(TP53):c.1096T>G (p.Ser366Ala),365,S,A,0,TP53:S365A
1942.0880256105593,5275.15393370964,9179.309530410943,1893.6555513652977,0.24980845749181294,0.011171847075287077,132.01820803201647,0.080718994140625,5.942549034953117,1.0054357051849365,18.0,NM_000546.6(TP53):c.145G>C (p.Asp49His),48,D,H,0,TP53:D48H
2670.2737660972416,7230.8427963095555,12031.062087377974,2636.6117634165544,0.12659112266381947,0.02690450388794081,125.40303383117728,0.05313873291015625,2.715823769569397,1.981052279472351,8.0,NM_000546.6(TP53):c.21T>A (p.Asp7Glu),6,D,E,0,TP53:D6E
5533.377923469195,16040.42299136937,23813.326242598796,5467.549056906548,0.11808756570054206,0.023029627383667338,218.93645768184427,0.06099700927734375,3.8836775422096252,2.1749067306518555,18.0,NM_000546.5(TP53):c.319T>C (p.Tyr107His),106,Y,H,0,TP53:Y106H
281.9324701612353,709.187395278569,980.180914241708,269.7125061749037,0.08147534684878878,0.006245181626780046,79.35790516934443,0.06180572509765625,7.049232620745897,0.3492027223110199,17.0,NM_000546.6(TP53):c.844C>G (p.Arg282Gly),281,R,G,1,TP53:R281G
15618.946455290987,40258.9020508168,59548.54854012469,15583.257768709107,0.23513886217990426,0.036983667276089,167.17135936779442,0.0268707275390625,5.921074267476797,0.15912708640098572,3.0,NM_000546.6(TP53):c.250G>A (p.Ala84Thr),83,A,T,0,TP53:A83T
477.76545798134265,1324.3573359898076,2075.752599622483,422.4802631196964,0.053058578250315715,0.0035734011739390246,72.84918365956108,0.0280914306640625,2.6622248142957687,0.9921794533729553,2.0,NM_000546.6(TP53):c.144C>A (p.Asp48Glu),47,D,E,0,TP53:D47E
4988.528042307434,14670.056528222121,27384.134812009503,4920.95090957521,0.10149558338497441,0.015640083852541613,149.14846147691745,0.0485382080078125,4.787180125713348,1.2756249904632568,18.0,NM_000546.6(TP53):c.364G>A (p.Val122Met),121,V,M,0,TP53:V121M
1987.674285109319,5561.560578561622,7832.053113566751,1970.479234362158,0.153108803123333,0.020244804746198757,102.06217378901356,0.02379608154296875,2.3793801069259644,1.4074580669403076,2.0,NM_000546.6(TP53):c.935C>G (p.Thr312Ser),311,T,S,0,TP53:T311S
315.1043376529687,586.5872775467355,840.1275765284545,300.6843409155263,0.10640164417155522,0.012636673632479452,84.71800806467623,0.04190826416015625,7.8617962542921305,0.10351234674453735,7.0,NM_000546.6(TP53):c.842A>G (p.Asp281Gly),280,D,G,1,TP53:D280G
3538.6142601557594,10360.102190565345,18897.88565893599,3249.2669143056164,0.3550928178326641,0.016642097570751434,219.24498107263562,0.0090789794921875,5.8954638838768005,1.289001226425171,20.0,NM_000546.6(TP53):c.1003C>T (p.Arg335Cys),334,R,C,0,TP53:R334C
2658.0279107758706,5950.020870527614,5710.7864238550155,2600.976232501203,0.13422215868436282,0.014267222436989501,171.78882483274887,0.143646240234375,6.311827123165131,0.11298181861639023,4.0,NM_000546.6(TP53):c.784G>A (p.Gly262Ser),261,G,S,0,TP53:G261S
697.4024810794025,1979.0274250202012,3045.3747306872665,620.4731226640973,0.044963261043001794,0.009895297552359409,75.98238269829598,0.003997802734375,4.494140684604645,1.821953296661377,19.0,NM_000546.6(TP53):c.554G>A (p.Ser185Asn),184,S,N,0,TP53:S184N
10804.0724522707,30877.028884016338,56457.129529281345,10744.443841966791,0.17529749692727084,0.039281817143395965,200.501969966258,0.0382232666015625,3.5828213691711426,1.4159284830093384,8.0,NM_000546.6(TP53):c.1163A>C (p.Glu388Ala),387,E,A,0,TP53:E387A
1273.1613228233064,3554.790841560177,4932.727104757409,1203.080325374166,0.08611844759850622,0.011405641167378503,92.05216053108929,0.05385589599609375,3.2090622186660767,2.1833925247192383,14.0,NM_000546.6(TP53):c.892G>A (p.Glu298Lys),297,E,K,0,TP53:E297K
4642.470687969263,11786.658785045705,17422.28652283553,4620.725175735707,0.15200802719918913,0.017725730241350917,108.65266055357452,0.00878143310546875,5.6387281101197,0.19766663014888763,4.0,NM_000546.6(TP53):c.221C>T (p.Ala74Val),73,A,V,0,TP53:A73V
3725.8224079251077,10496.500609579536,17430.396573604477,3558.5352700913113,0.16237977639095086,0.02141903288139379,160.97023640030199,0.02291107177734375,3.9981403052806854,1.638533353805542,14.0,NM_000546.6(TP53):c.511G>A (p.Glu171Lys),170,E,K,0,TP53:E170K
2596.2715532855286,7537.145850071162,13819.73052842025,2276.7984256444897,0.24981223550910242,0.017627311580394534,148.6076244302055,0.06632232666015625,4.003946274518967,1.529180884361267,12.0,NM_000546.6(TP53):c.107C>A (p.Pro36Gln),35,P,Q,0,TP53:P35Q
1103.678037614665,2882.753104624768,4801.858058417276,1076.4158626526532,0.044594921388924604,0.009620625969315533,95.082229961825,0.02449798583984375,3.740414172410965,1.1683874130249023,6.0,NM_000546.6(TP53):c.1015G>C (p.Glu339Gln),338,E,Q,0,TP53:E338Q
725.2639318929366,1987.7393414058108,3216.4325467724234,689.2613041500733,0.08179740330693404,0.006796069321259442,117.30680830106775,0.00467681884765625,3.2818545401096344,1.3287866115570068,4.0,NM_000546.6(TP53):c.1079G>C (p.Gly360Ala),359,G,A,0,TP53:G359A
891.109126066773,2601.1717195129704,5021.798538800305,872.2337937763124,0.07738063796140132,0.007038564141029069,83.33544505562959,0.03363800048828125,4.510196834802628,1.5856516361236572,16.0,NM_000546.6(TP53):c.998G>A (p.Arg333His),332,R,H,0,TP53:R332H
2011.6442390873237,5679.219763585425,7886.068900020929,1987.4570515711532,0.0844198810875763,0.013559405721060683,90.64017710745856,0.05750274658203125,3.5796603858470917,1.2517520189285278,4.0,NM_000546.6(TP53):c.907A>G (p.Ser303Gly),302,S,G,0,TP53:S302G
5439.3716037207805,15121.633320243065,24486.254045125286,5359.023251975838,0.09637372496779875,0.01010720482473693,127.23084997569862,0.01265716552734375,5.8257246017456055,1.2792396545410156,13.0,NM_000546.6(TP53):c.217G>A (p.Val73Met),72,V,M,0,TP53:V72M
26649.393555776434,69207.48772736342,31731.32497043893,26249.525560667345,0.34632658969819086,0.04615302226640628,423.72146445369725,0.0632476806640625,2.8664187490940094,1.4777731895446777,2.0,NM_000546.6(TP53):c.322G>A (p.Gly108Ser),107,G,S,0,TP53:G107S
10247.879364730346,30405.49012029422,50028.47290793892,9819.52472916124,0.44293563269127023,0.030486584511505866,216.78013456921525,0.0370330810546875,5.091024547815323,1.6113977432250977,19.0,NM_000546.6(TP53):c.1009C>T (p.Arg337Cys),336,R,C,1,TP53:R336C
2067.034008726883,5630.568814984677,9838.875514444378,1988.8322514713602,0.10854436145098097,0.012027202555852863,129.21942356326423,0.09455108642578125,4.8001450300216675,1.228803277015686,13.0,NM_000546.6(TP53):c.105G>C (p.Leu35Phe),34,L,F,0,TP53:L34F
1029.9258995887883,2789.629374534044,3725.8091449314043,851.3856322356456,0.23648125953399177,0.018814339307904545,145.58333328476735,0.06848907470703125,4.337623566389084,1.5224159955978394,16.0,NM_000546.6(TP53):c.541C>T (p.Arg181Cys),180,R,C,1,TP53:R180C
82.01201683833156,156.52459876295418,188.97971723711558,73.31397455975751,0.03484823845608476,0.005742184373168428,51.09380719457997,0.04650115966796875,5.268505275249481,0.14083804190158844,2.0,NM_000546.6(TP53):c.711G>A (p.Met237Ile),236,M,I,1,TP53:M236I
33844.146887365554,94002.28290980699,93451.65779195668,33023.9644966904,0.6102713097471,0.06569363951380804,350.67989048806214,0.03536224365234375,3.4434040784835815,1.2093640565872192,3.0,NM_000546.6(TP53):c.455C>T (p.Pro152Leu),151,P,L,1,TP53:P151L
17739.07508593474,52089.50779197299,78855.73657355008,17504.83244095671,0.24304355730179075,0.04456677734262771,253.68294191091323,0.041595458984375,2.920407682657242,1.6113977432250977,3.0,NM_000546.6(TP53):c.1010G>T (p.Arg337Leu),336,R,L,1,TP53:R336L
627.13361017416,1612.0359333362305,2143.753639757134,593.0570683470917,0.11302825332944381,0.008782872303281123,121.22469126081111,0.03874969482421875,3.56840992718935,0.400544673204422,2.0,NM_000546.6(TP53):c.214C>G (p.Pro72Ala),71,P,A,0,TP53:P71A
5104.126508829062,14568.542858111407,26617.425924342795,5007.981055796768,0.14811964371879102,0.012860318502430124,167.4220877282943,0.0129241943359375,3.8898750841617584,1.6113977432250977,15.0,NM_000546.6(TP53):c.1010G>C (p.Arg337Pro),336,R,P,1,TP53:R336P
719.1346131854359,1928.3546088578278,2832.0176296791997,694.6193854392474,0.05033268042027666,0.013979773882251249,116.39974138986314,0.042758941650390625,1.7557133436203003,2.6021811962127686,7.0,NM_000546.6(TP53):c.1150A>G (p.Met384Val),383,M,V,0,TP53:M383V
72178.37107268773,208567.40811884817,333120.2771802048,69686.20251469711,1.3866313750293726,0.12995560707047787,553.7425950447463,0.15863037109375,3.557650923728943,1.2069134712219238,2.0,NM_000546.6(TP53):c.524G>T (p.Arg175Leu),174,R,L,1,TP53:R174L
27866.961223025966,72238.20339133158,76045.35328122179,23940.70707302904,4.355237586944452,0.10064490618101346,643.2554174971967,0.312652587890625,2.3819130659103394,2.2522518634796143,7.0,NM_000546.6(TP53):c.370T>A (p.Cys124Ser),123,C,S,0,TP53:C123S
3394.7180902972605,9438.00079429232,17297.52685474216,3333.2591860455054,0.17817066016086616,0.015123299147560087,149.64155291778624,0.24200439453125,2.320094108581543,2.7268545627593994,18.0,NM_000546.6(TP53):c.344A>G (p.His115Arg),114,H,R,0,TP53:H114R
13307.984665898537,32442.978794501345,45012.703359427906,13270.443717668708,0.449167708870781,0.03856949774942412,200.26792750191746,0.004364013671875,6.768162680789828,0.09070739150047302,4.0,NM_000546.6(TP53):c.245C>T (p.Pro82Leu),81,P,L,0,TP53:P81L
656.3405988796437,1902.5357328637506,3558.401255083544,644.388778609919,0.05731252102040239,0.006038605631228633,85.05046747646105,0.0384063720703125,4.329986929893494,0.7627306580543518,5.0,NM_000546.6(TP53):c.188C>T (p.Ala63Val),62,A,V,0,TP53:A62V
24469.500293177567,68664.97669823328,124133.88582078372,24346.09746758766,0.5982835507162576,0.03430975601762587,286.3959429159032,0.1308135986328125,3.177925169467926,1.270938754081726,3.0,NM_000546.6(TP53):c.1135C>A (p.Arg379Ser),378,R,S,0,TP53:R378S
791.5030582186481,2262.296776371216,4271.997237863416,724.1701711376778,0.25700784009182304,0.006005755135467258,116.66480547894444,0.04064178466796875,5.183514267206192,1.5856516361236572,19.0,NM_000546.6(TP53):c.997C>T (p.Arg333Cys),332,R,C,0,TP53:R332C
1505.2391834428781,3903.152819242464,3970.207131312511,1477.9869952059773,0.08562310174660166,0.020941426871345717,90.6030656145115,0.01976776123046875,3.890532210469246,0.9730046391487122,3.0,NM_000546.6(TP53):c.943T>A (p.Ser315Thr),314,S,T,0,TP53:S314T
459.40950735725335,1050.1314416636437,1625.524949378398,448.17593768629126,0.07093333259225129,0.016709122876030453,80.64875647991163,0.0706024169921875,6.206233851611614,0.24228975176811218,7.0,NM_000546.6(TP53):c.814G>A (p.Val272Met),271,V,M,1,TP53:V271M
27119.88950054615,69354.43053194832,33349.8297301159,25778.47834619728,1.8432632695819189,0.10550493389077588,342.53946280592686,0.06777191162109375,3.768926441669464,1.9795308113098145,18.0,NM_000546.6(TP53):c.527G>A (p.Cys176Tyr),175,C,Y,1,TP53:C175Y
2945.5310041372372,8707.822680513329,16797.24440795223,2836.9821005934946,0.07016080170799209,0.007816866080389158,101.27061772536975,0.00439453125,4.114483058452606,1.7893877029418945,19.0,NM_000546.6(TP53):c.509C>T (p.Thr170Met),169,T,M,0,TP53:T169M
67863.68989691188,198088.78126074505,324845.1285549525,64360.75365213548,1.5389473054902085,0.10360332424302289,392.32543984508743,0.10034942626953125,3.826013505458832,1.6525112390518188,13.0,NM_000546.6(TP53):c.469G>A (p.Val157Ile),156,V,I,0,TP53:V156I
27999.106407862557,81303.28955375754,127576.94922861477,27235.2876571337,0.37057119573283265,0.06074208985953768,230.19174976208419,0.1871490478515625,3.634004235267639,1.4910390377044678,8.0,NM_000546.6(TP53):c.413C>T (p.Ala138Val),137,A,V,1,TP53:A137V
4604.177759466932,11271.193373479644,16683.535974772094,4542.907385557194,0.4530014797339426,0.018330385761197984,158.35849925485036,0.061614990234375,7.773895986378193,0.400544673204422,16.0,NM_000546.6(TP53):c.215C>A (p.Pro72His),71,P,H,0,TP53:P71H
1569.5517319656226,4478.3591123994975,8091.907999883064,1520.1496706063776,0.10387336028115272,0.00896722157228977,156.4446891411098,0.00029754638671875,5.311668679118156,1.0054357051849365,15.0,NM_000546.6(TP53):c.145G>A (p.Asp49Asn),48,D,N,0,TP53:D48N
1792.801925805233,5289.641926542603,9535.810387474357,1622.7889468328615,0.11670971818326165,0.01669531790432636,84.07407901884672,0.07125091552734375,4.795695096254349,1.4895395040512085,19.0,NM_000546.6(TP53):c.589G>A (p.Val197Met),196,V,M,1,TP53:V196M
4237.48346159993,10281.433871813442,15226.557109986676,4063.4370954289966,0.23072694230398702,0.020808096370735718,187.97309482946648,0.00028228759765625,3.603974401950836,1.270938754081726,6.0,NM_000546.6(TP53):c.1136G>T (p.Arg379Leu),378,R,L,0,TP53:R378L
5394.051163984764,15743.292510354775,29298.18180885168,5154.247556605716,0.1450248956356198,0.013265386711872574,267.5112128213946,0.06970977783203125,4.452035084366798,0.9952662587165833,10.0,NM_000546.6(TP53):c.1025G>C (p.Arg342Pro),341,R,P,1,TP53:R341P
656.6813299731116,1586.5235655923345,1992.1127872837594,631.6385288525161,0.1917194996019326,0.02220029488677078,107.34615705999049,0.0547943115234375,6.457936555147171,0.9700632691383362,19.0,NM_000546.6(TP53):c.868C>T (p.Arg290Cys),289,R,C,0,TP53:R289C
116.19983137492326,264.6560705230174,394.53505651829715,105.12598782357098,0.07294171131764848,0.006154416492702301,66.31716450683889,0.01581573486328125,3.5766804814338684,1.6078622341156006,10.0,NM_000546.6(TP53):c.851C>T (p.Thr284Ile),283,T,I,0,TP53:T283I
1596.1953678763434,4640.0280215043995,8637.53617968608,1261.3505629712213,0.11845619363224583,0.012880308499779206,108.57698514261867,0.0844268798828125,3.1302096843719482,2.062704086303711,13.0,NM_000546.6(TP53):c.584T>C (p.Ile195Thr),194,I,T,1,TP53:I194T
876.6844394069302,2486.7143362475485,4599.378249383658,836.1763776163251,0.058546129215721714,0.005508982775831095,118.97932866028047,0.044708251953125,4.096806734800339,1.3812685012817383,12.0,NM_000546.6(TP53):c.374C>A (p.Thr125Lys),124,T,K,1,TP53:T124K
4178.157808385181,10868.21712977398,16473.357365550706,3973.6227593018643,0.33221467421918244,0.01735274372485769,244.3816456363843,0.08849334716796875,4.908996641635895,1.2218835353851318,14.0,NM_000546.6(TP53):c.149T>C (p.Ile50Thr),49,I,T,0,TP53:I49T
552790.576671834,1347814.3451971584,1009800.23554962,535799.7347819497,6.2644747487426775,0.21774581796465456,851.820417759587,1.1135406494140625,8.43821656703949,0.6091919541358948,20.0,NM_000546.6(TP53):c.380C>G (p.Ser127Cys),126,S,C,1,TP53:S126C
11563.861333157922,33543.23636413661,63233.41396474999,9693.70683293359,0.6629031233934871,0.045645256932365874,232.90712667637231,0.18708038330078125,4.223748624324799,1.7245230674743652,18.0,NM_000546.6(TP53):c.517G>A (p.Val173Met),172,V,M,1,TP53:V172M
536.1636840249906,1118.220021716206,1639.7678995788585,517.0320153829134,0.10444547679217896,0.012792474982803604,115.74533432564735,0.09159088134765625,2.8805254995822906,1.5287882089614868,4.0,NM_000546.6(TP53):c.1120G>C (p.Gly374Arg),373,G,R,0,TP53:G373R
599.2870385203372,1575.7480073642178,2737.9705552125743,553.1623152367539,0.08693173412341544,0.00782282120114715,102.35409065636067,0.0004425048828125,3.1600684225559235,1.455091118812561,5.0,NM_000546.6(TP53):c.1066G>C (p.Gly356Arg),355,G,R,0,TP53:G355R
2016.5135708339828,5925.725043738205,11568.281027587125,1979.7554025836143,0.07905778846808546,0.009031118296069082,92.69751326011459,0.0685577392578125,2.9941931068897247,1.629078984260559,5.0,NM_000546.6(TP53):c.1060C>A (p.Gln354Lys),353,Q,K,0,TP53:Q353K
1661.007079168689,4707.8647868115795,8269.86211120266,1621.159003095742,0.045979550466012466,0.008426734931770893,101.25242778498132,0.02202606201171875,3.9564181715250015,0.9952662587165833,5.0,NM_000546.6(TP53):c.1025G>A (p.Arg342Gln),341,R,Q,0,TP53:R341Q
3728.115083266263,10292.603981374861,11169.679452796823,3659.3182840996046,0.14041738777910845,0.027502734876688636,150.2189680227462,0.046844482421875,2.749253034591675,1.8939847946166992,6.0,NM_000546.6(TP53):c.949C>A (p.Gln317Lys),316,Q,K,0,TP53:Q316K
8714.261345994055,23509.682743484806,26847.933700712398,8431.688769483793,0.6788856552045208,0.061264213743486715,213.5109034941494,0.016448974609375,4.076589271426201,1.0047607421875,4.0,NM_000546.6(TP53):c.946C>A (p.Pro316Thr),315,P,T,0,TP53:P315T
1681.174163123872,3721.860823914737,2928.002672956666,1650.2958548574866,0.19591151740046983,0.022882799595658577,165.36912727162925,0.02370452880859375,7.506299843546003,0.051344387233257294,4.0,NM_000546.6(TP53):c.833C>T (p.Pro278Leu),277,P,L,1,TP53:P277L
506.1652237732452,1209.0454771582667,1241.8943600682273,467.523623592347,0.06652053293154617,0.00904973043337947,98.60409259592699,0.04030609130859375,6.060305804014206,0.6713933944702148,17.0,NM_000546.6(TP53):c.779C>A (p.Ser260Tyr),259,S,Y,0,TP53:S259Y
1809.724802868881,4253.509175699907,3161.4215055505674,1776.6758183924683,0.08483960688995908,0.015586330472918193,108.5976315842109,0.18830108642578125,9.43994691921398,0.01675066538155079,8.0,NM_000546.6(TP53):c.743G>T (p.Arg248Leu),247,R,L,1,TP53:R247L
577.8421934577215,1694.1891228556804,3139.4726910805366,522.1899155642242,0.03813526480124603,0.007059357078144961,63.532617422761014,0.01955413818359375,3.811966896057129,1.5109341144561768,11.0,NM_000546.6(TP53):c.558T>A (p.Asp186Glu),185,D,E,0,TP53:D185E
18307.306558269065,52080.75936579674,70073.43756481992,17598.704774712805,0.8009450006903048,0.061663813350972686,215.80313602049418,0.2306976318359375,2.796871602535248,2.291689395904541,11.0,NM_000546.6(TP53):c.480G>A (p.Met160Ile),159,M,I,0,TP53:M159I
1429.24773903344,4131.910763717644,7712.184776556025,1271.8251220237835,0.271811366356585,0.01651240876552906,134.2548890855743,0.109588623046875,3.634736478328705,2.1313235759735107,18.0,NM_000546.6(TP53):c.401T>G (p.Phe134Cys),133,F,C,1,TP53:F133C
7284.8544804826915,20723.400428353263,28915.496517091222,7003.852417366792,0.5172481075135227,0.026011905554212157,312.88237169787897,0.254150390625,2.824123501777649,2.182673215866089,10.0,NM_000546.6(TP53):c.329G>C (p.Arg110Pro),109,R,P,1,TP53:R109P
1115.3698369043623,3151.077136755487,5903.210866684822,1083.7194485222465,0.10090893038963834,0.007373226763599213,154.52190596037002,0.0064849853515625,4.613976836204529,0.7627306580543518,7.0,NM_000546.6(TP53):c.188C>G (p.Ala63Gly),62,A,G,0,TP53:A62G
1126.5955728573836,3245.0618160497006,6024.667656677584,1111.6852822894527,0.0542542850375807,0.007155897077967529,89.66957010287119,0.04073333740234375,4.4035362005233765,0.7627306580543518,6.0,NM_000546.6(TP53):c.187G>A (p.Ala63Thr),62,A,T,0,TP53:A62T
4980.079263429433,14500.044642684428,26030.11237776216,4838.701881582938,0.1499809875677441,0.018116724676270592,148.72704883406396,0.032985687255859375,2.9458205103874207,1.782625675201416,6.0,NM_000546.6(TP53):c.28G>C (p.Val10Leu),9,V,L,0,TP53:V9L
3353.5718152795494,9484.330705645985,13973.128136038087,3225.783680443227,0.1530344338334268,0.016980400186688765,147.1806933146111,0.05556488037109375,3.358750969171524,1.2990862131118774,3.0,NM_000546.6(TP53):c.23C>T (p.Pro8Leu),7,P,L,0,TP53:P7L
1547.0681678576138,4427.339025394121,7967.953727632329,1488.5104486455189,0.07397066442144183,0.009310879767134702,143.5103734208247,0.024627685546875,3.4095617830753326,1.6113977432250977,8.0,NM_000546.6(TP53):c.1009C>G (p.Arg337Gly),336,R,G,1,TP53:R336G
5696.898971773154,15215.261547249826,23913.974864677482,5580.694117434493,0.27611654297268695,0.05040220583864049,230.3428387818377,0.11837387084960938,3.150828391313553,1.5344804525375366,3.0,NM_000546.6(TP53):c.11C>T (p.Pro4Leu),3,P,L,0,TP53:P3L
4799.689430031,11804.661133513855,18615.70464651642,4773.016922190449,0.1319369646482465,0.020578109431093197,163.82510481421656,0.06665802001953125,4.408330976963043,1.270938754081726,15.0,NM_000546.6(TP53):c.1136G>A (p.Arg379His),378,R,H,0,TP53:R378H
6860.015376637338,18514.471477668238,24049.525357519993,6575.937977762719,0.19457167119705157,0.035964851655720304,170.9369741388,0.0623016357421875,4.2681973576545715,1.9144318103790283,19.0,NM_000546.6(TP53):c.538G>A (p.Glu180Lys),179,E,K,1,TP53:E179K
27328.52990793371,78320.126817462,92573.9199326172,21290.455643089805,4.233808577238198,0.17898435830205903,354.9918394170889,0.1563720703125,3.0958291888237,2.0895798206329346,12.0,NM_000546.6(TP53):c.490A>G (p.Lys164Glu),163,K,E,1,TP53:K163E
10707.451579585102,31907.15632430069,56123.32061055842,10589.506154683164,0.16069152670800332,0.028791948388556813,227.63053540089354,0.16913604736328125,3.4509314596652985,1.5896270275115967,7.0,NM_000546.6(TP53):c.473G>C (p.Arg158Pro),157,R,P,1,TP53:R157P
257783.2432881686,643243.1574867766,477067.58293977723,245216.27004537525,8.17967155300306,0.19945849832651374,782.813827354561,1.0301513671875,2.5145383477211,2.345737934112549,10.0,NM_000546.6(TP53):c.403T>G (p.Cys135Gly),134,C,G,1,TP53:C134G
3414.8344338159663,9532.134789020984,15631.126710222665,3296.915811014201,0.12696522539541236,0.00830239294346133,157.5070526034783,0.0967254638671875,4.007494390010834,2.361250877380371,20.0,NM_000546.6(TP53):c.423C>G (p.Cys141Trp),140,C,W,1,TP53:C140W
2822.5185895050017,8197.10182397738,13360.02015898008,2770.6903917596887,0.2515994802472242,0.023255340651573458,159.17339281438973,0.3403778076171875,10.392332439194433,0.004453158006072044,7.0,NM_000546.6(TP53):c.726C>G (p.Cys242Trp),241,C,W,1,TP53:C241W
665.0498479385707,1891.2479488439644,3397.8720555886985,648.0566099610336,0.20493096182829793,0.009795275974140202,98.84239864315701,0.04796600341796875,8.66389427066315,0.017898742109537125,6.0,NM_000546.6(TP53):c.824G>T (p.Cys275Phe),274,C,F,1,TP53:C274F
1451.1929798750393,1984.3614345860592,938.769872680398,1428.354221856442,0.2151715198853429,0.03561728984924403,121.66606153262019,0.1255645751953125,6.193229673430324,0.15859119594097137,4.0,NM_000546.6(TP53):c.857A>C (p.Glu286Ala),285,E,A,1,TP53:E285A
127.58608366762411,308.0159360099208,448.06733151739843,115.18113979891034,0.13570894110712778,0.007651796517619199,80.6378106008816,0.07892608642578125,0.7736002802848816,1.6055976152420044,2.0,NM_000546.6(TP53):c.808T>G (p.Phe270Val),269,F,V,1,TP53:F269V
230.89148160550556,608.4586519791758,715.7265692545384,219.71033603137914,0.04567140097676361,0.008961184143316044,48.39944657318855,0.0597076416015625,7.974605607218109,0.016785522922873497,2.0,NM_000546.6(TP53):c.730G>A (p.Gly244Ser),243,G,S,1,TP53:G243S
182.45275365484142,387.7231921204133,444.82138334995005,170.89447988702926,0.07838306778215545,0.009497715939724038,80.05587584858685,0.13040924072265625,9.895546006388031,0.016785522922873497,11.0,NM_000546.6(TP53):c.731G>T (p.Gly244Val),243,G,V,1,TP53:G243V
1232.259358061189,2595.5938279918946,1410.5682413519614,1209.361235332788,0.23339669654536183,0.020432223714480013,125.54520358759035,0.14307403564453125,11.198832110938383,0.004350071307271719,8.0,NM_000546.6(TP53):c.734G>T (p.Gly245Val),244,G,V,1,TP53:G244V
757.7576876563479,1932.296969942471,3502.1311794672097,730.4668268057106,0.14726583251766465,0.022324405125846988,109.96725320386825,0.0374298095703125,8.93984792381525,0.12884481251239777,14.0,NM_000546.6(TP53):c.796G>C (p.Gly266Arg),265,G,R,1,TP53:G265R
2162.0234619714083,5934.055776946266,9736.804375047996,2088.4239761878116,0.15493508046044183,0.011441618580129343,187.35704043474976,0.0120086669921875,2.592522919178009,2.0142784118652344,3.0,NM_000546.6(TP53):c.578A>C (p.His193Pro),192,H,P,1,TP53:H192P
1864.7646100512138,5244.763373069844,8703.848720114815,1785.2196450119218,0.18463602380504393,0.029283622395121122,131.95397785214024,0.04241180419921875,2.5163026452064514,2.0980384349823,4.0,NM_000546.6(TP53):c.641A>G (p.His214Arg),213,H,R,1,TP53:H213R
5304.136034899867,15345.620244890155,25505.318568279756,4002.832936643469,0.7233042779922715,0.022658427929430902,217.62543023628487,0.17810821533203125,2.7078073620796204,2.0980384349823,6.0,NM_000546.6(TP53):c.641A>T (p.His214Leu),213,H,L,1,TP53:H213L
302814.0402496852,761786.5178210415,621697.7398726711,286680.7189999222,5.527667286670404,0.19355719770837804,596.6897259960482,0.7396240234375,3.917983204126358,1.465747594833374,13.0,NM_000546.6(TP53):c.396G>C (p.Lys132Asn),131,K,N,1,TP53:K131N
5320.282676619974,15360.619977132306,26410.300897870115,5203.7734687290385,0.1656817895848102,0.014298136060830054,234.58345081241936,0.14311981201171875,3.765583336353302,1.5631035566329956,12.0,NM_000546.6(TP53):c.332T>C (p.Leu111Pro),110,L,P,1,TP53:L110P
1449.2820371670025,3597.472319515525,4892.159115362656,1360.4202680568856,0.12307328835764454,0.01145680005137734,232.87928314612677,0.01047515869140625,4.187298595905304,1.5631035566329956,17.0,NM_000546.6(TP53):c.332T>G (p.Leu111Arg),110,L,R,1,TP53:L110R
2422.976246977202,6320.04021638563,10622.184480365404,2355.709171395916,0.11092582956946158,0.015302385630910869,222.44118345402467,0.06479644775390625,3.981128990650177,1.5631035566329956,14.0,NM_000546.6(TP53):c.332T>A (p.Leu111Gln),110,L,Q,1,TP53:L110Q
1880.1007719117479,5242.7428246044165,8030.555092085708,1830.3751548913544,0.08049375747079525,0.01537693683979561,98.65618209420951,0.092041015625,3.27510404586792,1.3491206169128418,2.0,NM_000546.6(TP53):c.581T>G (p.Leu194Arg),193,L,R,1,TP53:L193R
10727.848667633545,31233.858673925133,45837.16821780174,10212.073106981643,0.4755607974838298,0.05026539411580001,242.26850101781287,0.00382232666015625,3.1307594776153564,1.6616356372833252,5.0,NM_000546.6(TP53):c.451C>G (p.Pro151Ala),150,P,A,1,TP53:P150A
3925.1665200227694,9646.802440297244,9002.47716540969,3859.4778316515717,0.15966592002528357,0.02847727232201682,157.14914596289995,0.054718017578125,3.773217558860779,1.2069134712219238,6.0,NM_000546.6(TP53):c.523C>G (p.Arg175Gly),174,R,G,1,TP53:R174G
137.2332105818287,316.1888689590032,463.73583161802514,122.02544111786423,0.06992243393108032,0.011266089714039433,80.23449008497346,0.1081085205078125,7.378267720341682,0.27866724133491516,6.0,NM_000546.6(TP53):c.818G>T (p.Arg273Leu),272,R,L,1,TP53:R272L
177.3817694049553,425.19784910333755,670.8602609392925,161.31368120398363,0.06444225237666053,0.012666212908045264,62.481552753138025,0.1542205810546875,7.516226723790169,0.27866724133491516,7.0,NM_000546.6(TP53):c.817C>A (p.Arg273Ser),272,R,S,1,TP53:R272S
11559.989581144484,30788.58526727827,35533.860152455956,8510.239175728988,1.5370977316266161,0.07167630132338289,291.52828669537433,0.10404205322265625,3.2404393553733826,2.2494304180145264,17.0,NM_000546.6(TP53):c.487T>C (p.Tyr163His),162,Y,H,1,TP53:Y162H
30839.22305200879,66202.84159341625,34132.42929410127,30152.70210302103,2.1185886304674617,0.15635237738173757,475.61920053683866,0.1046295166015625,3.593406319618225,2.1012332439422607,18.0,NM_000546.6(TP53):c.614A>G (p.Tyr205Cys),204,Y,C,1,TP53:Y204C
101.00532248696403,214.18993724992924,242.5807578254421,95.00436242981819,0.03781661956701992,0.005832724371129849,39.296211003348986,0.005645751953125,2.226017087697983,0.41591963171958923,2.0,NM_000546.6(TP53):c.760A>G (p.Ile254Val),253,I,V,0,TP53:I253V
836.0662965697861,2208.299921451473,2558.7628616151055,787.4197114465176,0.058017469290036185,0.015257758295906402,73.77448728021338,0.0447235107421875,4.3878889083862305,1.5109341144561768,16.0,NM_000546.6(TP53):c.556G>A (p.Asp186Asn),185,D,N,0,TP53:D185N
20997.783725871555,60567.27882510193,75706.94830872782,17420.984920853156,2.1314325033508803,0.10350894700631334,430.85479173776633,0.0511322021484375,3.444972515106201,2.123922109603882,16.0,NM_000546.6(TP53):c.537T>A (p.His179Gln),178,H,Q,1,TP53:H178Q
4047.435983154197,11658.314035565458,18049.193358285414,3858.177436160788,0.4683868456282054,0.02080312337962377,269.137116495524,0.19251251220703125,2.7284880876541138,2.182673215866089,9.0,NM_000546.6(TP53):c.329G>T (p.Arg110Leu),109,R,L,1,TP53:R109L
1274.2018899208902,3672.5883900522545,6905.497050866428,1228.1260569107214,0.23918127060534775,0.005111760057583488,129.99554983455144,0.057403564453125,1.7175534963607788,2.6021811962127686,5.0,NM_000546.6(TP53):c.1151T>C (p.Met384Thr),383,M,T,0,TP53:M383T
1137.5399012897456,2926.8088302084793,4185.044309667466,1110.458831628234,0.09094991365908581,0.006255767354027409,111.16921510084494,0.01941680908203125,3.949929505586624,0.8252876996994019,3.0,NM_000546.6(TP53):c.875A>G (p.Lys292Arg),291,K,R,0,TP53:K291R
14566.040823578709,38757.52360861993,32095.344925405643,13658.745275804393,0.548563196052638,0.05824807783287397,264.42982195409996,0.01470184326171875,2.920701950788498,1.7229108810424805,3.0,NM_000546.6(TP53):c.569C>T (p.Pro190Leu),189,P,L,1,TP53:P189L
5301.472067868281,14880.521499714989,27583.948867956286,5082.396491267014,0.34006652624349765,0.029334916774557275,223.23650659610152,0.04312896728515625,4.837775141000748,1.2062220573425293,17.0,NM_000546.6(TP53):c.353C>T (p.Thr118Ile),117,T,I,0,TP53:T117I
27199.127806839067,80071.38168228816,131972.54317790378,26974.209994251596,0.3164057604153196,0.03543725812812728,299.36856549487857,0.0212554931640625,4.905283629894257,2.0476043224334717,20.0,NM_000546.6(TP53):c.1000G>T (p.Gly334Trp),333,G,W,1,TP53:G333W
26090.844813189968,73361.42434469548,81757.359355606,25396.282302853415,0.6836584388441858,0.06261628995067227,232.51955416869288,0.039093017578125,3.00067538022995,2.116455078125,12.0,NM_000546.6(TP53):c.930C>G (p.Asn310Lys),309,N,K,0,TP53:N309K
3431.0637393119237,9773.550227007929,12611.776006205851,3367.8026942226597,0.08511450168303039,0.0202450589127524,111.2692442976258,0.02860260009765625,2.912812054157257,1.86408269405365,6.0,NM_000546.6(TP53):c.883C>T (p.Pro295Ser),294,P,S,0,TP53:P294S
1233.4935067961278,3373.761402363928,5327.453250091878,1197.3289467631055,0.06576992353002294,0.015255522394797997,95.23764994443204,0.05402374267578125,10.20880023110658,0.08345331251621246,19.0,NM_000546.6(TP53):c.800G>C (p.Arg267Pro),266,R,P,1,TP53:R266P
8921.24310063563,26386.23546203481,48718.303371400834,3476.580335577002,3.225890249909054,0.0543740482810088,256.30310106601587,0.00347900390625,4.325369298458099,1.279539942741394,14.0,NM_000546.6(TP53):c.389T>C (p.Leu130Pro),129,L,P,1,TP53:L129P
6738.045706879281,19622.338431679673,31196.799323908665,5172.576069112277,1.1310034167650769,0.027216970886722112,221.9448121660703,0.09145355224609375,3.9163758158683777,1.2475049495697021,9.0,NM_000546.6(TP53):c.596G>T (p.Gly199Val),198,G,V,1,TP53:G198V
6398.149759174724,18940.25090939002,36394.98008557556,6328.399962316845,0.3430813882145938,0.012557790393625942,150.03052073116515,0.0902099609375,2.0322848558425903,2.504849672317505,8.0,NM_000546.6(TP53):c.1153T>C (p.Phe385Leu),384,F,L,0,TP53:F384L
1656.6410399269587,4716.705954933279,6531.001286684503,1570.1087527010009,0.11942059416132263,0.015006140644608198,90.5795736247244,0.0322113037109375,3.687757521867752,1.6715059280395508,10.0,NM_000546.6(TP53):c.920C>G (p.Ala307Gly),306,A,G,0,TP53:A306G
123.90758040163703,279.9563275430042,329.82443877144374,112.67748946619689,0.11343980016315507,0.008718398460331978,69.06460752697713,0.06002044677734375,7.6375443041324615,0.23550963401794434,12.0,NM_000546.6(TP53):c.737T>A (p.Met246Lys),245,M,K,1,TP53:M245K
26769.94929164058,76190.2898207994,135051.18905035144,26102.02205826848,0.46250866447468675,0.039775838140421425,400.9947840693607,0.0321197509765625,3.1703044772148132,2.0505173206329346,11.0,NM_000546.6(TP53):c.532C>G (p.His178Asp),177,H,D,1,TP53:H177D
1228.8760210130722,3263.044005044875,5638.868772806943,1190.1725937228466,0.06963299918986943,0.01016638691442215,118.59692396309205,0.093109130859375,3.846254885196686,1.3179237842559814,9.0,NM_000546.6(TP53):c.318C>G (p.Ser106Arg),105,S,R,1,TP53:S105R
72725.37647479774,195475.2670610302,214493.22252193402,71558.57989704396,0.8761190666159423,0.1212929280177144,424.8713096023736,0.29055023193359375,3.0469187796115875,1.5896270275115967,2.0,NM_000546.6(TP53):c.473G>T (p.Arg158Leu),157,R,L,1,TP53:R157L
167.5179039241995,426.0318559432906,726.8361727465673,157.99217189379493,0.03656377262391009,0.007027462036441608,64.45034894540849,0.02884674072265625,4.96641194075346,0.24228975176811218,3.0,NM_000546.6(TP53):c.814G>C (p.Val272Leu),271,V,L,1,TP53:V271L
1388.5617176882138,2995.2348476981983,3182.4730001499893,1353.6947988853537,0.0722590080219809,0.01130993721367944,135.37586387360574,0.01572418212890625,6.32392044365406,0.5686380863189697,10.0,NM_000546.6(TP53):c.695T>G (p.Ile232Ser),231,I,S,1,TP53:I231S
6817.33000644237,16958.856185789547,16968.612648436854,6499.840958624278,0.7825273708552971,0.0314336197752577,376.352077449602,0.146453857421875,2.723490595817566,1.9320385456085205,6.0,NM_000546.6(TP53):c.338T>G (p.Phe113Cys),112,F,C,1,TP53:F112C
4781.715160657171,11443.815664438825,15390.703767527573,4644.039090635963,0.3236630335090114,0.024555640224285986,483.4937879217677,0.1265411376953125,2.757364511489868,2.0879876613616943,6.0,NM_000546.6(TP53):c.326T>G (p.Phe109Cys),108,F,C,1,TP53:F108C
528088.6536467702,1281144.977950379,887447.0825846605,512452.27975071163,5.814865769164295,0.21780385213772963,805.1415191115086,1.0945358276367188,6.3172067403793335,0.6091919541358948,15.0,NM_000546.6(TP53):c.380C>A (p.Ser127Tyr),126,S,Y,1,TP53:S126Y
2858.1646164250446,7939.272703324195,13724.548415485715,2782.5667477302054,0.06425713122821505,0.014137700151178842,136.54108785588184,0.06917572021484375,3.3099962174892426,1.5235954523086548,5.0,NM_000546.6(TP53):c.428T>C (p.Val143Ala),142,V,A,1,TP53:V142A
1053.1422216555509,2498.09974425266,2629.275543326836,1018.8117673775413,0.05743560783217547,0.015195321912677843,101.19390565038789,0.10681915283203125,3.758165627717972,0.9418330788612366,5.0,NM_000546.6(TP53):c.788A>G (p.Asn263Ser),262,N,S,0,TP53:N262S
1649.1047784256868,4710.379607456411,8879.178837833693,1276.1398998148122,0.23824226940462218,0.01238337187382504,155.01546423494992,0.019683837890625,4.551133096218109,1.279539942741394,17.0,NM_000546.6(TP53):c.389T>A (p.Leu130His),129,L,H,1,TP53:L129H
7313.584255671001,20180.67498405994,35540.66354376922,7274.522690846335,0.05006067227873276,0.016892179952030302,138.3901322053142,0.046844482421875,5.068268179893494,0.6091919541358948,6.0,NM_000546.6(TP53):c.379T>A (p.Ser127Thr),126,S,T,1,TP53:S126T
11788.406715678848,33697.37829821151,47382.86671309057,11324.776342205687,0.7627773436140074,0.032063387728584226,389.0308620650798,0.280792236328125,2.414925694465637,2.182673215866089,5.0,NM_000546.6(TP53):c.328C>G (p.Arg110Gly),109,R,G,1,TP53:R109G
1130.4440150451949,3024.338166380124,5399.32621949016,1106.859043580033,0.20303573475039435,0.005527555311658135,108.38273282796435,0.02484893798828125,3.5321033596992493,1.7888410091400146,11.0,NM_000546.6(TP53):c.176G>A (p.Gly59Asp),58,G,D,0,TP53:G58D
1464.558169834239,3967.889964829922,6855.375258182838,1397.765795301667,0.08864677714971504,0.017272635816585547,88.93435894025824,0.02610015869140625,1.6711560487747192,2.3707802295684814,4.0,NM_000546.6(TP53):c.85A>G (p.Asn29Asp),28,N,D,0,TP53:N28D
10680.389847266482,23023.361558210257,13192.821167506958,10560.055037314578,0.2797721705760782,0.038484424781281605,224.38974212515163,0.22653961181640625,7.118007272481918,0.41591963171958923,9.0,NM_000546.6(TP53):c.761T>A (p.Ile254Asn),253,I,N,1,TP53:I253N
72122.43399550622,198349.40557493633,223090.71743346192,70836.23279057934,0.8504871886683023,0.10912262227662749,415.4868208752293,0.222076416015625,3.508185535669327,1.5896270275115967,8.0,NM_000546.6(TP53):c.472C>G (p.Arg158Gly),157,R,G,1,TP53:R157G
5158.187359628896,14054.868530427266,15511.7206042063,4774.7817130887,0.364288653274065,0.042595996801149894,200.53074446641978,0.0313568115234375,3.1436744332313538,2.170883893966675,13.0,NM_000546.6(TP53):c.576G>C (p.Gln192His),191,Q,H,0,TP53:Q191H
2145.0549643160584,6208.0828233642915,11635.407828111649,2116.9296393714203,0.062348821230376904,0.00799181443981184,119.0676660626203,0.0414886474609375,3.34136238694191,1.6113977432250977,7.0,NM_000546.6(TP53):c.1009C>A (p.Arg337Ser),336,R,S,1,TP53:R336S
39876.138517893625,108975.32678037575,128047.52968050909,39316.485497516835,0.4838200710862289,0.08287323275530044,355.2517387140373,0.2484893798828125,3.2292896807193756,1.5896270275115967,5.0,NM_000546.6(TP53):c.472C>A (p.Arg158Ser),157,R,S,1,TP53:R157S
2765.8719471404543,7605.404030662983,12439.797906549513,2734.1533865779916,0.1826392556090055,0.0153906829684193,120.47449410843764,0.02277374267578125,4.7477569580078125,1.6779659986495972,16.0,NM_000546.6(TP53):c.866T>C (p.Leu289Pro),288,L,P,0,TP53:L288P
1162.0603816460866,3066.934706482472,3150.746022781801,1100.0083601278661,0.06950244940012595,0.01706553997753369,120.86428334534642,0.059326171875,5.467673532664776,0.4480000138282776,6.0,NM_000546.6(TP53):c.751A>T (p.Ile251Phe),250,I,F,1,TP53:I250F
1829.1909514876709,4851.882529722234,7244.480414196284,1764.5791605106185,0.1546944558175686,0.02934913933858787,146.08057218379412,0.05792236328125,3.6804282665252686,1.4159284830093384,10.0,NM_000546.6(TP53):c.1164A>T (p.Glu388Asp),387,E,D,0,TP53:E387D
5024.320179664943,10054.49858450596,3991.5491965685314,4964.739978703098,0.10546523369989944,0.02480571420221911,157.040203096118,0.0398101806640625,4.28055576980114,1.074927568435669,11.0,NM_000546.6(TP53):c.386C>A (p.Ala129Asp),128,A,D,0,TP53:A128D
3380.346163837834,8741.391693490907,10457.497050044009,3224.04395987912,0.3705309246045406,0.053953808864210785,167.24976396423332,0.00201416015625,4.150985956192017,1.4159284830093384,13.0,NM_000546.6(TP53):c.1162G>C (p.Glu388Gln),387,E,Q,0,TP53:E387Q
2656.4088298142697,7752.080871662761,13993.967481061836,2612.3755755309276,0.05544782217701257,0.007475299455940162,153.07884954080475,0.01036834716796875,3.3486137986183167,1.5631035566329956,7.0,NM_000546.6(TP53):c.331C>G (p.Leu111Val),110,L,V,0,TP53:L110V
76109.10557333435,201504.72476373398,231211.64137998322,66080.44200289142,3.6708704096963896,0.17063107613463713,572.7659343963859,0.01096343994140625,3.330527514219284,1.638533353805542,6.0,NM_000546.6(TP53):c.512A>G (p.Glu171Gly),170,E,G,1,TP53:E170G
734.2156478682598,1485.6103403591765,1770.4790473360918,706.3638219734706,0.0828662188161868,0.012323262090506774,115.05059607905213,0.010467529296875,8.163405418395996,0.2307359278202057,15.0,NM_000546.6(TP53):c.653T>A (p.Val218Glu),217,V,E,1,TP53:V217E
4137.10662037484,10956.271876263254,11570.945883444563,3972.5592981119457,0.24551654078797994,0.038020918137340605,190.73411436899707,0.08721160888671875,2.2600589394569397,2.2279796600341797,3.0,NM_000546.6(TP53):c.503A>T (p.His168Leu),167,H,L,1,TP53:H167L
855.2688642126948,2461.6190057042263,3852.637936316985,796.1572561218927,0.047659724360887085,0.012508148109996165,81.12261380787378,0.042999267578125,2.8414180874824524,1.821953296661377,6.0,NM_000546.6(TP53):c.555C>G (p.Ser185Arg),184,S,R,0,TP53:S184R
12715.045357813477,32467.19545706508,43659.97955444643,12565.448846760086,0.6984318470277605,0.09407061965157763,265.36004042884065,0.12003326416015625,4.593304306268692,1.4838457107543945,17.0,NM_000546.6(TP53):c.1177G>T (p.Asp393Tyr),392,D,Y,0,TP53:D392Y
9277.156503974858,21100.843195409077,14388.189178673347,9192.652806602517,0.2166565992090803,0.03639274534755587,188.88738057064174,0.1800384521484375,6.336887449026108,0.41591963171958923,5.0,NM_000546.6(TP53):c.761T>C (p.Ile254Thr),253,I,T,1,TP53:I253T
462.245894155226,1198.194006394504,2240.602192172011,442.39678897662384,0.08880123849946578,0.016509850414487583,85.68730524202034,0.063385009765625,10.031504546292126,0.08345331251621246,18.0,NM_000546.6(TP53):c.799C>G (p.Arg267Gly),266,R,G,1,TP53:R266G
2665.5828195894946,7699.702436632132,11237.228125673679,2627.0786098970175,0.09124588113783302,0.012961587960296355,115.89383610014248,0.00940704345703125,1.7103697657585144,2.116455078125,2.0,NM_000546.6(TP53):c.929A>G (p.Asn310Ser),309,N,S,0,TP53:N309S
781.3152245693957,2075.659099914626,3521.9548043063696,726.9046635323415,0.2056672096179766,0.009444552187590187,119.40952129569163,0.00365447998046875,2.8673232793807983,2.3559653759002686,13.0,NM_000546.6(TP53):c.1020G>T (p.Met340Ile),339,M,I,0,TP53:M339I
27.424788591184907,60.242169580025916,97.21263816337338,22.893580651075272,0.023033417961765397,0.006238039922521524,33.98204279207127,0.008758544921875,4.628393322229385,0.23550963401794434,3.0,NM_000546.6(TP53):c.738G>C (p.Met246Ile),245,M,I,1,TP53:M245I
711.8511904709025,1992.5610640785374,2574.376843994623,627.3030511573053,0.16200066112153028,0.019948833968678022,83.56416436430435,0.023651123046875,3.433010846376419,1.1770333051681519,3.0,NM_000546.6(TP53):c.899C>T (p.Pro300Leu),299,P,L,0,TP53:P299L
534.3430086155082,1453.6018971192216,2483.1382151683792,516.1980950275058,0.0699851023328876,0.0035494420780457243,69.26810743935899,0.00817108154296875,3.890789180994034,1.3530890941619873,9.0,NM_000546.6(TP53):c.94C>G (p.Leu32Val),31,L,V,0,TP53:L31V
2565.967176065958,6267.543060886464,9052.57519964177,2544.266133271384,0.13194301603841405,0.03202614861623681,139.96840303837283,0.0746002197265625,3.5909045934677124,1.4074580669403076,7.0,NM_000546.6(TP53):c.935C>A (p.Thr312Asn),311,T,N,0,TP53:T311N
12644.542084805975,34398.990506263275,58762.66447945973,12396.929119418162,0.3153785054194938,0.02342705652511361,308.0409614983058,0.02423095703125,2.860231876373291,2.350236654281616,14.0,NM_000546.6(TP53):c.995T>A (p.Ile332Asn),331,I,N,1,TP53:I331N
2992.9294625190605,8011.490607743089,11223.369824100946,2903.498058903677,0.28606311894111164,0.044791135452155115,173.20528864414274,0.0055999755859375,3.2637290358543396,1.4865514039993286,5.0,NM_000546.6(TP53):c.1046A>G (p.Glu349Gly),348,E,G,0,TP53:E348G
1001.1215809425547,2885.3586405154047,4999.053530150166,975.2287015142167,0.08850125776266511,0.005030765316260458,120.08464209091196,0.0330352783203125,3.188347965478897,1.4720340967178345,5.0,NM_000546.6(TP53):c.172C>G (p.Pro58Ala),57,P,A,0,TP53:P57A
2769.473936650613,8074.037255654373,12835.000903375703,2744.8433031303744,0.07354538713205555,0.009404507608659456,111.0575106010079,0.05126190185546875,3.448302775621414,1.4159636497497559,7.0,NM_000546.6(TP53):c.170A>T (p.Asp57Val),56,D,V,0,TP53:D56V
1260.917878315299,3400.0915611669275,5631.729569205267,1238.7529991866288,0.09443511837050989,0.014423683045238318,97.53580981033888,0.0184783935546875,3.975690007209778,1.177781105041504,8.0,NM_000546.6(TP53):c.1063G>A (p.Ala355Thr),354,A,T,0,TP53:A354T
2645.26834485438,7784.624182868165,14852.074911657503,2625.685586429783,0.06948317357381158,0.008463096025028998,89.19922529286865,0.066314697265625,1.4535926580429077,2.216332197189331,6.0,NM_000546.6(TP53):c.196A>G (p.Met66Val),65,M,V,0,TP53:M65V
1828.9859747497114,5061.399834726087,8571.909395044615,1701.989013615796,0.35359914879880616,0.012001536578724341,145.67263823851303,0.08456802368164062,4.295877605676651,1.2990862131118774,15.0,NM_000546.6(TP53):c.23C>G (p.Pro8Arg),7,P,R,0,TP53:P7R
1045.2590574471244,3004.2000592229465,5609.012376886881,1021.210472802467,0.16123680668357615,0.007643121849409229,119.65930999429338,0.03253173828125,3.5726022124290466,1.1603292226791382,4.0,NM_000546.6(TP53):c.281C>T (p.Ser94Leu),93,S,L,0,TP53:S93L
4935.762812567745,11090.181463292249,17889.00528310128,4889.932876595755,0.20955989156834381,0.040729310893928575,147.17173293363143,0.03717803955078125,1.3607507348060608,2.032813549041748,2.0,NM_000546.6(TP53):c.1123C>A (p.Gln375Lys),374,Q,K,0,TP53:Q374K
1822.3751507305974,5142.2947147727555,8564.840587465906,1751.55293665585,0.15184184826532218,0.01402940453941277,179.53817638977154,0.03649139404296875,2.9316614866256714,1.9320385456085205,8.0,NM_000546.6(TP53):c.339C>A (p.Phe113Leu),112,F,L,1,TP53:F112L
4961.710472354415,13597.298169151803,19623.971269210284,4846.326832094172,0.1650711922294289,0.031605014338029105,180.75259610003374,0.01981353759765625,3.5001926124095917,1.638533353805542,10.0,NM_000546.6(TP53):c.513G>T (p.Glu171Asp),170,E,D,1,TP53:E170D
3186.387947086764,8502.162684027315,13625.690397606286,3080.300744682561,0.29443425570872517,0.023381974115372756,178.9315079953093,0.015232086181640625,3.272069960832596,1.5344804525375366,6.0,NM_000546.6(TP53):c.11C>A (p.Pro4Gln),3,P,Q,0,TP53:P3Q
962.1019875650348,2786.645970002412,4306.800201224707,942.0584213915953,0.08749161207021479,0.005461787182864005,83.8575739691662,0.002105712890625,4.643744185566902,0.8450415730476379,10.0,NM_000546.6(TP53):c.938G>A (p.Ser313Asn),312,S,N,0,TP53:S312N
1581.602178429879,4251.424984791451,6861.9802925035765,1563.7727509539511,0.04589715819213579,0.010678734930568883,85.95796320023162,0.00218963623046875,4.064971297979355,1.2544283866882324,12.0,NM_000546.6(TP53):c.1006G>C (p.Glu336Gln),335,E,Q,0,TP53:E335Q
408.67058597487454,1177.9987450332185,2014.4147211595914,363.7433684511424,0.07291795596622466,0.007377497156031095,66.56462689635188,0.0264892578125,2.951720654964447,1.7946515083312988,8.0,NM_000546.6(TP53):c.972T>A (p.Asp324Glu),323,D,E,0,TP53:D323E
613.4139240832563,1602.223686888999,1462.3820799674718,580.0637409098013,0.06281811464413473,0.008739039856632044,94.49376009004033,0.0295562744140625,4.625821948051453,1.4112069606781006,16.0,NM_000546.6(TP53):c.682G>T (p.Asp228Tyr),227,D,Y,0,TP53:D227Y
64.19719767386438,154.13361730765314,236.93926459754866,59.63250053114502,0.025910208932657542,0.005295826828459475,42.33749002460541,0.01824951171875,2.102834403514862,0.627364993095398,2.0,NM_000546.6(TP53):c.719G>A (p.Ser240Asn),239,S,N,1,TP53:S239N
19636.32590275963,52934.63948256661,58197.22944232974,18401.116802431243,0.7979705174375326,0.08187711581998397,350.3738428927782,0.00865936279296875,2.628321051597595,2.1018521785736084,7.0,NM_000546.6(TP53):c.494A>T (p.Gln165Leu),164,Q,L,1,TP53:Q164L
176.44473616993085,426.3656151774577,660.366470280745,158.41648043709608,0.0572570015378907,0.009207274375445874,85.8763493357689,0.07085418701171875,5.251692861318588,0.42327409982681274,5.0,NM_000546.6(TP53):c.806G>T (p.Ser269Ile),268,S,I,1,TP53:S268I
506.34220150089374,1404.0283915756816,2584.214662208472,482.2053463263559,0.07330444845399381,0.009883374472824343,87.55193148551957,0.040496826171875,3.6010310351848602,1.159477710723877,4.0,NM_000546.6(TP53):c.952C>T (p.Pro318Ser),317,P,S,0,TP53:P317S
252.61773294357684,596.9471332691804,1060.0767202174598,237.07053534484223,0.13673284109289077,0.015074928911012737,85.86639684561897,0.084564208984375,5.521946042776108,0.42327409982681274,8.0,NM_000546.6(TP53):c.805A>T (p.Ser269Cys),268,S,C,0,TP53:S268C
5513.565836800756,16244.879083519805,30867.33453149926,5230.838576384284,0.2589270469065459,0.011737871492480548,177.42289448089912,0.016326904296875,3.6777355670928955,1.4823050498962402,10.0,NM_000546.6(TP53):c.977A>T (p.Glu326Val),325,E,V,1,TP53:E325V
901.6927692850815,2540.6998263141204,4652.4593270646155,845.5051560374075,0.08468222311604624,0.0042489824012605405,79.20259736427498,0.01908111572265625,3.8632659316062927,1.7946515083312988,15.0,NM_000546.6(TP53):c.970G>A (p.Asp324Asn),323,D,N,0,TP53:D323N
247.30107931825805,636.4480617015349,1001.6041508769882,227.5953270500011,0.04973382292098331,0.005421075181145684,93.99353275655466,0.03331756591796875,1.5231341123580933,2.1071689128875732,2.0,NM_000546.6(TP53):c.1023C>G (p.Phe341Leu),340,F,L,0,TP53:F340L
2490.9416410666395,6801.353226601792,10787.289062589156,2458.3953137210196,0.13340896233679622,0.020287467040873478,164.68237579795456,0.029109954833984375,3.1829723715782166,1.8355156183242798,10.0,NM_000546.6(TP53):c.1159A>C (p.Thr387Pro),386,T,P,0,TP53:T386P
3628.3364092799648,9391.507952587492,10144.984214382273,3238.5414933448583,0.24585306798208073,0.02586387615323142,168.77452337702528,0.0570068359375,3.506772518157959,2.0879876613616943,17.0,NM_000546.6(TP53):c.325T>A (p.Phe109Ile),108,F,I,1,TP53:F108I
2505.9279491221814,6389.0608465725945,7837.895740710975,2467.2791368750904,0.09344072405986766,0.01546419839309459,152.92282294063372,0.0752410888671875,7.850186252035201,0.06562221795320511,6.0,NM_000546.6(TP53):c.776A>C (p.Asp259Ala),258,D,A,1,TP53:D258A
19256.452816331646,46013.88890394166,69195.74323691954,19132.797534686055,0.36098457085556573,0.03553443666866934,349.580260352058,0.03753662109375,4.73490634560585,1.3094960451126099,16.0,NM_000546.6(TP53):c.1040C>G (p.Ala347Gly),346,A,G,0,TP53:A346G
5652.708500145291,15418.063269202332,17143.419964080258,5592.445041667039,0.12274652747975524,0.01805495707704568,204.74237251883707,0.10282135009765625,3.7130322605371475,0.966405987739563,3.0,NM_000546.6(TP53):c.1031T>G (p.Leu344Arg),343,L,R,1,TP53:L343R
1153.332777582051,2852.3285387787814,3572.290802403996,1127.9510552079284,0.17113594781951535,0.015475861690101197,120.24389720521927,0.064453125,7.227480610832572,0.07833495736122131,7.0,NM_000546.6(TP53):c.829T>G (p.Cys277Gly),276,C,G,1,TP53:C276G
653.9947574482558,1814.409326707367,3285.72707838032,554.3329570480853,0.0964201401076103,0.006364562942967097,102.34294594962162,0.03313446044921875,4.4181962460279465,0.9921794533729553,7.0,NM_000546.6(TP53):c.143A>G (p.Asp48Gly),47,D,G,0,TP53:D47G
302.48165947365175,684.2322174448883,1042.6969032369648,285.5653623330665,0.0641375588385748,0.012060251054841509,79.04019990563738,0.10936737060546875,7.348134994506836,0.2819344699382782,14.0,NM_000546.6(TP53):c.812A>T (p.Glu271Val),270,E,V,1,TP53:E270V
41230.465828996814,121721.82639899183,229357.28460132555,35741.376964088086,1.8832271365145274,0.07396346206647392,457.8801702145574,0.00177764892578125,2.671974688768387,1.629078984260559,4.0,NM_000546.6(TP53):c.1061A>T (p.Gln354Leu),353,Q,L,0,TP53:Q353L
2494.89663265263,7400.581490093658,13778.094389272283,1604.7758985203889,0.388086721316733,0.017188640937286538,128.71786731204313,0.14521026611328125,2.955627918243408,1.9517269134521484,5.0,NM_000546.6(TP53):c.629A>G (p.Asn210Ser),209,N,S,0,TP53:N209S
20578.50230469702,56176.88522698211,74841.66002846273,20048.486840556092,0.4957713197783055,0.053520878890667006,261.32160199035286,0.20635223388671875,2.973913550376892,1.8221478462219238,7.0,NM_000546.6(TP53):c.547T>C (p.Ser183Pro),182,S,P,0,TP53:S182P
3141.7810861019475,8017.39964719373,10367.661789629814,2972.6401264889146,0.22948377323071262,0.024731080813701057,171.30715510699386,0.13207244873046875,2.6096625924110413,2.2279796600341797,10.0,NM_000546.6(TP53):c.503A>C (p.His168Pro),167,H,P,1,TP53:H167P
3304.6198840441193,9492.203975769295,16373.18708189018,3266.4564562268943,0.07492858276874072,0.013035220371892168,114.18344834841692,0.01312255859375,3.6318785548210144,1.289001226425171,6.0,NM_000546.6(TP53):c.1004G>T (p.Arg335Leu),334,R,L,0,TP53:R334L
2219.5979904395617,5813.57388876622,8894.148182530353,2177.1174367659305,0.1070942718459826,0.030056889323121075,105.55763207325958,0.0537109375,2.8219560384750366,1.893790602684021,7.0,NM_000546.6(TP53):c.905G>C (p.Gly302Ala),301,G,A,0,TP53:G301A
6118.7566951139315,15634.293083958048,16295.837915210266,6087.252435041793,0.15709040227344337,0.029657779156535138,146.8832599398932,0.03672027587890625,4.236500471830368,0.9475315809249878,7.0,NM_000546.6(TP53):c.956A>C (p.Lys319Thr),318,K,T,0,TP53:K318T
2980.998356608603,8743.950052184884,16237.069263564836,2898.2234859063733,0.1280022433432977,0.008267685246553181,141.2131409007119,0.04286956787109375,3.6496520340442657,1.629078984260559,10.0,NM_000546.6(TP53):c.1061A>C (p.Gln354Pro),353,Q,P,0,TP53:Q353P
1548.4184029832488,4561.295017841021,8009.011244970246,831.8462097453591,0.34662324325607996,0.013511833129622907,107.28302326346054,0.0409698486328125,3.698425382375717,1.6061769723892212,11.0,NM_000546.6(TP53):c.612G>C (p.Glu204Asp),203,E,D,0,TP53:E203D
2367.40980385525,6908.69849436133,11363.448949844813,2320.152951163599,0.10439074639132352,0.012603972602744425,141.80660862780175,0.03997802734375,3.378041923046112,1.1603292226791382,3.0,NM_000546.6(TP53):c.280T>G (p.Ser94Ala),93,S,A,0,TP53:S93A
2287.3445796810556,6005.335794514599,9175.11725458578,2230.102532874959,0.10911180424275645,0.012319309334239041,152.38197086661424,0.01751708984375,4.40089750289917,1.2792396545410156,6.0,NM_000546.6(TP53):c.218T>A (p.Val73Glu),72,V,E,0,TP53:V72E
75.87377139382153,198.57927963739513,354.72332636560634,71.30707372025259,0.031846847198309124,0.005857031701113905,38.92737284726006,0.0422210693359375,2.7610436156392097,0.34214186668395996,2.0,NM_000546.6(TP53):c.820G>A (p.Val274Ile),273,V,I,0,TP53:V273I
3689.929071373858,10226.291151697293,17275.70490083065,3145.714871374645,0.3895698362024175,0.019762134906395265,294.43278263066367,0.02681732177734375,4.19575971364975,1.4708828926086426,10.0,NM_000546.6(TP53):c.1029G>T (p.Glu343Asp),342,E,D,0,TP53:E342D
22283.344674850687,56673.701655325785,85435.80057393332,22229.709840767966,0.3110456217327865,0.042112059164074206,281.6625453293663,0.0491790771484375,7.590829707682133,0.2106546312570572,13.0,NM_000546.6(TP53):c.227C>G (p.Ala76Gly),75,A,G,0,TP53:A75G
1276.6423315112609,3629.8007414966364,5950.493206928468,1242.1331338989642,0.09442539173782809,0.021495647278035695,103.94182647416629,0.0022125244140625,2.909466177225113,1.455091118812561,4.0,NM_000546.6(TP53):c.1067G>A (p.Gly356Glu),355,G,E,0,TP53:G355E
3592.5907087430687,10514.070520985113,17910.83799597589,2228.6132255878624,0.7020772481738397,0.017972366111908677,165.20297267877206,0.087799072265625,2.60089647769928,2.1904187202453613,7.0,NM_000546.6(TP53):c.635T>C (p.Phe212Ser),211,F,S,0,TP53:F211S
692.4578992499063,2035.1258263888158,3818.8860444606958,644.7650933361075,0.039581967285268124,0.005800148059731158,62.228221933457384,0.01062774658203125,3.562492460012436,1.696868658065796,9.0,NM_000546.6(TP53):c.496T>A (p.Ser166Thr),165,S,T,0,TP53:S165T
33344.15683448432,82604.48488837644,64862.52303377572,29019.232737119462,5.083422953820308,0.11568215134579761,646.1679164013207,0.33242034912109375,3.483768343925476,2.2522518634796143,17.0,NM_000546.6(TP53):c.372C>G (p.Cys124Trp),123,C,W,0,TP53:C123W
1551.7407464850878,4037.906971037342,5292.028626621582,1475.2332371465914,0.19649414340374324,0.005129531727610211,134.79496729176347,0.00083160400390625,3.889201581478119,1.310174822807312,9.0,NM_000546.6(TP53):c.185A>G (p.Glu62Gly),61,E,G,0,TP53:E61G
4051.34931671397,12021.139464687703,21748.911218326662,2622.6808559401766,0.8852627952083277,0.04071299826354111,149.46450435603865,0.20267486572265625,3.863042861223221,1.281580924987793,10.0,NM_000546.6(TP53):c.621T>G (p.Asp207Glu),206,D,E,0,TP53:D206E
218884.06726514964,544772.1724530376,430816.31808543846,206650.52739222854,8.77430002597266,0.19687720328585823,804.8182347493192,0.980255126953125,2.197650969028473,2.345737934112549,5.0,NM_000546.6(TP53):c.404G>C (p.Cys135Ser),134,C,S,1,TP53:C134S
11275.807760209897,31119.077239933064,45430.992342333004,11205.836370531733,0.28549424250530986,0.03301278122816852,241.35311029478152,0.0165863037109375,4.790919687598944,0.20218072831630707,2.0,NM_000546.6(TP53):c.247G>C (p.Ala83Pro),82,A,P,0,TP53:A82P
1849.3449518720824,5127.148958994958,8971.994476707228,1829.137016444711,0.08449941314243398,0.01716189375044116,126.94429991728755,0.03571319580078125,4.275565907359123,1.0622259378433228,9.0,NM_000546.6(TP53):c.1132T>A (p.Ser378Thr),377,S,T,0,TP53:S377T
22184.350814937283,62413.626582187,115258.28717221513,20465.99271276779,0.39636204824523286,0.048710382099219275,249.68566444698357,0.1299896240234375,3.5470547527074814,1.0486787557601929,3.0,NM_000546.6(TP53):c.62A>C (p.Asp21Ala),20,D,A,0,TP53:D20A
1196.7522729963227,3434.198370532703,6625.3275815995585,1175.5462130755918,0.04301144782661465,0.007267434289135688,88.67479609495199,0.01445770263671875,3.2402374744415283,1.4823050498962402,3.0,NM_000546.6(TP53):c.978A>C (p.Glu326Asp),325,E,D,0,TP53:E325D
1108.4999259348008,2656.7496141787333,2393.8550984059984,1067.592729175299,0.2152287141663251,0.016250111427776257,134.95870378759565,0.1682281494140625,6.547934949398041,0.627364993095398,10.0,NM_000546.6(TP53):c.718A>T (p.Ser240Cys),239,S,C,1,TP53:S239C
54652.48385540816,145124.9650987882,157128.3614812926,50785.96978185468,4.366557689325829,0.11585088026759323,597.4228344003642,0.0549774169921875,3.1482023000717163,2.2522518634796143,12.0,NM_000546.6(TP53):c.370T>C (p.Cys124Arg),123,C,R,1,TP53:C123R
1602.286359446495,4610.860362318676,8621.296957330935,1577.8366438908486,0.07555408828855249,0.009081181986500316,115.27312092794263,0.011474609375,2.7363197803497314,1.4959815740585327,5.0,NM_000546.6(TP53):c.1049T>G (p.Leu350Arg),349,L,R,0,TP53:L349R
1278.2393397943774,2901.1466380736338,2636.026943474507,1264.7613724731284,0.12713011319198986,0.014023334717491487,85.24254543999737,0.1258392333984375,-0.5467109680175781,1.7748708724975586,2.0,NM_000546.6(TP53):c.717C>A (p.Asn239Lys),238,N,K,1,TP53:N238K
2013.164419127842,5663.692351676478,8694.779757675456,1925.7260053096397,0.18978790853083086,0.013359171922244529,158.7582738770894,0.03649139404296875,4.034604653716087,1.0672136545181274,7.0,NM_000546.6(TP53):c.283T>A (p.Ser95Thr),94,S,T,0,TP53:S94T
251.1847949087198,651.6008221941796,1086.5050671872812,195.21976702051134,0.17629782368712302,0.006868264014852196,82.15112282030913,0.04494476318359375,2.5024142265319824,2.350236654281616,11.0,NM_000546.6(TP53):c.994A>C (p.Ile332Leu),331,I,L,0,TP53:I331L
11957.302127256346,31711.535600781102,48210.53009038469,11927.595171752322,0.24050229591217703,0.02379890184559115,161.68235413780968,0.024261474609375,5.919060999527574,0.1597227156162262,3.0,NM_000546.6(TP53):c.236C>T (p.Ala79Val),78,A,V,0,TP53:A78V
313369.8720904754,791560.333826212,740679.3215676225,270921.10725763446,20.226775300520803,0.2346633961099678,712.153207013507,0.5240249633789062,3.857243835926056,1.8604997396469116,15.0,NM_000546.6(TP53):c.391A>C (p.Asn131His),130,N,H,1,TP53:N130H
1110.0487227549436,2797.187920102314,3493.708168105607,1094.2608843925425,0.13402765747092368,0.014433097645994323,102.32069066733324,0.0198822021484375,5.393158912658691,0.7378154993057251,11.0,NM_000546.6(TP53):c.860A>G (p.Glu287Gly),286,E,G,0,TP53:E286G
9645.63158118143,25134.190140184604,39940.03948876833,9614.654183374425,0.29366181881240644,0.029774036343548936,169.6406627320762,0.00724029541015625,5.4681346751749516,0.1630176305770874,3.0,NM_000546.6(TP53):c.223C>T (p.Pro75Ser),74,P,S,0,TP53:P74S
