model_label,family_label,architecture_kind,rule_type,threshold,confidence_threshold,n_rule_on,fraction_rule_on,coverage_target,coverage_floor_pass,pathogenic_fraction_rule_on,pathogenic_fraction_rule_off,enrichment_gap,gap_ci_low,gap_ci_high,positive_with_rule,negative_with_rule,positive_without_rule,negative_without_rule,odds_ratio,random_gap_mean,random_gap_p95,random_gap_p05
ESM2-35M,esm,masked_encoder,chemistry_only,0.05,,62,0.24313725490196078,13,True,0.5161290322580645,0.43005181347150256,0.08607721878656194,-0.05273274277118506,0.22666931305365184,32,30,83,110,1.410130558555021,0.004458465652682602,0.12869797760320906,-0.1057161958883503
ESM2-35M,esm,masked_encoder,pair_only,0.05,,9,0.03529411764705882,13,False,0.6666666666666666,0.44308943089430897,0.22357723577235766,-0.12195121951219512,0.5149390243902436,6,3,109,137,2.3320287018917156,-0.013397696476964777,0.22357723577235766,-0.23712737127371275
ESM2-35M,esm,masked_encoder,scalar_only,0.05,,249,0.9764705882352941,13,True,0.46184738955823296,0.0,0.46184738955823296,0.39759036144578314,0.5181726907630516,115,134,0,6,11.1635687732342,-0.01649096385542169,0.2911646586345381,-0.391566265060241
ESM2-35M,esm,masked_encoder,combined,0.05,,2,0.00784313725490196,13,False,0.5,0.4505928853754941,0.04940711462450592,-0.49407114624505927,0.5889328063241106,1,1,114,139,1.2183406113537119,0.012870553359683784,0.5533596837944664,-0.45454545454545453
ESM2-35M,esm,masked_encoder,combined_confident,0.05,0.55,0,0.0,13,False,,,,,,0,0,115,140,1.2164502164502164,,,
ESM2-35M,esm,masked_encoder,combined_confident,0.05,0.6,0,0.0,13,False,,,,,,0,0,115,140,1.2164502164502164,,,
ESM2-35M,esm,masked_encoder,combined_confident,0.05,0.65,0,0.0,13,False,,,,,,0,0,115,140,1.2164502164502164,,,
ESM2-35M,esm,masked_encoder,chemistry_only,0.1,,62,0.24313725490196078,13,True,0.5161290322580645,0.43005181347150256,0.08607721878656194,-0.05792871469162627,0.22611357178672872,32,30,83,110,1.410130558555021,0.0062165719538692975,0.12869797760320906,-0.1057161958883503
ESM2-35M,esm,masked_encoder,pair_only,0.1,,3,0.011764705882352941,13,False,1.0,0.4444444444444444,0.5555555555555556,0.49603174603174605,0.6150793650793651,3,0,112,140,8.742222222222223,0.004067460317460294,0.5555555555555556,-0.45634920634920634
ESM2-35M,esm,masked_encoder,scalar_only,0.1,,244,0.9568627450980393,13,True,0.45491803278688525,0.36363636363636365,0.0912816691505216,-0.20603576751117736,0.38040238450074515,111,133,4,7,1.3920099875156056,-0.0032507451564828494,0.28129657228017885,-0.19374068554396423
ESM2-35M,esm,masked_encoder,combined,0.1,,0,0.0,13,False,,,,,,0,0,115,140,1.2164502164502164,,,
ESM2-35M,esm,masked_encoder,combined_confident,0.1,0.55,0,0.0,13,False,,,,,,0,0,115,140,1.2164502164502164,,,
ESM2-35M,esm,masked_encoder,combined_confident,0.1,0.6,0,0.0,13,False,,,,,,0,0,115,140,1.2164502164502164,,,
ESM2-35M,esm,masked_encoder,combined_confident,0.1,0.65,0,0.0,13,False,,,,,,0,0,115,140,1.2164502164502164,,,
ESM2-35M,esm,masked_encoder,chemistry_only,0.15,,62,0.24313725490196078,13,True,0.5161290322580645,0.43005181347150256,0.08607721878656194,-0.05792871469162627,0.22889854587999336,32,30,83,110,1.410130558555021,0.009839336453284308,0.12869797760320906,-0.1057161958883503
ESM2-35M,esm,masked_encoder,pair_only,0.15,,2,0.00784313725490196,13,False,1.0,0.44664031620553357,0.5533596837944664,0.4940711462450593,0.616600790513834,2,0,113,140,6.18942731277533,-0.021146245059288547,0.5533596837944664,-0.45454545454545453
ESM2-35M,esm,masked_encoder,scalar_only,0.15,,236,0.9254901960784314,13,True,0.4449152542372881,0.5263157894736842,-0.08140053523639607,-0.3022468777876896,0.1503122212310437,105,131,10,9,0.725873619409741,0.004471454058876026,0.20294380017841213,-0.19513826940231932
ESM2-35M,esm,masked_encoder,combined,0.15,,0,0.0,13,False,,,,,,0,0,115,140,1.2164502164502164,,,
ESM2-35M,esm,masked_encoder,combined_confident,0.15,0.55,0,0.0,13,False,,,,,,0,0,115,140,1.2164502164502164,,,
ESM2-35M,esm,masked_encoder,combined_confident,0.15,0.6,0,0.0,13,False,,,,,,0,0,115,140,1.2164502164502164,,,
ESM2-35M,esm,masked_encoder,combined_confident,0.15,0.65,0,0.0,13,False,,,,,,0,0,115,140,1.2164502164502164,,,
ESM2-35M,esm,masked_encoder,chemistry_only,0.2,,62,0.24313725490196078,13,True,0.5161290322580645,0.43005181347150256,0.08607721878656194,-0.0573583486545211,0.23006852749456796,32,30,83,110,1.410130558555021,0.002114323917767007,0.12869797760320906,-0.12702657529667388
ESM2-35M,esm,masked_encoder,pair_only,0.2,,1,0.00392156862745098,13,False,1.0,0.44881889763779526,0.5511811023622047,0.4881889763779528,0.610236220472441,1,0,114,140,3.6812227074235806,-0.016043307086614174,0.5511811023622047,-0.452755905511811
ESM2-35M,esm,masked_encoder,scalar_only,0.2,,216,0.8470588235294118,13,True,0.4398148148148148,0.5128205128205128,-0.07300569800569795,-0.2336716524216525,0.10189636752136728,95,121,20,19,0.7476663655525444,-0.004821047008547006,0.1388888888888889,-0.16381766381766383
ESM2-35M,esm,masked_encoder,combined,0.2,,0,0.0,13,False,,,,,,0,0,115,140,1.2164502164502164,,,
ESM2-35M,esm,masked_encoder,combined_confident,0.2,0.55,0,0.0,13,False,,,,,,0,0,115,140,1.2164502164502164,,,
ESM2-35M,esm,masked_encoder,combined_confident,0.2,0.6,0,0.0,13,False,,,,,,0,0,115,140,1.2164502164502164,,,
ESM2-35M,esm,masked_encoder,combined_confident,0.2,0.65,0,0.0,13,False,,,,,,0,0,115,140,1.2164502164502164,,,
ESM2-35M,esm,masked_encoder,chemistry_only,0.25,,62,0.24313725490196078,13,True,0.5161290322580645,0.43005181347150256,0.08607721878656194,-0.05791408992144409,0.22490180511449098,32,30,83,110,1.410130558555021,0.004778121343807459,0.12869797760320906,-0.12702657529667388
ESM2-35M,esm,masked_encoder,pair_only,0.25,,1,0.00392156862745098,13,False,1.0,0.44881889763779526,0.5511811023622047,0.4881889763779528,0.610236220472441,1,0,114,140,3.6812227074235806,0.021604330708661416,0.5511811023622047,-0.452755905511811
ESM2-35M,esm,masked_encoder,scalar_only,0.25,,197,0.7725490196078432,13,True,0.4517766497461929,0.4482758620689655,0.0035007876772273905,-0.14151934185191667,0.15359705933835116,89,108,26,32,1.0116511607686287,-0.0015764484509014503,0.1374059163311745,-0.13040434097671977
ESM2-35M,esm,masked_encoder,combined,0.25,,0,0.0,13,False,,,,,,0,0,115,140,1.2164502164502164,,,
ESM2-35M,esm,masked_encoder,combined_confident,0.25,0.55,0,0.0,13,False,,,,,,0,0,115,140,1.2164502164502164,,,
ESM2-35M,esm,masked_encoder,combined_confident,0.25,0.6,0,0.0,13,False,,,,,,0,0,115,140,1.2164502164502164,,,
ESM2-35M,esm,masked_encoder,combined_confident,0.25,0.65,0,0.0,13,False,,,,,,0,0,115,140,1.2164502164502164,,,
ESM2-150M,esm,masked_encoder,chemistry_only,0.05,,62,0.24313725490196078,13,True,0.5161290322580645,0.43005181347150256,0.08607721878656194,-0.05914048136386425,0.23123850910914256,32,30,83,110,1.410130558555021,-0.0014551646331271925,0.10845311716530068,-0.1057161958883503
ESM2-150M,esm,masked_encoder,pair_only,0.05,,16,0.06274509803921569,13,True,0.75,0.4309623430962343,0.3190376569037657,0.0855125523012552,0.5232740585774058,12,4,103,136,3.6634460547504024,-0.0007126046025104641,0.18566945606694563,-0.21443514644351463
ESM2-150M,esm,masked_encoder,scalar_only,0.05,,254,0.996078431372549,13,True,0.44881889763779526,1.0,-0.5511811023622047,-0.6141732283464567,-0.4921259842519685,114,140,1,0,0.27164887307236063,-0.019094488188976366,0.452755905511811,-0.5511811023622047
ESM2-150M,esm,masked_encoder,combined,0.05,,2,0.00784313725490196,13,False,0.5,0.4505928853754941,0.04940711462450592,-0.49407114624505927,0.5889328063241106,1,1,114,139,1.2183406113537119,0.01413043478260869,0.5533596837944664,-0.45454545454545453
ESM2-150M,esm,masked_encoder,combined_confident,0.05,0.55,2,0.00784313725490196,13,False,0.5,0.4505928853754941,0.04940711462450592,-0.4901185770750988,0.5890316205533591,1,1,114,139,1.2183406113537119,-0.019886363636363653,0.5533596837944664,-0.45454545454545453
ESM2-150M,esm,masked_encoder,combined_confident,0.05,0.6,2,0.00784313725490196,13,False,0.5,0.4505928853754941,0.04940711462450592,-0.4901185770750988,0.5889328063241106,1,1,114,139,1.2183406113537119,0.00909090909090908,0.5533596837944664,-0.45454545454545453
ESM2-150M,esm,masked_encoder,combined_confident,0.05,0.65,2,0.00784313725490196,13,False,0.5,0.4505928853754941,0.04940711462450592,-0.4901185770750988,0.5889328063241106,1,1,114,139,1.2183406113537119,-0.006027667984189733,0.5533596837944664,-0.45454545454545453
ESM2-150M,esm,masked_encoder,chemistry_only,0.1,,62,0.24313725490196078,13,True,0.5161290322580645,0.43005181347150256,0.08607721878656194,-0.05391734915594184,0.22490180511449098,32,30,83,110,1.410130558555021,-0.0006027494567942474,0.12869797760320906,-0.1057161958883503
ESM2-150M,esm,masked_encoder,pair_only,0.1,,11,0.043137254901960784,13,False,0.7272727272727273,0.4385245901639344,0.2887481371087929,0.0037257824143069884,0.540983606557377,8,3,107,137,3.106312292358804,-0.008387667660208658,0.19374068554396423,-0.1910394932935914
ESM2-150M,esm,masked_encoder,scalar_only,0.1,,254,0.996078431372549,13,True,0.44881889763779526,1.0,-0.5511811023622047,-0.610236220472441,-0.4921259842519685,114,140,1,0,0.27164887307236063,0.008513779527559055,0.452755905511811,-0.5511811023622047
ESM2-150M,esm,masked_encoder,combined,0.1,,2,0.00784313725490196,13,False,0.5,0.4505928853754941,0.04940711462450592,-0.4901185770750988,0.5889328063241106,1,1,114,139,1.2183406113537119,0.020429841897233195,0.5533596837944664,-0.45454545454545453
ESM2-150M,esm,masked_encoder,combined_confident,0.1,0.55,2,0.00784313725490196,13,False,0.5,0.4505928853754941,0.04940711462450592,-0.48616600790513836,0.5889328063241106,1,1,114,139,1.2183406113537119,0.022949604743082993,0.5533596837944664,-0.45454545454545453
ESM2-150M,esm,masked_encoder,combined_confident,0.1,0.6,2,0.00784313725490196,13,False,0.5,0.4505928853754941,0.04940711462450592,-0.4901185770750988,0.5889328063241106,1,1,114,139,1.2183406113537119,-0.024925889328063246,0.5533596837944664,-0.45454545454545453
ESM2-150M,esm,masked_encoder,combined_confident,0.1,0.65,2,0.00784313725490196,13,False,0.5,0.4505928853754941,0.04940711462450592,-0.4862648221343874,0.5928853754940712,1,1,114,139,1.2183406113537119,0.00783102766798418,0.5533596837944664,-0.45454545454545453
ESM2-150M,esm,masked_encoder,chemistry_only,0.15,,62,0.24313725490196078,13,True,0.5161290322580645,0.43005181347150256,0.08607721878656194,-0.052162376734079884,0.22948353668728066,32,30,83,110,1.410130558555021,0.003286394785224805,0.12869797760320906,-0.12702657529667388
ESM2-150M,esm,masked_encoder,pair_only,0.15,,3,0.011764705882352941,13,False,0.3333333333333333,0.4523809523809524,-0.11904761904761907,-0.49603174603174605,0.5436507936507937,1,2,114,138,0.725764192139738,-0.006051587301587329,0.5555555555555556,-0.45634920634920634
ESM2-150M,esm,masked_encoder,scalar_only,0.15,,253,0.9921568627450981,13,True,0.44664031620553357,1.0,-0.5533596837944664,-0.6126482213438735,-0.49011857707509876,113,140,2,0,0.1615658362989324,-0.019169960474308287,0.45454545454545453,-0.5533596837944664
ESM2-150M,esm,masked_encoder,combined,0.15,,2,0.00784313725490196,13,False,0.5,0.4505928853754941,0.04940711462450592,-0.4901185770750988,0.5890316205533591,1,1,114,139,1.2183406113537119,0.007831027667984181,0.5533596837944664,-0.45454545454545453
ESM2-150M,esm,masked_encoder,combined_confident,0.15,0.55,2,0.00784313725490196,13,False,0.5,0.4505928853754941,0.04940711462450592,-0.4901185770750988,0.5889328063241106,1,1,114,139,1.2183406113537119,-0.004767786561264831,0.5533596837944664,-0.45454545454545453
ESM2-150M,esm,masked_encoder,combined_confident,0.15,0.6,2,0.00784313725490196,13,False,0.5,0.4505928853754941,0.04940711462450592,-0.4901185770750988,0.5889328063241106,1,1,114,139,1.2183406113537119,-0.02744565217391305,0.5533596837944664,-0.45454545454545453
ESM2-150M,esm,masked_encoder,combined_confident,0.15,0.65,2,0.00784313725490196,13,False,0.5,0.4505928853754941,0.04940711462450592,-0.4901185770750988,0.5928853754940712,1,1,114,139,1.2183406113537119,-0.0022480237154150263,0.5533596837944664,-0.45454545454545453
ESM2-150M,esm,masked_encoder,chemistry_only,0.2,,62,0.24313725490196078,13,True,0.5161290322580645,0.43005181347150256,0.08607721878656194,-0.057343723884338914,0.2335095269931472,32,30,83,110,1.410130558555021,-0.003479650676917931,0.12869797760320906,-0.1057161958883503
ESM2-150M,esm,masked_encoder,pair_only,0.2,,2,0.00784313725490196,13,False,0.5,0.4505928853754941,0.04940711462450592,-0.4901185770750988,0.5889328063241106,1,1,114,139,1.2183406113537119,0.009090909090909085,0.5533596837944664,-0.45454545454545453
ESM2-150M,esm,masked_encoder,scalar_only,0.2,,249,0.9764705882352941,13,True,0.4538152610441767,0.3333333333333333,0.12048192771084337,-0.24909638554216865,0.46184738955823296,113,136,2,4,1.4967032967032967,0.02361947791164658,0.2911646586345381,-0.391566265060241
ESM2-150M,esm,masked_encoder,combined,0.2,,2,0.00784313725490196,13,False,0.5,0.4505928853754941,0.04940711462450592,-0.4901185770750988,0.5928853754940712,1,1,114,139,1.2183406113537119,0.011610671936758883,0.5533596837944664,-0.45454545454545453
ESM2-150M,esm,masked_encoder,combined_confident,0.2,0.55,2,0.00784313725490196,13,False,0.5,0.4505928853754941,0.04940711462450592,-0.4901185770750988,0.5849802371541502,1,1,114,139,1.2183406113537119,-0.00728754940711464,0.5533596837944664,-0.45454545454545453
ESM2-150M,esm,masked_encoder,combined_confident,0.2,0.6,2,0.00784313725490196,13,False,0.5,0.4505928853754941,0.04940711462450592,-0.4901185770750988,0.5928853754940712,1,1,114,139,1.2183406113537119,0.015390316205533588,0.5533596837944664,-0.45454545454545453
ESM2-150M,esm,masked_encoder,combined_confident,0.2,0.65,2,0.00784313725490196,13,False,0.5,0.4505928853754941,0.04940711462450592,-0.48616600790513836,0.5849802371541502,1,1,114,139,1.2183406113537119,0.02798913043478259,0.5533596837944664,-0.45454545454545453
ESM2-150M,esm,masked_encoder,chemistry_only,0.25,,62,0.24313725490196078,13,True,0.5161290322580645,0.43005181347150256,0.08607721878656194,-0.0567733578472338,0.22949816145746277,32,30,83,110,1.410130558555021,0.0022741517633294373,0.12869797760320906,-0.1057161958883503
ESM2-150M,esm,masked_encoder,pair_only,0.25,,2,0.00784313725490196,13,False,0.5,0.4505928853754941,0.04940711462450592,-0.48616600790513836,0.5889328063241106,1,1,114,139,1.2183406113537119,-0.021146245059288544,0.5533596837944664,-0.45454545454545453
ESM2-150M,esm,masked_encoder,scalar_only,0.25,,239,0.9372549019607843,13,True,0.4560669456066946,0.375,0.08106694560669458,-0.1732217573221757,0.3310669456066946,109,130,6,10,1.3554376657824934,-0.005288964435146438,0.21443514644351463,-0.2523535564853556
ESM2-150M,esm,masked_encoder,combined,0.25,,2,0.00784313725490196,13,False,0.5,0.4505928853754941,0.04940711462450592,-0.49407114624505927,0.5889328063241106,1,1,114,139,1.2183406113537119,-0.018626482213438742,0.5533596837944664,-0.45454545454545453
ESM2-150M,esm,masked_encoder,combined_confident,0.25,0.55,2,0.00784313725490196,13,False,0.5,0.4505928853754941,0.04940711462450592,-0.4901185770750988,0.5928853754940712,1,1,114,139,1.2183406113537119,0.01916996047430829,0.5533596837944664,-0.45454545454545453
ESM2-150M,esm,masked_encoder,combined_confident,0.25,0.6,2,0.00784313725490196,13,False,0.5,0.4505928853754941,0.04940711462450592,-0.49407114624505927,0.5928853754940712,1,1,114,139,1.2183406113537119,0.009090909090909078,0.5533596837944664,-0.45454545454545453
ESM2-150M,esm,masked_encoder,combined_confident,0.25,0.65,2,0.00784313725490196,13,False,0.5,0.4505928853754941,0.04940711462450592,-0.4901185770750988,0.5849802371541502,1,1,114,139,1.2183406113537119,0.001531620553359675,0.5533596837944664,-0.45454545454545453
ESM2-650M,esm,masked_encoder,chemistry_only,0.05,,62,0.24313725490196078,13,True,0.5161290322580645,0.43005181347150256,0.08607721878656194,-0.048136386428213274,0.22665677753635288,32,30,83,110,1.410130558555021,-0.0014018886846063822,0.10738759819488547,-0.1057161958883503
ESM2-650M,esm,masked_encoder,pair_only,0.05,,40,0.1568627450980392,13,True,0.525,0.4372093023255814,0.0877906976744186,-0.06976744186046507,0.2546511627906977,21,19,94,121,1.4175824175824177,0.0007645348837209321,0.11892441860464988,-0.11976744186046512
ESM2-650M,esm,masked_encoder,scalar_only,0.05,,245,0.9607843137254902,13,True,0.45714285714285713,0.3,0.15714285714285714,-0.14693877551020407,0.42653061224489797,112,133,3,7,1.8057784911717496,-0.0005408163265306137,0.26122448979591834,-0.2591836734693877
ESM2-650M,esm,masked_encoder,combined,0.05,,10,0.0392156862745098,13,False,0.5,0.4489795918367347,0.05102040816326531,-0.2693877551020408,0.3714285714285715,5,5,110,135,1.2262443438914028,-0.010127551020408158,0.2591836734693877,-0.26122448979591834
ESM2-650M,esm,masked_encoder,combined_confident,0.05,0.55,1,0.00392156862745098,13,False,1.0,0.44881889763779526,0.5511811023622047,0.4881889763779528,0.610236220472441,1,0,114,140,3.6812227074235806,0.01407480314960631,0.5511811023622047,-0.452755905511811
ESM2-650M,esm,masked_encoder,combined_confident,0.05,0.6,1,0.00392156862745098,13,False,1.0,0.44881889763779526,0.5511811023622047,0.4881889763779528,0.610236220472441,1,0,114,140,3.6812227074235806,-0.03110236220472441,0.5511811023622047,-0.452755905511811
ESM2-650M,esm,masked_encoder,combined_confident,0.05,0.65,0,0.0,13,False,,,,,,0,0,115,140,1.2164502164502164,,,
ESM2-650M,esm,masked_encoder,chemistry_only,0.1,,62,0.24313725490196078,13,True,0.5161290322580645,0.43005181347150256,0.08607721878656194,-0.05220625104462643,0.2191208423867625,32,30,83,110,1.410130558555021,0.0008889771017884027,0.12869797760320906,-0.12702657529667388
ESM2-650M,esm,masked_encoder,pair_only,0.1,,20,0.0784313725490196,13,True,0.55,0.4425531914893617,0.10744680851063837,-0.11489361702127654,0.3361968085106382,11,9,104,131,1.5232938806346008,-0.002962765957446792,0.21595744680851064,-0.16382978723404257
ESM2-650M,esm,masked_encoder,scalar_only,0.1,,224,0.8784313725490196,13,True,0.45089285714285715,0.45161290322580644,-0.0007200460829492883,-0.18332373271889407,0.18735599078341014,101,123,14,17,0.9919028340080972,-0.0011790754608294923,0.1461693548387097,-0.18433179723502308
ESM2-650M,esm,masked_encoder,combined,0.1,,5,0.0196078431372549,13,False,0.4,0.452,-0.05199999999999999,-0.47209999999999996,0.38400000000000006,2,3,113,137,0.8653241032095658,0.0035899999999999955,0.35600000000000004,-0.256
ESM2-650M,esm,masked_encoder,combined_confident,0.1,0.55,1,0.00392156862745098,13,False,1.0,0.44881889763779526,0.5511811023622047,0.4881889763779528,0.6141732283464567,1,0,114,140,3.6812227074235806,-0.05871062992125985,0.5511811023622047,-0.452755905511811
ESM2-650M,esm,masked_encoder,combined_confident,0.1,0.6,1,0.00392156862745098,13,False,1.0,0.44881889763779526,0.5511811023622047,0.4921259842519685,0.610236220472441,1,0,114,140,3.6812227074235806,-0.021062992125984246,0.5511811023622047,-0.452755905511811
ESM2-650M,esm,masked_encoder,combined_confident,0.1,0.65,0,0.0,13,False,,,,,,0,0,115,140,1.2164502164502164,,,
ESM2-650M,esm,masked_encoder,chemistry_only,0.15,,62,0.24313725490196078,13,True,0.5161290322580645,0.43005181347150256,0.08607721878656194,-0.057329099114156734,0.23009777703493217,32,30,83,110,1.410130558555021,-0.0012420608390439538,0.10845311716530068,-0.12702657529667388
ESM2-650M,esm,masked_encoder,pair_only,0.15,,14,0.054901960784313725,13,True,0.6428571428571429,0.43983402489626555,0.20302311796087735,-0.06935388263189096,0.450607587433313,9,5,106,135,2.197609901835254,0.00822095435684647,0.20680201541197055,-0.17486662714878481
ESM2-650M,esm,masked_encoder,scalar_only,0.15,,186,0.7294117647058823,13,True,0.45161290322580644,0.4492753623188406,0.0023375409069658626,-0.13510986442262735,0.13608578775128544,84,102,31,38,1.0075880758807587,-0.0030767882187938385,0.12155212716222535,-0.11687704534829363
ESM2-650M,esm,masked_encoder,combined,0.15,,4,0.01568627450980392,13,False,0.5,0.450199203187251,0.049800796812749015,-0.46215139442231074,0.5657370517928286,2,2,113,138,1.2202643171806167,0.0028137450199203153,0.30378486055776893,-0.4581673306772908
ESM2-650M,esm,masked_encoder,combined_confident,0.15,0.55,1,0.00392156862745098,13,False,1.0,0.44881889763779526,0.5511811023622047,0.4921259842519685,0.610236220472441,1,0,114,140,3.6812227074235806,-0.006003937007874005,0.5511811023622047,-0.452755905511811
ESM2-650M,esm,masked_encoder,combined_confident,0.15,0.6,1,0.00392156862745098,13,False,1.0,0.44881889763779526,0.5511811023622047,0.4921259842519685,0.6141732283464567,1,0,114,140,3.6812227074235806,0.009055118110236217,0.5511811023622047,-0.452755905511811
ESM2-650M,esm,masked_encoder,combined_confident,0.15,0.65,0,0.0,13,False,,,,,,0,0,115,140,1.2164502164502164,,,
ESM2-650M,esm,masked_encoder,chemistry_only,0.2,,62,0.24313725490196078,13,True,0.5161290322580645,0.43005181347150256,0.08607721878656194,-0.05333235834865454,0.22611357178672872,32,30,83,110,1.410130558555021,-1.6714023065348554e-05,0.12869797760320906,-0.1057161958883503
ESM2-650M,esm,masked_encoder,pair_only,0.2,,10,0.0392156862745098,13,False,0.8,0.43673469387755104,0.363265306122449,0.06326530612244896,0.5918367346938775,8,2,107,138,4.38046511627907,0.0008010204081632677,0.2591836734693877,-0.26122448979591834
ESM2-650M,esm,masked_encoder,scalar_only,0.2,,126,0.49411764705882355,13,True,0.47619047619047616,0.4263565891472868,0.04983388704318936,-0.07419712070874862,0.1675895164267257,60,66,55,74,1.221228747544537,-0.002722406792174246,0.09689922480620156,-0.10705057216685127
ESM2-650M,esm,masked_encoder,combined,0.2,,2,0.00784313725490196,13,False,1.0,0.44664031620553357,0.5533596837944664,0.4940711462450593,0.6126482213438735,2,0,113,140,6.18942731277533,-0.006027667984189734,0.5533596837944664,-0.45454545454545453
ESM2-650M,esm,masked_encoder,combined_confident,0.2,0.55,1,0.00392156862745098,13,False,1.0,0.44881889763779526,0.5511811023622047,0.4921259842519685,0.610236220472441,1,0,114,140,3.6812227074235806,0.0015255905511811062,0.5511811023622047,-0.452755905511811
ESM2-650M,esm,masked_encoder,combined_confident,0.2,0.6,1,0.00392156862745098,13,False,1.0,0.44881889763779526,0.5511811023622047,0.4881889763779528,0.610236220472441,1,0,114,140,3.6812227074235806,0.004035433070866155,0.5511811023622047,-0.452755905511811
ESM2-650M,esm,masked_encoder,combined_confident,0.2,0.65,0,0.0,13,False,,,,,,0,0,115,140,1.2164502164502164,,,
ESM2-650M,esm,masked_encoder,chemistry_only,0.25,,62,0.24313725490196078,13,True,0.5161290322580645,0.43005181347150256,0.08607721878656194,-0.06309543707170318,0.2364198562594016,32,30,83,110,1.410130558555021,0.0023807036603710535,0.12869797760320906,-0.1057161958883503
ESM2-650M,esm,masked_encoder,pair_only,0.25,,6,0.023529411764705882,13,False,0.6666666666666666,0.4457831325301205,0.22088353413654616,-0.14457831325301207,0.5783132530120482,4,2,111,138,2.2358744394618832,0.02161144578313253,0.391566265060241,-0.2911646586345381
ESM2-650M,esm,masked_encoder,scalar_only,0.25,,82,0.3215686274509804,13,True,0.5609756097560976,0.3988439306358382,0.16213167912025944,0.031157479204849847,0.2866911039052587,46,36,69,104,1.9155415393712427,-0.0006811292823910853,0.10820527280417314,-0.10750035246017198
ESM2-650M,esm,masked_encoder,combined,0.25,,1,0.00392156862745098,13,False,1.0,0.44881889763779526,0.5511811023622047,0.4881889763779528,0.610236220472441,1,0,114,140,3.6812227074235806,0.05674212598425196,0.5511811023622047,-0.452755905511811
ESM2-650M,esm,masked_encoder,combined_confident,0.25,0.55,0,0.0,13,False,,,,,,0,0,115,140,1.2164502164502164,,,
ESM2-650M,esm,masked_encoder,combined_confident,0.25,0.6,0,0.0,13,False,,,,,,0,0,115,140,1.2164502164502164,,,
ESM2-650M,esm,masked_encoder,combined_confident,0.25,0.65,0,0.0,13,False,,,,,,0,0,115,140,1.2164502164502164,,,
ESM2-3B,esm,masked_encoder,chemistry_only,0.05,,62,0.24313725490196078,13,True,0.5161290322580645,0.43005181347150256,0.08607721878656194,-0.05791408992144409,0.22605716195888348,32,30,83,110,1.410130558555021,-0.003213270934313886,0.10738759819488547,-0.12702657529667388
ESM2-3B,esm,masked_encoder,pair_only,0.05,,35,0.13725490196078433,13,True,0.7142857142857143,0.4090909090909091,0.3051948051948052,0.14412337662337663,0.461720779220779,25,10,90,130,3.50197316495659,0.00565259740259739,0.13961038961038957,-0.15844155844155844
ESM2-3B,esm,masked_encoder,scalar_only,0.05,,253,0.9921568627450981,13,True,0.45454545454545453,0.0,0.45454545454545453,0.3952569169960474,0.5177865612648221,115,138,0,2,4.169675090252707,-0.017910079051383386,0.45454545454545453,-0.5533596837944664
ESM2-3B,esm,masked_encoder,combined,0.05,,10,0.0392156862745098,13,False,0.9,0.4326530612244898,0.4673469387755102,0.2632653061224489,0.6122448979591837,9,1,106,139,8.295774647887324,-0.0018010204081632586,0.2591836734693877,-0.26122448979591834
ESM2-3B,esm,masked_encoder,combined_confident,0.05,0.55,5,0.0196078431372549,13,False,1.0,0.44,0.56,0.5,0.624,5,0,110,140,13.986425339366516,0.010729999999999991,0.35600000000000004,-0.256
ESM2-3B,esm,masked_encoder,combined_confident,0.05,0.6,3,0.011764705882352941,13,False,1.0,0.4444444444444444,0.5555555555555556,0.49603174603174605,0.6190476190476191,3,0,112,140,8.742222222222223,0.013343253968253942,0.5555555555555556,-0.45634920634920634
ESM2-3B,esm,masked_encoder,combined_confident,0.05,0.65,2,0.00784313725490196,13,False,1.0,0.44664031620553357,0.5533596837944664,0.49011857707509876,0.6126482213438735,2,0,113,140,6.18942731277533,-0.012327075098814233,0.5533596837944664,-0.45454545454545453
ESM2-3B,esm,masked_encoder,chemistry_only,0.1,,62,0.24313725490196078,13,True,0.5161290322580645,0.43005181347150256,0.08607721878656194,-0.05274736754136724,0.22547217115159618,32,30,83,110,1.410130558555021,0.0008889771017884038,0.10845311716530068,-0.1057161958883503
ESM2-3B,esm,masked_encoder,pair_only,0.1,,28,0.10980392156862745,13,True,0.75,0.41409691629955947,0.33590308370044053,0.15733165512901193,0.5012586532410321,21,7,94,133,4.04973544973545,-0.006918659534298302,0.13530522341095025,-0.18565135305223412
ESM2-3B,esm,masked_encoder,scalar_only,0.1,,253,0.9921568627450981,13,True,0.45454545454545453,0.0,0.45454545454545453,0.391304347826087,0.5177865612648221,115,138,0,2,4.169675090252707,0.02366600790513835,0.45454545454545453,-0.5533596837944664
ESM2-3B,esm,masked_encoder,combined,0.1,,9,0.03529411764705882,13,False,0.8888888888888888,0.4349593495934959,0.4539295392953929,0.20731707317073167,0.6097560975609756,8,1,107,139,7.3534883720930235,-0.0004403794037940485,0.22357723577235766,-0.23712737127371275
ESM2-3B,esm,masked_encoder,combined_confident,0.1,0.55,5,0.0196078431372549,13,False,1.0,0.44,0.56,0.5,0.62,5,0,110,140,13.986425339366516,-0.003550000000000013,0.35600000000000004,-0.256
ESM2-3B,esm,masked_encoder,combined_confident,0.1,0.6,3,0.011764705882352941,13,False,1.0,0.4444444444444444,0.5555555555555556,0.49603174603174605,0.6190476190476191,3,0,112,140,8.742222222222223,-0.0026785714285714546,0.5555555555555556,-0.45634920634920634
ESM2-3B,esm,masked_encoder,combined_confident,0.1,0.65,2,0.00784313725490196,13,False,1.0,0.44664031620553357,0.5533596837944664,0.4940711462450593,0.6126482213438735,2,0,113,140,6.18942731277533,0.012870553359683781,0.5533596837944664,-0.45454545454545453
ESM2-3B,esm,masked_encoder,chemistry_only,0.15,,62,0.24313725490196078,13,True,0.5161290322580645,0.43005181347150256,0.08607721878656194,-0.05791408992144409,0.22611357178672872,32,30,83,110,1.410130558555021,-0.002573959552064177,0.12869797760320906,-0.12702657529667388
ESM2-3B,esm,masked_encoder,pair_only,0.15,,15,0.058823529411764705,13,True,0.7333333333333333,0.43333333333333335,0.29999999999999993,0.05833333333333335,0.5166666666666666,11,4,104,136,3.3381180223285485,0.0005520833333333247,0.22916666666666663,-0.19583333333333336
ESM2-3B,esm,masked_encoder,scalar_only,0.15,,252,0.9882352941176471,13,True,0.4523809523809524,0.3333333333333333,0.11904761904761907,-0.5397817460317461,0.49603174603174605,114,138,1,2,1.3778580024067388,0.016170634920634946,0.45634920634920634,-0.5555555555555556
ESM2-3B,esm,masked_encoder,combined,0.15,,4,0.01568627450980392,13,False,1.0,0.44223107569721115,0.5577689243027888,0.4940239043824701,0.6175298804780877,4,0,111,140,11.340807174887892,-0.004805776892430279,0.30378486055776893,-0.4581673306772908
ESM2-3B,esm,masked_encoder,combined_confident,0.15,0.55,4,0.01568627450980392,13,False,1.0,0.44223107569721115,0.5577689243027888,0.4940239043824701,0.6215139442231076,4,0,111,140,11.340807174887892,-0.000996015936254981,0.30378486055776893,-0.4581673306772908
ESM2-3B,esm,masked_encoder,combined_confident,0.15,0.6,3,0.011764705882352941,13,False,1.0,0.4444444444444444,0.5555555555555556,0.4920634920634921,0.6150793650793651,3,0,112,140,8.742222222222223,0.0015376984126983832,0.5555555555555556,-0.45634920634920634
ESM2-3B,esm,masked_encoder,combined_confident,0.15,0.65,2,0.00784313725490196,13,False,1.0,0.44664031620553357,0.5533596837944664,0.49011857707509876,0.616600790513834,2,0,113,140,6.18942731277533,0.006571146245059276,0.5533596837944664,-0.45454545454545453
ESM2-3B,esm,masked_encoder,chemistry_only,0.2,,62,0.24313725490196078,13,True,0.5161290322580645,0.43005181347150256,0.08607721878656194,-0.057957964231990636,0.22948353668728066,32,30,83,110,1.410130558555021,-0.0019879241183352815,0.10738759819488547,-0.1057161958883503
ESM2-3B,esm,masked_encoder,pair_only,0.2,,12,0.047058823529411764,13,False,0.75,0.43621399176954734,0.31378600823045266,0.04732510288065844,0.5514403292181069,9,3,106,137,3.5043594902749833,0.00684156378600824,0.22633744855967075,-0.2109053497942387
ESM2-3B,esm,masked_encoder,scalar_only,0.2,,252,0.9882352941176471,13,True,0.4523809523809524,0.3333333333333333,0.11904761904761907,-0.5277777777777778,0.49206349206349204,114,138,1,2,1.3778580024067388,0.017857142857142884,0.45634920634920634,-0.5555555555555556
ESM2-3B,esm,masked_encoder,combined,0.2,,4,0.01568627450980392,13,False,1.0,0.44223107569721115,0.5577689243027888,0.49800796812749004,0.6175298804780877,4,0,111,140,11.340807174887892,-0.010520418326693228,0.30378486055776893,-0.4581673306772908
ESM2-3B,esm,masked_encoder,combined_confident,0.2,0.55,4,0.01568627450980392,13,False,1.0,0.44223107569721115,0.5577689243027888,0.49800796812749004,0.6175298804780877,4,0,111,140,11.340807174887892,0.0028137450199203083,0.30378486055776893,-0.4581673306772908
ESM2-3B,esm,masked_encoder,combined_confident,0.2,0.6,3,0.011764705882352941,13,False,1.0,0.4444444444444444,0.5555555555555556,0.4920634920634921,0.6190476190476191,3,0,112,140,8.742222222222223,0.011656746031746006,0.5555555555555556,-0.45634920634920634
ESM2-3B,esm,masked_encoder,combined_confident,0.2,0.65,2,0.00784313725490196,13,False,1.0,0.44664031620553357,0.5533596837944664,0.4939723320158103,0.616600790513834,2,0,113,140,6.18942731277533,-0.0035079051383399298,0.5533596837944664,-0.45454545454545453
ESM2-3B,esm,masked_encoder,chemistry_only,0.25,,62,0.24313725490196078,13,True,0.5161290322580645,0.43005181347150256,0.08607721878656194,-0.05448771519304696,0.231865284974093,32,30,83,110,1.410130558555021,-0.008700693631957208,0.10738759819488547,-0.12702657529667388
ESM2-3B,esm,masked_encoder,pair_only,0.25,,7,0.027450980392156862,13,False,0.8571428571428571,0.43951612903225806,0.41762672811059903,0.12374711981566819,0.6088709677419355,6,1,109,139,5.52054794520548,-0.008352534562211989,0.2707373271889401,-0.31682027649769584
ESM2-3B,esm,masked_encoder,scalar_only,0.25,,251,0.984313725490196,13,True,0.4541832669322709,0.25,0.2041832669322709,-0.2958167330677291,0.4940239043824701,114,137,1,3,1.943030303030303,-0.009798306772908359,0.4581673306772908,-0.30378486055776893
ESM2-3B,esm,masked_encoder,combined,0.25,,2,0.00784313725490196,13,False,1.0,0.44664031620553357,0.5533596837944664,0.49011857707509876,0.616600790513834,2,0,113,140,6.18942731277533,0.010350790513833983,0.5533596837944664,-0.45454545454545453
ESM2-3B,esm,masked_encoder,combined_confident,0.25,0.55,2,0.00784313725490196,13,False,1.0,0.44664031620553357,0.5533596837944664,0.4940711462450593,0.6126482213438735,2,0,113,140,6.18942731277533,0.015390316205533584,0.5533596837944664,-0.45454545454545453
ESM2-3B,esm,masked_encoder,combined_confident,0.25,0.6,2,0.00784313725490196,13,False,1.0,0.44664031620553357,0.5533596837944664,0.49011857707509876,0.6126482213438735,2,0,113,140,6.18942731277533,0.007831027667984183,0.5533596837944664,-0.45454545454545453
ESM2-3B,esm,masked_encoder,combined_confident,0.25,0.65,2,0.00784313725490196,13,False,1.0,0.44664031620553357,0.5533596837944664,0.4940711462450593,0.6126482213438735,2,0,113,140,6.18942731277533,-0.0009881422924901274,0.5533596837944664,-0.45454545454545453
ESM-1v,esm_variant_specialist,masked_encoder,chemistry_only,0.05,,62,0.24313725490196078,13,True,0.5161290322580645,0.43005181347150256,0.08607721878656194,-0.05398838375396958,0.24101621260237338,32,30,83,110,1.410130558555021,-0.00038964566271101176,0.12869797760320906,-0.1057161958883503
ESM-1v,esm_variant_specialist,masked_encoder,pair_only,0.05,,47,0.1843137254901961,13,True,0.6382978723404256,0.40865384615384615,0.22964402618657942,0.07242225859247137,0.37043013502454974,30,17,85,123,2.5174603174603174,-0.0032886661211129374,0.12530687397708679,-0.13553600654664483
ESM-1v,esm_variant_specialist,masked_encoder,scalar_only,0.05,,253,0.9921568627450981,13,True,0.45454545454545453,0.0,0.45454545454545453,0.3952569169960474,0.5177865612648221,115,138,0,2,4.169675090252707,-0.02420948616600789,0.45454545454545453,-0.5533596837944664
ESM-1v,esm_variant_specialist,masked_encoder,combined,0.05,,19,0.07450980392156863,13,True,0.631578947368421,0.4364406779661017,0.19513826940231932,-0.02390722569134701,0.4057705173951822,12,7,103,133,2.1497584541062804,0.0037745316681534113,0.19513826940231932,-0.20294380017841213
ESM-1v,esm_variant_specialist,masked_encoder,combined_confident,0.05,0.55,1,0.00392156862745098,13,False,0.0,0.452755905511811,-0.452755905511811,-0.5118110236220472,-0.38976377952755903,0,1,115,139,0.4025974025974026,-0.011023622047244098,0.5511811023622047,-0.452755905511811
ESM-1v,esm_variant_specialist,masked_encoder,combined_confident,0.05,0.6,1,0.00392156862745098,13,False,0.0,0.452755905511811,-0.452755905511811,-0.515748031496063,-0.38976377952755903,0,1,115,139,0.4025974025974026,0.009055118110236222,0.5511811023622047,-0.452755905511811
ESM-1v,esm_variant_specialist,masked_encoder,combined_confident,0.05,0.65,0,0.0,13,False,,,,,,0,0,115,140,1.2164502164502164,,,
ESM-1v,esm_variant_specialist,masked_encoder,chemistry_only,0.1,,62,0.24313725490196078,13,True,0.5161290322580645,0.43005181347150256,0.08607721878656194,-0.0619400802273107,0.23123850910914256,32,30,83,110,1.410130558555021,0.0008889771017883999,0.12869797760320906,-0.1057161958883503
ESM-1v,esm_variant_specialist,masked_encoder,pair_only,0.1,,27,0.10588235294117647,13,True,0.8518518518518519,0.40350877192982454,0.4483430799220273,0.29142300194931775,0.5789473684210527,23,4,92,136,7.706306306306306,-0.003788986354775844,0.15838206627680307,-0.17300194931773882
ESM-1v,esm_variant_specialist,masked_encoder,scalar_only,0.1,,240,0.9411764705882353,13,True,0.45416666666666666,0.4,0.05416666666666664,-0.19999999999999996,0.3041666666666667,109,131,6,9,1.2170225212050307,-0.0019687499999999896,0.19583333333333336,-0.22916666666666663
ESM-1v,esm_variant_specialist,masked_encoder,combined,0.1,,11,0.043137254901960784,13,False,0.8181818181818182,0.4344262295081967,0.38375558867362153,0.11504284649776451,0.5901639344262295,9,2,106,138,4.941784037558685,-0.013138040238450088,0.19374068554396423,-0.28129657228017885
ESM-1v,esm_variant_specialist,masked_encoder,combined_confident,0.1,0.55,1,0.00392156862745098,13,False,0.0,0.452755905511811,-0.452755905511811,-0.515748031496063,-0.38976377952755903,0,1,115,139,0.4025974025974026,-0.01604330708661417,0.5511811023622047,-0.452755905511811
ESM-1v,esm_variant_specialist,masked_encoder,combined_confident,0.1,0.6,1,0.00392156862745098,13,False,0.0,0.452755905511811,-0.452755905511811,-0.515748031496063,-0.38976377952755903,0,1,115,139,0.4025974025974026,0.004035433070866136,0.5511811023622047,-0.452755905511811
ESM-1v,esm_variant_specialist,masked_encoder,combined_confident,0.1,0.65,0,0.0,13,False,,,,,,0,0,115,140,1.2164502164502164,,,
ESM-1v,esm_variant_specialist,masked_encoder,chemistry_only,0.15,,62,0.24313725490196078,13,True,0.5161290322580645,0.43005181347150256,0.08607721878656194,-0.05217700150426207,0.22891317065017547,32,30,83,110,1.410130558555021,-0.00028309376566939426,0.12869797760320906,-0.1057161958883503
ESM-1v,esm_variant_specialist,masked_encoder,pair_only,0.15,,14,0.054901960784313725,13,True,0.7857142857142857,0.4315352697095436,0.3541790160047421,0.11402637818612921,0.5560981031416712,11,3,104,137,4.323308270676692,0.005953615886188498,0.20302311796087735,-0.25044457617071725
ESM-1v,esm_variant_specialist,masked_encoder,scalar_only,0.15,,218,0.8549019607843137,13,True,0.45871559633027525,0.40540540540540543,0.05331019092486983,-0.12261343912720057,0.2246466650136375,100,118,15,22,1.231114740710494,-0.003042090255393011,0.14815273989585914,-0.1363749070171088
ESM-1v,esm_variant_specialist,masked_encoder,combined,0.15,,4,0.01568627450980392,13,False,0.5,0.450199203187251,0.049800796812749015,-0.46215139442231074,0.5577689243027888,2,2,113,138,1.2202643171806167,0.014243027888446209,0.30378486055776893,-0.4581673306772908
ESM-1v,esm_variant_specialist,masked_encoder,combined_confident,0.15,0.55,1,0.00392156862745098,13,False,0.0,0.452755905511811,-0.452755905511811,-0.5078740157480315,-0.38976377952755903,0,1,115,139,0.4025974025974026,-0.026082677165354333,0.5511811023622047,-0.452755905511811
ESM-1v,esm_variant_specialist,masked_encoder,combined_confident,0.15,0.6,1,0.00392156862745098,13,False,0.0,0.452755905511811,-0.452755905511811,-0.5118110236220472,-0.38976377952755903,0,1,115,139,0.4025974025974026,0.006545275590551191,0.5511811023622047,-0.452755905511811
ESM-1v,esm_variant_specialist,masked_encoder,combined_confident,0.15,0.65,0,0.0,13,False,,,,,,0,0,115,140,1.2164502164502164,,,
ESM-1v,esm_variant_specialist,masked_encoder,chemistry_only,0.2,,62,0.24313725490196078,13,True,0.5161290322580645,0.43005181347150256,0.08607721878656194,-0.057329099114156734,0.22548679592177828,32,30,83,110,1.410130558555021,-0.006090172154437567,0.10738759819488547,-0.10678171485876642
ESM-1v,esm_variant_specialist,masked_encoder,pair_only,0.2,,11,0.043137254901960784,13,False,0.8181818181818182,0.4344262295081967,0.38375558867362153,0.12322093889716834,0.5942622950819672,9,2,106,138,4.941784037558685,-0.0033997764530551565,0.2887481371087929,-0.28129657228017885
ESM-1v,esm_variant_specialist,masked_encoder,scalar_only,0.2,,173,0.6784313725490196,13,True,0.5086705202312138,0.32926829268292684,0.179402227548287,0.05417665303820665,0.3039616523332863,88,85,27,55,2.0889952153110047,-0.006014732835189628,0.10750035246017198,-0.1261807415762019
ESM-1v,esm_variant_specialist,masked_encoder,combined,0.2,,3,0.011764705882352941,13,False,0.6666666666666666,0.44841269841269843,0.2182539682539682,-0.44047619047619047,0.595337301587301,2,1,113,139,2.048458149779736,-0.006894841269841292,0.5555555555555556,-0.45634920634920634
ESM-1v,esm_variant_specialist,masked_encoder,combined_confident,0.2,0.55,1,0.00392156862745098,13,False,0.0,0.452755905511811,-0.452755905511811,-0.515748031496063,-0.38976377952755903,0,1,115,139,0.4025974025974026,0.034153543307086615,0.5511811023622047,-0.452755905511811
ESM-1v,esm_variant_specialist,masked_encoder,combined_confident,0.2,0.6,1,0.00392156862745098,13,False,0.0,0.452755905511811,-0.452755905511811,-0.515748031496063,-0.38976377952755903,0,1,115,139,0.4025974025974026,-0.003494094488188968,0.5511811023622047,-0.452755905511811
ESM-1v,esm_variant_specialist,masked_encoder,combined_confident,0.2,0.65,0,0.0,13,False,,,,,,0,0,115,140,1.2164502164502164,,,
ESM-1v,esm_variant_specialist,masked_encoder,chemistry_only,0.25,,62,0.24313725490196078,13,True,0.5161290322580645,0.43005181347150256,0.08607721878656194,-0.057343723884338914,0.22256184188534178,32,30,83,110,1.410130558555021,0.0028069112485375252,0.10845311716530068,-0.1057161958883503
ESM-1v,esm_variant_specialist,masked_encoder,pair_only,0.25,,7,0.027450980392156862,13,False,0.7142857142857143,0.4435483870967742,0.2707373271889401,-0.05529953917050695,0.5806451612903225,5,2,110,138,2.7574660633484163,-0.003211405529953922,0.2707373271889401,-0.31682027649769584
ESM-1v,esm_variant_specialist,masked_encoder,scalar_only,0.25,,132,0.5176470588235295,13,True,0.5757575757575758,0.3170731707317073,0.2586844050258685,0.1417220990391722,0.37510624538063553,76,56,39,84,2.8964937829057913,0.002011733185513675,0.1016260162601626,-0.10254988913525498
ESM-1v,esm_variant_specialist,masked_encoder,combined,0.25,,2,0.00784313725490196,13,False,0.5,0.4505928853754941,0.04940711462450592,-0.4902173913043478,0.5889328063241106,1,1,114,139,1.2183406113537119,0.016650197628458485,0.5533596837944664,-0.45454545454545453
ESM-1v,esm_variant_specialist,masked_encoder,combined_confident,0.25,0.55,1,0.00392156862745098,13,False,0.0,0.452755905511811,-0.452755905511811,-0.515748031496063,-0.3937007874015748,0,1,115,139,0.4025974025974026,0.016584645669291343,0.5511811023622047,-0.452755905511811
ESM-1v,esm_variant_specialist,masked_encoder,combined_confident,0.25,0.6,1,0.00392156862745098,13,False,0.0,0.452755905511811,-0.452755905511811,-0.5119094488188977,-0.39360236220472494,0,1,115,139,0.4025974025974026,-0.006003937007874021,0.5511811023622047,-0.452755905511811
ESM-1v,esm_variant_specialist,masked_encoder,combined_confident,0.25,0.65,0,0.0,13,False,,,,,,0,0,115,140,1.2164502164502164,,,
ProtT5,prottrans,encoder_decoder,chemistry_only,0.05,,62,0.24313725490196078,13,True,0.5161290322580645,0.43005181347150256,0.08607721878656194,-0.054544125020892516,0.234708758148086,32,30,83,110,1.410130558555021,0.0039257061674745145,0.12869797760320906,-0.1057161958883503
ProtT5,prottrans,encoder_decoder,pair_only,0.05,,19,0.07450980392156863,13,True,0.42105263157894735,0.4533898305084746,-0.032337198929527244,-0.2598126672613738,0.19948148974130178,8,11,107,129,0.8903943377148635,-0.0020545272078501585,0.19513826940231932,-0.20294380017841213
ProtT5,prottrans,encoder_decoder,scalar_only,0.05,,251,0.984313725490196,13,True,0.4541832669322709,0.25,0.2041832669322709,-0.30378486055776893,0.49800796812749004,114,137,1,3,1.943030303030303,-0.0059885458167330645,0.4581673306772908,-0.5577689243027888
ProtT5,prottrans,encoder_decoder,combined,0.05,,4,0.01568627450980392,13,False,0.5,0.450199203187251,0.049800796812749015,-0.450199203187251,0.5617529880478087,2,2,113,138,1.2202643171806167,0.0021787848605577653,0.30378486055776893,-0.4581673306772908
ProtT5,prottrans,encoder_decoder,combined_confident,0.05,0.55,4,0.01568627450980392,13,False,0.5,0.450199203187251,0.049800796812749015,-0.46215139442231074,0.5577689243027888,2,2,113,138,1.2202643171806167,-0.02956922310756972,0.30378486055776893,-0.4581673306772908
ProtT5,prottrans,encoder_decoder,combined_confident,0.05,0.6,4,0.01568627450980392,13,False,0.5,0.450199203187251,0.049800796812749015,-0.46215139442231074,0.5657370517928286,2,2,113,138,1.2202643171806167,-0.004805776892430287,0.30378486055776893,-0.4581673306772908
ProtT5,prottrans,encoder_decoder,combined_confident,0.05,0.65,4,0.01568627450980392,13,False,0.5,0.450199203187251,0.049800796812749015,-0.4541832669322709,0.5618525896414337,2,2,113,138,1.2202643171806167,0.00916334661354581,0.30378486055776893,-0.4581673306772908
ProtT5,prottrans,encoder_decoder,chemistry_only,0.1,,62,0.24313725490196078,13,True,0.5161290322580645,0.43005181347150256,0.08607721878656194,-0.04696640481363862,0.22725430386093923,32,30,83,110,1.410130558555021,-0.0034263747283971224,0.10738759819488547,-0.12702657529667388
ProtT5,prottrans,encoder_decoder,pair_only,0.1,,5,0.0196078431372549,13,False,0.4,0.452,-0.05199999999999999,-0.464,0.38400000000000006,2,3,113,137,0.8653241032095658,0.009709999999999991,0.35600000000000004,-0.256
ProtT5,prottrans,encoder_decoder,scalar_only,0.1,,248,0.9725490196078431,13,True,0.4475806451612903,0.5714285714285714,-0.12384792626728108,-0.45794930875576034,0.23637672811059798,111,137,4,3,0.6307070707070707,-0.013313652073732713,0.31682027649769584,-0.2707373271889401
ProtT5,prottrans,encoder_decoder,combined,0.1,,2,0.00784313725490196,13,False,0.5,0.4505928853754941,0.04940711462450592,-0.4901185770750988,0.5928853754940712,1,1,114,139,1.2183406113537119,0.0015316205533596739,0.5533596837944664,-0.45454545454545453
ProtT5,prottrans,encoder_decoder,combined_confident,0.1,0.55,2,0.00784313725490196,13,False,0.5,0.4505928853754941,0.04940711462450592,-0.4901185770750988,0.5849802371541502,1,1,114,139,1.2183406113537119,0.002791501976284574,0.5533596837944664,-0.45454545454545453
ProtT5,prottrans,encoder_decoder,combined_confident,0.1,0.6,2,0.00784313725490196,13,False,0.5,0.4505928853754941,0.04940711462450592,-0.4901185770750988,0.5889328063241106,1,1,114,139,1.2183406113537119,-0.03626482213438736,0.5533596837944664,-0.45454545454545453
ProtT5,prottrans,encoder_decoder,combined_confident,0.1,0.65,2,0.00784313725490196,13,False,0.5,0.4505928853754941,0.04940711462450592,-0.4901185770750988,0.5928853754940712,1,1,114,139,1.2183406113537119,-0.002248023715415033,0.5533596837944664,-0.45454545454545453
ProtT5,prottrans,encoder_decoder,chemistry_only,0.15,,62,0.24313725490196078,13,True,0.5161290322580645,0.43005181347150256,0.08607721878656194,-0.05448771519304696,0.22612819655691083,32,30,83,110,1.410130558555021,-0.0008691291993982918,0.10738759819488547,-0.12702657529667388
ProtT5,prottrans,encoder_decoder,pair_only,0.15,,0,0.0,13,False,,,,,,0,0,115,140,1.2164502164502164,,,
ProtT5,prottrans,encoder_decoder,scalar_only,0.15,,244,0.9568627450980393,13,True,0.44672131147540983,0.5454545454545454,-0.09873323397913558,-0.38375558867362153,0.19531482861400845,109,135,6,5,0.68379222253761,0.01028781669150523,0.28129657228017885,-0.2887481371087929
ProtT5,prottrans,encoder_decoder,combined,0.15,,0,0.0,13,False,,,,,,0,0,115,140,1.2164502164502164,,,
ProtT5,prottrans,encoder_decoder,combined_confident,0.15,0.55,0,0.0,13,False,,,,,,0,0,115,140,1.2164502164502164,,,
ProtT5,prottrans,encoder_decoder,combined_confident,0.15,0.6,0,0.0,13,False,,,,,,0,0,115,140,1.2164502164502164,,,
ProtT5,prottrans,encoder_decoder,combined_confident,0.15,0.65,0,0.0,13,False,,,,,,0,0,115,140,1.2164502164502164,,,
ProtT5,prottrans,encoder_decoder,chemistry_only,0.2,,62,0.24313725490196078,13,True,0.5161290322580645,0.43005181347150256,0.08607721878656194,-0.06886177502924956,0.2191208423867625,32,30,83,110,1.410130558555021,0.00024966571953869505,0.12869797760320906,-0.12702657529667388
ProtT5,prottrans,encoder_decoder,pair_only,0.2,,0,0.0,13,False,,,,,,0,0,115,140,1.2164502164502164,,,
ProtT5,prottrans,encoder_decoder,scalar_only,0.2,,232,0.9098039215686274,13,True,0.4267241379310345,0.6956521739130435,-0.268928035982009,-0.44716079460269864,-0.06483320839580212,99,133,16,7,0.33878106911814776,-0.0003560719640179827,0.1611694152923538,-0.17335082458770618
ProtT5,prottrans,encoder_decoder,combined,0.2,,0,0.0,13,False,,,,,,0,0,115,140,1.2164502164502164,,,
ProtT5,prottrans,encoder_decoder,combined_confident,0.2,0.55,0,0.0,13,False,,,,,,0,0,115,140,1.2164502164502164,,,
ProtT5,prottrans,encoder_decoder,combined_confident,0.2,0.6,0,0.0,13,False,,,,,,0,0,115,140,1.2164502164502164,,,
ProtT5,prottrans,encoder_decoder,combined_confident,0.2,0.65,0,0.0,13,False,,,,,,0,0,115,140,1.2164502164502164,,,
ProtT5,prottrans,encoder_decoder,chemistry_only,0.25,,62,0.24313725490196078,13,True,0.5161290322580645,0.43005181347150256,0.08607721878656194,-0.05331773357847236,0.22948353668728066,32,30,83,110,1.410130558555021,0.0012619087414340673,0.10845311716530068,-0.1057161958883503
ProtT5,prottrans,encoder_decoder,pair_only,0.25,,0,0.0,13,False,,,,,,0,0,115,140,1.2164502164502164,,,
ProtT5,prottrans,encoder_decoder,scalar_only,0.25,,205,0.803921568627451,13,True,0.40487804878048783,0.64,-0.23512195121951218,-0.38390243902439025,-0.09023170731707326,83,122,32,18,0.3880062794348509,0.0037073170731707337,0.11317073170731706,-0.11073170731707321
ProtT5,prottrans,encoder_decoder,combined,0.25,,0,0.0,13,False,,,,,,0,0,115,140,1.2164502164502164,,,
ProtT5,prottrans,encoder_decoder,combined_confident,0.25,0.55,0,0.0,13,False,,,,,,0,0,115,140,1.2164502164502164,,,
ProtT5,prottrans,encoder_decoder,combined_confident,0.25,0.6,0,0.0,13,False,,,,,,0,0,115,140,1.2164502164502164,,,
ProtT5,prottrans,encoder_decoder,combined_confident,0.25,0.65,0,0.0,13,False,,,,,,0,0,115,140,1.2164502164502164,,,
ProtBERT,bert_style,bidirectional_encoder,chemistry_only,0.05,,62,0.24313725490196078,13,True,0.5161290322580645,0.43005181347150256,0.08607721878656194,-0.05398838375396958,0.23065351830185526,32,30,83,110,1.410130558555021,-0.005450860772187863,0.10738759819488547,-0.12702657529667388
ProtBERT,bert_style,bidirectional_encoder,pair_only,0.05,,1,0.00392156862745098,13,False,0.0,0.452755905511811,-0.452755905511811,-0.5118110236220472,-0.38976377952755903,0,1,115,139,0.4025974025974026,0.001525590551181103,0.5511811023622047,-0.452755905511811
ProtBERT,bert_style,bidirectional_encoder,scalar_only,0.05,,254,0.996078431372549,13,True,0.44881889763779526,1.0,-0.5511811023622047,-0.6141732283464567,-0.4881889763779528,114,140,1,0,0.27164887307236063,-0.011564960629921253,0.452755905511811,-0.5511811023622047
ProtBERT,bert_style,bidirectional_encoder,combined,0.05,,0,0.0,13,False,,,,,,0,0,115,140,1.2164502164502164,,,
ProtBERT,bert_style,bidirectional_encoder,combined_confident,0.05,0.55,0,0.0,13,False,,,,,,0,0,115,140,1.2164502164502164,,,
ProtBERT,bert_style,bidirectional_encoder,combined_confident,0.05,0.6,0,0.0,13,False,,,,,,0,0,115,140,1.2164502164502164,,,
ProtBERT,bert_style,bidirectional_encoder,combined_confident,0.05,0.65,0,0.0,13,False,,,,,,0,0,115,140,1.2164502164502164,,,
ProtBERT,bert_style,bidirectional_encoder,chemistry_only,0.1,,62,0.24313725490196078,13,True,0.5161290322580645,0.43005181347150256,0.08607721878656194,-0.05340339294668228,0.22889854587999336,32,30,83,110,1.410130558555021,3.65619254554625e-05,0.12869797760320906,-0.10678171485876642
ProtBERT,bert_style,bidirectional_encoder,pair_only,0.1,,1,0.00392156862745098,13,False,0.0,0.452755905511811,-0.452755905511811,-0.5118110236220472,-0.38976377952755903,0,1,115,139,0.4025974025974026,-0.026082677165354326,0.5511811023622047,-0.452755905511811
ProtBERT,bert_style,bidirectional_encoder,scalar_only,0.1,,254,0.996078431372549,13,True,0.44881889763779526,1.0,-0.5511811023622047,-0.610236220472441,-0.4921259842519685,114,140,1,0,0.27164887307236063,0.000984251968503933,0.452755905511811,-0.5511811023622047
ProtBERT,bert_style,bidirectional_encoder,combined,0.1,,0,0.0,13,False,,,,,,0,0,115,140,1.2164502164502164,,,
ProtBERT,bert_style,bidirectional_encoder,combined_confident,0.1,0.55,0,0.0,13,False,,,,,,0,0,115,140,1.2164502164502164,,,
ProtBERT,bert_style,bidirectional_encoder,combined_confident,0.1,0.6,0,0.0,13,False,,,,,,0,0,115,140,1.2164502164502164,,,
ProtBERT,bert_style,bidirectional_encoder,combined_confident,0.1,0.65,0,0.0,13,False,,,,,,0,0,115,140,1.2164502164502164,,,
ProtBERT,bert_style,bidirectional_encoder,chemistry_only,0.15,,62,0.24313725490196078,13,True,0.5161290322580645,0.43005181347150256,0.08607721878656194,-0.057329099114156734,0.22949816145746277,32,30,83,110,1.410130558555021,0.000302941668059506,0.10738759819488547,-0.1057161958883503
ProtBERT,bert_style,bidirectional_encoder,pair_only,0.15,,0,0.0,13,False,,,,,,0,0,115,140,1.2164502164502164,,,
ProtBERT,bert_style,bidirectional_encoder,scalar_only,0.15,,254,0.996078431372549,13,True,0.44881889763779526,1.0,-0.5511811023622047,-0.610236220472441,-0.4881889763779528,114,140,1,0,0.27164887307236063,-0.026624015748031492,0.452755905511811,-0.5511811023622047
ProtBERT,bert_style,bidirectional_encoder,combined,0.15,,0,0.0,13,False,,,,,,0,0,115,140,1.2164502164502164,,,
ProtBERT,bert_style,bidirectional_encoder,combined_confident,0.15,0.55,0,0.0,13,False,,,,,,0,0,115,140,1.2164502164502164,,,
ProtBERT,bert_style,bidirectional_encoder,combined_confident,0.15,0.6,0,0.0,13,False,,,,,,0,0,115,140,1.2164502164502164,,,
ProtBERT,bert_style,bidirectional_encoder,combined_confident,0.15,0.65,0,0.0,13,False,,,,,,0,0,115,140,1.2164502164502164,,,
ProtBERT,bert_style,bidirectional_encoder,chemistry_only,0.2,,62,0.24313725490196078,13,True,0.5161290322580645,0.43005181347150256,0.08607721878656194,-0.05273274277118506,0.23065351830185526,32,30,83,110,1.410130558555021,0.006323123850910919,0.12869797760320906,-0.1057161958883503
ProtBERT,bert_style,bidirectional_encoder,pair_only,0.2,,0,0.0,13,False,,,,,,0,0,115,140,1.2164502164502164,,,
ProtBERT,bert_style,bidirectional_encoder,scalar_only,0.2,,254,0.996078431372549,13,True,0.44881889763779526,1.0,-0.5511811023622047,-0.6103346456692914,-0.4921259842519685,114,140,1,0,0.27164887307236063,-0.0015255905511811086,0.452755905511811,-0.5511811023622047
ProtBERT,bert_style,bidirectional_encoder,combined,0.2,,0,0.0,13,False,,,,,,0,0,115,140,1.2164502164502164,,,
ProtBERT,bert_style,bidirectional_encoder,combined_confident,0.2,0.55,0,0.0,13,False,,,,,,0,0,115,140,1.2164502164502164,,,
ProtBERT,bert_style,bidirectional_encoder,combined_confident,0.2,0.6,0,0.0,13,False,,,,,,0,0,115,140,1.2164502164502164,,,
ProtBERT,bert_style,bidirectional_encoder,combined_confident,0.2,0.65,0,0.0,13,False,,,,,,0,0,115,140,1.2164502164502164,,,
ProtBERT,bert_style,bidirectional_encoder,chemistry_only,0.25,,62,0.24313725490196078,13,True,0.5161290322580645,0.43005181347150256,0.08607721878656194,-0.05791408992144409,0.22490180511449098,32,30,83,110,1.410130558555021,0.007015711181681431,0.12869797760320906,-0.1057161958883503
ProtBERT,bert_style,bidirectional_encoder,pair_only,0.25,,0,0.0,13,False,,,,,,0,0,115,140,1.2164502164502164,,,
ProtBERT,bert_style,bidirectional_encoder,scalar_only,0.25,,251,0.984313725490196,13,True,0.44223107569721115,1.0,-0.5577689243027888,-0.6175298804780877,-0.4940239043824701,111,140,4,0,0.0881771451166469,0.018139940239043827,0.4581673306772908,-0.30378486055776893
ProtBERT,bert_style,bidirectional_encoder,combined,0.25,,0,0.0,13,False,,,,,,0,0,115,140,1.2164502164502164,,,
ProtBERT,bert_style,bidirectional_encoder,combined_confident,0.25,0.55,0,0.0,13,False,,,,,,0,0,115,140,1.2164502164502164,,,
ProtBERT,bert_style,bidirectional_encoder,combined_confident,0.25,0.6,0,0.0,13,False,,,,,,0,0,115,140,1.2164502164502164,,,
ProtBERT,bert_style,bidirectional_encoder,combined_confident,0.25,0.65,0,0.0,13,False,,,,,,0,0,115,140,1.2164502164502164,,,
ProtBERT-BFD,bert_style,bidirectional_encoder,chemistry_only,0.05,,62,0.24313725490196078,13,True,0.5161290322580645,0.43005181347150256,0.08607721878656194,-0.0619400802273107,0.22490180511449098,32,30,83,110,1.410130558555021,0.0026470834029750966,0.12869797760320906,-0.1057161958883503
ProtBERT-BFD,bert_style,bidirectional_encoder,pair_only,0.05,,1,0.00392156862745098,13,False,0.0,0.452755905511811,-0.452755905511811,-0.5118110236220472,-0.38976377952755903,0,1,115,139,0.4025974025974026,0.001525590551181104,0.5511811023622047,-0.452755905511811
ProtBERT-BFD,bert_style,bidirectional_encoder,scalar_only,0.05,,252,0.9882352941176471,13,True,0.45634920634920634,0.0,0.45634920634920634,0.39285714285714285,0.5198412698412699,115,137,0,3,5.88,0.01701388888888892,0.45634920634920634,-0.5555555555555556
ProtBERT-BFD,bert_style,bidirectional_encoder,combined,0.05,,0,0.0,13,False,,,,,,0,0,115,140,1.2164502164502164,,,
ProtBERT-BFD,bert_style,bidirectional_encoder,combined_confident,0.05,0.55,0,0.0,13,False,,,,,,0,0,115,140,1.2164502164502164,,,
ProtBERT-BFD,bert_style,bidirectional_encoder,combined_confident,0.05,0.6,0,0.0,13,False,,,,,,0,0,115,140,1.2164502164502164,,,
ProtBERT-BFD,bert_style,bidirectional_encoder,combined_confident,0.05,0.65,0,0.0,13,False,,,,,,0,0,115,140,1.2164502164502164,,,
ProtBERT-BFD,bert_style,bidirectional_encoder,chemistry_only,0.1,,62,0.24313725490196078,13,True,0.5161290322580645,0.43005181347150256,0.08607721878656194,-0.05791408992144409,0.22490180511449098,32,30,83,110,1.410130558555021,-0.0020944760153768973,0.12976349657362427,-0.12702657529667388
ProtBERT-BFD,bert_style,bidirectional_encoder,pair_only,0.1,,1,0.00392156862745098,13,False,0.0,0.452755905511811,-0.452755905511811,-0.5118110236220472,-0.3937007874015748,0,1,115,139,0.4025974025974026,-0.033612204724409456,0.5511811023622047,-0.452755905511811
ProtBERT-BFD,bert_style,bidirectional_encoder,scalar_only,0.1,,248,0.9725490196078431,13,True,0.4637096774193548,0.0,0.4637096774193548,0.4032258064516129,0.5282258064516129,115,133,0,7,12.97752808988764,0.008719758064516135,0.31682027649769584,-0.2707373271889401
ProtBERT-BFD,bert_style,bidirectional_encoder,combined,0.1,,0,0.0,13,False,,,,,,0,0,115,140,1.2164502164502164,,,
ProtBERT-BFD,bert_style,bidirectional_encoder,combined_confident,0.1,0.55,0,0.0,13,False,,,,,,0,0,115,140,1.2164502164502164,,,
ProtBERT-BFD,bert_style,bidirectional_encoder,combined_confident,0.1,0.6,0,0.0,13,False,,,,,,0,0,115,140,1.2164502164502164,,,
ProtBERT-BFD,bert_style,bidirectional_encoder,combined_confident,0.1,0.65,0,0.0,13,False,,,,,,0,0,115,140,1.2164502164502164,,,
ProtBERT-BFD,bert_style,bidirectional_encoder,chemistry_only,0.15,,62,0.24313725490196078,13,True,0.5161290322580645,0.43005181347150256,0.08607721878656194,-0.051577385926792584,0.22608641149924769,32,30,83,110,1.410130558555021,-0.0022010279124185165,0.10738759819488547,-0.12809209426709
ProtBERT-BFD,bert_style,bidirectional_encoder,pair_only,0.15,,0,0.0,13,False,,,,,,0,0,115,140,1.2164502164502164,,,
ProtBERT-BFD,bert_style,bidirectional_encoder,scalar_only,0.15,,234,0.9176470588235294,13,True,0.452991452991453,0.42857142857142855,0.024420024420024444,-0.20453296703296703,0.24053724053724057,106,128,9,12,1.0905181241040345,0.00041971916971918487,0.18009768009768012,-0.18315018315018317
ProtBERT-BFD,bert_style,bidirectional_encoder,combined,0.15,,0,0.0,13,False,,,,,,0,0,115,140,1.2164502164502164,,,
ProtBERT-BFD,bert_style,bidirectional_encoder,combined_confident,0.15,0.55,0,0.0,13,False,,,,,,0,0,115,140,1.2164502164502164,,,
ProtBERT-BFD,bert_style,bidirectional_encoder,combined_confident,0.15,0.6,0,0.0,13,False,,,,,,0,0,115,140,1.2164502164502164,,,
ProtBERT-BFD,bert_style,bidirectional_encoder,combined_confident,0.15,0.65,0,0.0,13,False,,,,,,0,0,115,140,1.2164502164502164,,,
ProtBERT-BFD,bert_style,bidirectional_encoder,chemistry_only,0.2,,62,0.24313725490196078,13,True,0.5161290322580645,0.43005181347150256,0.08607721878656194,-0.05791408992144409,0.23066814307203737,32,30,83,110,1.410130558555021,-0.0012953367875647658,0.10738759819488547,-0.12702657529667388
ProtBERT-BFD,bert_style,bidirectional_encoder,pair_only,0.2,,0,0.0,13,False,,,,,,0,0,115,140,1.2164502164502164,,,
ProtBERT-BFD,bert_style,bidirectional_encoder,scalar_only,0.2,,216,0.8470588235294118,13,True,0.4351851851851852,0.5384615384615384,-0.10327635327635326,-0.2731570512820512,0.06659544159544162,94,122,21,18,0.6637873754152824,0.004638532763532765,0.1388888888888889,-0.13354700854700852
ProtBERT-BFD,bert_style,bidirectional_encoder,combined,0.2,,0,0.0,13,False,,,,,,0,0,115,140,1.2164502164502164,,,
ProtBERT-BFD,bert_style,bidirectional_encoder,combined_confident,0.2,0.55,0,0.0,13,False,,,,,,0,0,115,140,1.2164502164502164,,,
ProtBERT-BFD,bert_style,bidirectional_encoder,combined_confident,0.2,0.6,0,0.0,13,False,,,,,,0,0,115,140,1.2164502164502164,,,
ProtBERT-BFD,bert_style,bidirectional_encoder,combined_confident,0.2,0.65,0,0.0,13,False,,,,,,0,0,115,140,1.2164502164502164,,,
ProtBERT-BFD,bert_style,bidirectional_encoder,chemistry_only,0.25,,62,0.24313725490196078,13,True,0.5161290322580645,0.43005181347150256,0.08607721878656194,-0.056758733077051614,0.22150259067357483,32,30,83,110,1.410130558555021,-0.007581898713020221,0.12869797760320906,-0.1057161958883503
ProtBERT-BFD,bert_style,bidirectional_encoder,pair_only,0.25,,0,0.0,13,False,,,,,,0,0,115,140,1.2164502164502164,,,
ProtBERT-BFD,bert_style,bidirectional_encoder,scalar_only,0.25,,200,0.7843137254901961,13,True,0.43,0.5272727272727272,-0.09727272727272723,-0.2500227272727273,0.05181818181818182,86,114,29,26,0.6786322255939605,-0.0022852272727272548,0.11252272727272619,-0.14363636363636362
ProtBERT-BFD,bert_style,bidirectional_encoder,combined,0.25,,0,0.0,13,False,,,,,,0,0,115,140,1.2164502164502164,,,
ProtBERT-BFD,bert_style,bidirectional_encoder,combined_confident,0.25,0.55,0,0.0,13,False,,,,,,0,0,115,140,1.2164502164502164,,,
ProtBERT-BFD,bert_style,bidirectional_encoder,combined_confident,0.25,0.6,0,0.0,13,False,,,,,,0,0,115,140,1.2164502164502164,,,
ProtBERT-BFD,bert_style,bidirectional_encoder,combined_confident,0.25,0.65,0,0.0,13,False,,,,,,0,0,115,140,1.2164502164502164,,,
ProGen2-small,progen,causal_decoder,chemistry_only,0.05,,62,0.24313725490196078,13,True,0.5161290322580645,0.43005181347150256,0.08607721878656194,-0.05390272438575966,0.22490180511449098,32,30,83,110,1.410130558555021,-0.002520683603543369,0.10738759819488547,-0.12702657529667388
ProGen2-small,progen,causal_decoder,pair_only,0.05,,32,0.12549019607843137,13,True,0.71875,0.4125560538116592,0.3061939461883408,0.13200672645739908,0.4625875840807175,23,9,92,131,3.5166429587482217,-4.904708520179018e-05,0.16325672645739908,-0.12261771300448432
ProGen2-small,progen,causal_decoder,scalar_only,0.05,,217,0.8509803921568627,13,True,0.4976958525345622,0.18421052631578946,0.3134853262187728,0.16998847926267283,0.44312393887945667,108,109,7,31,4.161643835616438,0.002543657530924099,0.1294870240116406,-0.11945185544506431
ProGen2-small,progen,causal_decoder,combined,0.05,,11,0.043137254901960784,13,False,0.6363636363636364,0.4426229508196721,0.19374068554396423,-0.10367921013412817,0.4541728763040238,7,4,108,136,2.096774193548387,-0.012425484351713876,0.19374068554396423,-0.28129657228017885
ProGen2-small,progen,causal_decoder,combined_confident,0.05,0.55,1,0.00392156862745098,13,False,1.0,0.44881889763779526,0.5511811023622047,0.4881889763779528,0.6181102362204725,1,0,114,140,3.6812227074235806,-0.00851377952755905,0.5511811023622047,-0.452755905511811
ProGen2-small,progen,causal_decoder,combined_confident,0.05,0.6,1,0.00392156862745098,13,False,1.0,0.44881889763779526,0.5511811023622047,0.4881889763779528,0.610236220472441,1,0,114,140,3.6812227074235806,-0.021062992125984253,0.5511811023622047,-0.452755905511811
ProGen2-small,progen,causal_decoder,combined_confident,0.05,0.65,1,0.00392156862745098,13,False,1.0,0.44881889763779526,0.5511811023622047,0.4881889763779528,0.610236220472441,1,0,114,140,3.6812227074235806,-0.026082677165354333,0.5511811023622047,-0.452755905511811
ProGen2-small,progen,causal_decoder,chemistry_only,0.1,,62,0.24313725490196078,13,True,0.5161290322580645,0.43005181347150256,0.08607721878656194,-0.05791408992144409,0.22548679592177828,32,30,83,110,1.410130558555021,-0.003905858265084403,0.10738759819488547,-0.1057161958883503
ProGen2-small,progen,causal_decoder,pair_only,0.1,,15,0.058823529411764705,13,True,0.9333333333333333,0.42083333333333334,0.5125,0.35416666666666674,0.6291666666666667,14,1,101,139,13.285714285714286,-0.0017500000000000083,0.22916666666666663,-0.19583333333333336
ProGen2-small,progen,causal_decoder,scalar_only,0.1,,148,0.5803921568627451,13,True,0.5675675675675675,0.2897196261682243,0.27784794139934327,0.15734876231371564,0.3999115938368275,84,64,31,76,3.1816168327796235,-0.0025779868653700282,0.10071987875726196,-0.10861328618337956
ProGen2-small,progen,causal_decoder,combined,0.1,,5,0.0196078431372549,13,False,1.0,0.44,0.56,0.496,0.62,5,0,110,140,13.986425339366516,-0.0045700000000000116,0.35600000000000004,-0.256
ProGen2-small,progen,causal_decoder,combined_confident,0.1,0.55,1,0.00392156862745098,13,False,1.0,0.44881889763779526,0.5511811023622047,0.4921259842519685,0.610236220472441,1,0,114,140,3.6812227074235806,-0.026082677165354326,0.5511811023622047,-0.452755905511811
ProGen2-small,progen,causal_decoder,combined_confident,0.1,0.6,1,0.00392156862745098,13,False,1.0,0.44881889763779526,0.5511811023622047,0.4881889763779528,0.610236220472441,1,0,114,140,3.6812227074235806,0.011564960629921262,0.5511811023622047,-0.452755905511811
ProGen2-small,progen,causal_decoder,combined_confident,0.1,0.65,1,0.00392156862745098,13,False,1.0,0.44881889763779526,0.5511811023622047,0.4881889763779528,0.610236220472441,1,0,114,140,3.6812227074235806,0.049212598425196846,0.5511811023622047,-0.452755905511811
ProGen2-small,progen,causal_decoder,chemistry_only,0.15,,62,0.24313725490196078,13,True,0.5161290322580645,0.43005181347150256,0.08607721878656194,-0.05333235834865454,0.22949816145746277,32,30,83,110,1.410130558555021,-0.004385341801771682,0.10738759819488547,-0.12702657529667388
ProGen2-small,progen,causal_decoder,pair_only,0.15,,10,0.0392156862745098,13,False,1.0,0.42857142857142855,0.5714285714285714,0.5102040816326531,0.636734693877551,10,0,105,140,27.966824644549764,-0.010127551020408162,0.2591836734693877,-0.26122448979591834
ProGen2-small,progen,causal_decoder,scalar_only,0.15,,100,0.39215686274509803,13,True,0.61,0.34838709677419355,0.26161290322580644,0.1416048387096774,0.38387096774193546,61,39,54,101,2.899663221460922,0.0018830645161290304,0.0970967741935484,-0.10032258064516125
ProGen2-small,progen,causal_decoder,combined,0.15,,2,0.00784313725490196,13,False,1.0,0.44664031620553357,0.5533596837944664,0.4939723320158103,0.6126482213438735,2,0,113,140,6.18942731277533,0.011610671936758883,0.5533596837944664,-0.45454545454545453
ProGen2-small,progen,causal_decoder,combined_confident,0.15,0.55,1,0.00392156862745098,13,False,1.0,0.44881889763779526,0.5511811023622047,0.4881889763779528,0.610236220472441,1,0,114,140,3.6812227074235806,0.04168307086614172,0.5511811023622047,-0.452755905511811
ProGen2-small,progen,causal_decoder,combined_confident,0.15,0.6,1,0.00392156862745098,13,False,1.0,0.44881889763779526,0.5511811023622047,0.49202755905511814,0.610236220472441,1,0,114,140,3.6812227074235806,0.01909448818897639,0.5511811023622047,-0.452755905511811
ProGen2-small,progen,causal_decoder,combined_confident,0.15,0.65,1,0.00392156862745098,13,False,1.0,0.44881889763779526,0.5511811023622047,0.4921259842519685,0.6141732283464567,1,0,114,140,3.6812227074235806,0.01658464566929134,0.5511811023622047,-0.452755905511811
ProGen2-small,progen,causal_decoder,chemistry_only,0.2,,62,0.24313725490196078,13,True,0.5161290322580645,0.43005181347150256,0.08607721878656194,-0.05340339294668228,0.22555783051980563,32,30,83,110,1.410130558555021,-0.0007093013538358663,0.10738759819488547,-0.12702657529667388
ProGen2-small,progen,causal_decoder,pair_only,0.2,,6,0.023529411764705882,13,False,1.0,0.43775100401606426,0.5622489959839357,0.5020080321285141,0.6224899598393574,6,0,109,140,16.680365296803654,0.0036897590361445855,0.391566265060241,-0.2911646586345381
ProGen2-small,progen,causal_decoder,scalar_only,0.2,,75,0.29411764705882354,13,True,0.7066666666666667,0.34444444444444444,0.3622222222222222,0.2377777777777778,0.48777777777777775,53,22,62,118,4.508266666666667,-0.0011055555555555543,0.11666666666666664,-0.10999999999999999
ProGen2-small,progen,causal_decoder,combined,0.2,,2,0.00784313725490196,13,False,1.0,0.44664031620553357,0.5533596837944664,0.4861660079051383,0.616600790513834,2,0,113,140,6.18942731277533,-0.014846837944664041,0.5533596837944664,-0.45454545454545453
ProGen2-small,progen,causal_decoder,combined_confident,0.2,0.55,1,0.00392156862745098,13,False,1.0,0.44881889763779526,0.5511811023622047,0.4921259842519685,0.6141732283464567,1,0,114,140,3.6812227074235806,-0.01604330708661417,0.5511811023622047,-0.452755905511811
ProGen2-small,progen,causal_decoder,combined_confident,0.2,0.6,1,0.00392156862745098,13,False,1.0,0.44881889763779526,0.5511811023622047,0.4921259842519685,0.610236220472441,1,0,114,140,3.6812227074235806,-0.008513779527559051,0.5511811023622047,-0.452755905511811
ProGen2-small,progen,causal_decoder,combined_confident,0.2,0.65,1,0.00392156862745098,13,False,1.0,0.44881889763779526,0.5511811023622047,0.49202755905511814,0.6141732283464567,1,0,114,140,3.6812227074235806,0.029133858267716528,0.5511811023622047,-0.452755905511811
ProGen2-small,progen,causal_decoder,chemistry_only,0.25,,62,0.24313725490196078,13,True,0.5161290322580645,0.43005181347150256,0.08607721878656194,-0.05915510613404643,0.22951278622764487,32,30,83,110,1.410130558555021,-0.0030001671402306506,0.10738759819488547,-0.12702657529667388
ProGen2-small,progen,causal_decoder,pair_only,0.25,,3,0.011764705882352941,13,False,1.0,0.4444444444444444,0.5555555555555556,0.4920634920634921,0.6190476190476191,3,0,112,140,8.742222222222223,0.0015376984126983806,0.5555555555555556,-0.45634920634920634
ProGen2-small,progen,causal_decoder,scalar_only,0.25,,61,0.23921568627450981,13,True,0.7540983606557377,0.3556701030927835,0.39842825756295414,0.2691165286462734,0.5226085854318063,46,15,69,125,5.41726618705036,0.002159033293898931,0.11830319418624308,-0.11872570559405105
ProGen2-small,progen,causal_decoder,combined,0.25,,1,0.00392156862745098,13,False,1.0,0.44881889763779526,0.5511811023622047,0.4921259842519685,0.6141732283464567,1,0,114,140,3.6812227074235806,0.014074803149606305,0.5511811023622047,-0.452755905511811
ProGen2-small,progen,causal_decoder,combined_confident,0.25,0.55,0,0.0,13,False,,,,,,0,0,115,140,1.2164502164502164,,,
ProGen2-small,progen,causal_decoder,combined_confident,0.25,0.6,0,0.0,13,False,,,,,,0,0,115,140,1.2164502164502164,,,
ProGen2-small,progen,causal_decoder,combined_confident,0.25,0.65,0,0.0,13,False,,,,,,0,0,115,140,1.2164502164502164,,,
ProGen2-base,progen,causal_decoder,chemistry_only,0.05,,62,0.24313725490196078,13,True,0.5161290322580645,0.43005181347150256,0.08607721878656194,-0.06368042787899048,0.23065351830185526,32,30,83,110,1.410130558555021,0.0009422530503092119,0.10738759819488547,-0.12702657529667388
ProGen2-base,progen,causal_decoder,pair_only,0.05,,60,0.23529411764705882,13,True,0.65,0.38974358974358975,0.2602564102564103,0.11538461538461536,0.4012820512820513,39,21,76,119,2.869889040887673,-0.0007371794871794827,0.1076923076923077,-0.13205128205128208
ProGen2-base,progen,causal_decoder,scalar_only,0.05,,246,0.9647058823529412,13,True,0.46747967479674796,0.0,0.46747967479674796,0.4024390243902439,0.5284552845528455,115,131,0,9,16.688212927756656,-0.008485772357723567,0.23712737127371275,-0.22933604336043323
ProGen2-base,progen,causal_decoder,combined,0.05,,18,0.07058823529411765,13,True,0.7222222222222222,0.43037974683544306,0.29184247538677915,0.0787623066104079,0.4922644163150492,13,5,102,135,3.244789356984479,-0.00688291139240505,0.17229254571026725,-0.18635724331926862
ProGen2-base,progen,causal_decoder,combined_confident,0.05,0.55,3,0.011764705882352941,13,False,1.0,0.4444444444444444,0.5555555555555556,0.4920634920634921,0.6150793650793651,3,0,112,140,8.742222222222223,0.005753968253968226,0.5555555555555556,-0.45634920634920634
ProGen2-base,progen,causal_decoder,combined_confident,0.05,0.6,3,0.011764705882352941,13,False,1.0,0.4444444444444444,0.5555555555555556,0.49603174603174605,0.6190476190476191,3,0,112,140,8.742222222222223,-0.011111111111111138,0.5555555555555556,-0.45634920634920634
ProGen2-base,progen,causal_decoder,combined_confident,0.05,0.65,3,0.011764705882352941,13,False,1.0,0.4444444444444444,0.5555555555555556,0.4920634920634921,0.6190476190476191,3,0,112,140,8.742222222222223,0.012499999999999971,0.5555555555555556,-0.45634920634920634
ProGen2-base,progen,causal_decoder,chemistry_only,0.1,,62,0.24313725490196078,13,True,0.5161290322580645,0.43005181347150256,0.08607721878656194,-0.05857011532675913,0.22948353668728066,32,30,83,110,1.410130558555021,-0.0023608557579809447,0.10738759819488547,-0.1057161958883503
ProGen2-base,progen,causal_decoder,pair_only,0.1,,25,0.09803921568627451,13,True,0.56,0.4391304347826087,0.12086956521739134,-0.0879130434782609,0.3165217391304348,14,11,101,129,1.608695652173913,-0.0014195652173912981,0.16521739130434782,-0.18956521739130433
ProGen2-base,progen,causal_decoder,scalar_only,0.1,,227,0.8901960784313725,13,True,0.4933920704845815,0.10714285714285714,0.38624921334172435,0.2522026431718062,0.5149465072372561,112,115,3,25,7.096474953617811,-0.0037130270610446813,0.14553178099433606,-0.17542479546884826
ProGen2-base,progen,causal_decoder,combined,0.1,,9,0.03529411764705882,13,False,0.7777777777777778,0.43902439024390244,0.33875338753387535,0.03794037940379402,0.5814024390243897,7,2,108,138,3.8294930875576036,0.002151084010840099,0.22357723577235766,-0.23712737127371275
ProGen2-base,progen,causal_decoder,combined_confident,0.1,0.55,2,0.00784313725490196,13,False,1.0,0.44664031620553357,0.5533596837944664,0.49011857707509876,0.616600790513834,2,0,113,140,6.18942731277533,0.0015316205533596806,0.5533596837944664,-0.45454545454545453
ProGen2-base,progen,causal_decoder,combined_confident,0.1,0.6,2,0.00784313725490196,13,False,1.0,0.44664031620553357,0.5533596837944664,0.4940711462450593,0.6126482213438735,2,0,113,140,6.18942731277533,0.027989130434782593,0.5533596837944664,-0.45454545454545453
ProGen2-base,progen,causal_decoder,combined_confident,0.1,0.65,2,0.00784313725490196,13,False,1.0,0.44664031620553357,0.5533596837944664,0.4940711462450593,0.616600790513834,2,0,113,140,6.18942731277533,-0.0009881422924901257,0.5533596837944664,-0.45454545454545453
ProGen2-base,progen,causal_decoder,chemistry_only,0.15,,62,0.24313725490196078,13,True,0.5161290322580645,0.43005181347150256,0.08607721878656194,-0.05849908072873139,0.22948353668728066,32,30,83,110,1.410130558555021,0.007548470666889525,0.12869797760320906,-0.1057161958883503
ProGen2-base,progen,causal_decoder,pair_only,0.15,,10,0.0392156862745098,13,False,0.7,0.44081632653061226,0.2591836734693877,-0.049081632653061195,0.5347959183673463,7,3,108,137,2.71560236998025,0.009647959183673473,0.2591836734693877,-0.26122448979591834
ProGen2-base,progen,causal_decoder,scalar_only,0.15,,186,0.7294117647058823,13,True,0.532258064516129,0.2318840579710145,0.3003740065451145,0.1757830762038336,0.42660121552127167,99,87,16,53,3.687099567099567,0.0050198690977092016,0.12155212716222535,-0.11687704534829363
ProGen2-base,progen,causal_decoder,combined,0.15,,3,0.011764705882352941,13,False,1.0,0.4444444444444444,0.5555555555555556,0.49603174603174605,0.6150793650793651,3,0,112,140,8.742222222222223,0.017559523809523782,0.5555555555555556,-0.45634920634920634
ProGen2-base,progen,causal_decoder,combined_confident,0.15,0.55,1,0.00392156862745098,13,False,1.0,0.44881889763779526,0.5511811023622047,0.4881889763779528,0.610236220472441,1,0,114,140,3.6812227074235806,0.011564960629921262,0.5511811023622047,-0.452755905511811
ProGen2-base,progen,causal_decoder,combined_confident,0.15,0.6,1,0.00392156862745098,13,False,1.0,0.44881889763779526,0.5511811023622047,0.4921259842519685,0.610236220472441,1,0,114,140,3.6812227074235806,-0.026082677165354326,0.5511811023622047,-0.452755905511811
ProGen2-base,progen,causal_decoder,combined_confident,0.15,0.65,1,0.00392156862745098,13,False,1.0,0.44881889763779526,0.5511811023622047,0.4921259842519685,0.610236220472441,1,0,114,140,3.6812227074235806,-0.006003937007874014,0.5511811023622047,-0.452755905511811
ProGen2-base,progen,causal_decoder,chemistry_only,0.2,,62,0.24313725490196078,13,True,0.5161290322580645,0.43005181347150256,0.08607721878656194,-0.05617374226976437,0.22256184188534178,32,30,83,110,1.410130558555021,-0.0021477519638977063,0.10738759819488547,-0.1057161958883503
ProGen2-base,progen,causal_decoder,pair_only,0.2,,5,0.0196078431372549,13,False,0.6,0.448,0.15199999999999997,-0.27609999999999996,0.5680000000000001,3,2,112,138,1.7235555555555555,0.011239999999999988,0.35600000000000004,-0.256
ProGen2-base,progen,causal_decoder,scalar_only,0.2,,142,0.5568627450980392,13,True,0.5915492957746479,0.2743362831858407,0.3172130125888072,0.20092234824878474,0.43188333541069424,84,58,31,82,3.7830687830687832,-0.004874267730275464,0.09472765798329802,-0.11186588557896049
ProGen2-base,progen,causal_decoder,combined,0.2,,1,0.00392156862745098,13,False,1.0,0.44881889763779526,0.5511811023622047,0.4881889763779528,0.6141732283464567,1,0,114,140,3.6812227074235806,0.01658464566929134,0.5511811023622047,-0.452755905511811
ProGen2-base,progen,causal_decoder,combined_confident,0.2,0.55,0,0.0,13,False,,,,,,0,0,115,140,1.2164502164502164,,,
ProGen2-base,progen,causal_decoder,combined_confident,0.2,0.6,0,0.0,13,False,,,,,,0,0,115,140,1.2164502164502164,,,
ProGen2-base,progen,causal_decoder,combined_confident,0.2,0.65,0,0.0,13,False,,,,,,0,0,115,140,1.2164502164502164,,,
ProGen2-base,progen,causal_decoder,chemistry_only,0.25,,62,0.24313725490196078,13,True,0.5161290322580645,0.43005181347150256,0.08607721878656194,-0.060784723382918286,0.2340945178004345,32,30,83,110,1.410130558555021,0.002540531505933481,0.12869797760320906,-0.12702657529667388
ProGen2-base,progen,causal_decoder,pair_only,0.25,,2,0.00784313725490196,13,False,0.5,0.4505928853754941,0.04940711462450592,-0.4902173913043478,0.5849802371541502,1,1,114,139,1.2183406113537119,-0.027445652173913048,0.5533596837944664,-0.45454545454545453
ProGen2-base,progen,causal_decoder,scalar_only,0.25,,116,0.4549019607843137,13,True,0.6120689655172413,0.31654676258992803,0.2955222029273133,0.17904831307367894,0.4148830935251796,71,45,44,95,3.3723916532905296,-0.001759023815430419,0.10574299181344576,-0.11566608781939963
ProGen2-base,progen,causal_decoder,combined,0.25,,0,0.0,13,False,,,,,,0,0,115,140,1.2164502164502164,,,
ProGen2-base,progen,causal_decoder,combined_confident,0.25,0.55,0,0.0,13,False,,,,,,0,0,115,140,1.2164502164502164,,,
ProGen2-base,progen,causal_decoder,combined_confident,0.25,0.6,0,0.0,13,False,,,,,,0,0,115,140,1.2164502164502164,,,
ProGen2-base,progen,causal_decoder,combined_confident,0.25,0.65,0,0.0,13,False,,,,,,0,0,115,140,1.2164502164502164,,,
